,age,workclass,education,marital-status,race,sex,hours-per-week,income
0,39.0,Public,13,Single,White,Male,40,<=50K
1,50.0,Self-emp,13,Married,White,Male,13,<=50K
2,38.0,Private,9,Single,White,Male,40,<=50K
3,53.0,Private,7,Married,Black,Male,40,<=50K
4,28.0,Private,13,Married,Black,Female,40,<=50K
5,37.0,Private,14,Married,White,Female,40,<=50K
6,49.0,Private,5,Married,Black,Female,16,<=50K
7,52.0,Self-emp,9,Married,White,Male,45,>50K
8,31.0,Private,14,Single,White,Female,50,>50K
9,42.0,Private,13,Married,White,Male,40,>50K
10,37.0,Private,10,Married,Black,Male,80,>50K
11,30.0,Public,13,Married,Asian,Male,40,>50K
12,23.0,Private,13,Single,White,Female,30,<=50K
13,32.0,Private,12,Single,Black,Male,50,<=50K
14,40.0,Private,11,Married,Asian,Male,40,>50K
15,34.0,Private,4,Married,Amer-Indian,Male,45,<=50K
16,25.0,Self-emp,9,Single,White,Male,35,<=50K
17,32.0,Private,9,Single,White,Male,40,<=50K
18,38.0,Private,7,Married,White,Male,50,<=50K
20,40.0,Private,16,Married,White,Male,60,>50K
21,54.0,Private,9,Single,Black,Female,20,<=50K
22,35.0,Public,5,Married,Black,Male,40,<=50K
23,43.0,Private,7,Married,White,Male,40,<=50K
24,59.0,Private,9,Single,White,Female,40,<=50K
25,56.0,Public,13,Married,White,Male,40,>50K
26,19.0,Private,9,Single,White,Male,40,<=50K
28,39.0,Private,9,Single,White,Male,80,<=50K
29,49.0,Private,9,Married,White,Male,40,<=50K
30,23.0,Public,12,Single,White,Male,52,<=50K
31,20.0,Private,10,Single,Black,Male,44,<=50K
32,45.0,Private,13,Single,White,Male,40,<=50K
33,30.0,Public,10,Married,White,Male,40,<=50K
34,22.0,Public,10,Married,Black,Male,15,<=50K
35,48.0,Private,7,Single,White,Male,40,<=50K
36,21.0,Private,10,Single,White,Male,40,<=50K
37,19.0,Private,9,Married,White,Female,25,<=50K
38,31.0,Private,10,Married,White,Male,38,>50K
39,48.0,Self-emp,12,Married,White,Male,40,<=50K
41,53.0,Self-emp,13,Married,White,Male,40,<=50K
42,24.0,Private,13,Married,White,Male,50,<=50K
43,49.0,Private,9,Single,White,Female,40,<=50K
44,25.0,Private,9,Single,White,Male,35,<=50K
45,57.0,Public,13,Married,Black,Male,40,>50K
46,53.0,Private,9,Married,White,Male,38,<=50K
47,44.0,Private,14,Single,White,Female,40,<=50K
48,41.0,Public,11,Married,White,Male,40,<=50K
49,29.0,Private,11,Single,White,Male,43,<=50K
50,25.0,Private,10,Married,Hispanic,Female,40,<=50K
51,18.0,Private,9,Single,White,Female,30,<=50K
52,47.0,Private,15,Married,White,Female,60,>50K
53,50.0,Public,13,Single,White,Male,55,>50K
54,47.0,Self-emp,9,Single,White,Male,60,<=50K
55,43.0,Private,10,Married,White,Male,40,>50K
56,46.0,Private,3,Married,White,Male,40,<=50K
57,35.0,Private,11,Married,White,Male,40,<=50K
58,41.0,Private,9,Married,White,Male,48,<=50K
59,30.0,Private,9,Married,White,Male,40,<=50K
60,30.0,Private,13,Married,White,Male,40,<=50K
61,32.0,Unknown,4,Married,White,Male,40,<=50K
62,48.0,Private,9,Married,White,Male,40,<=50K
63,42.0,Private,16,Married,White,Male,45,>50K
64,29.0,Private,10,Single,White,Male,58,<=50K
66,28.0,Private,10,Single,White,Female,40,<=50K
67,53.0,Private,9,Married,White,Female,40,>50K
68,49.0,Self-emp,10,Married,White,Male,50,>50K
69,25.0,Unknown,10,Single,White,Male,40,<=50K
70,19.0,Private,10,Single,White,Male,32,<=50K
71,31.0,Private,13,Single,Black,Female,40,<=50K
72,29.0,Self-emp,13,Married,White,Male,70,>50K
73,23.0,Private,10,Single,White,Male,40,<=50K
74,79.0,Private,10,Married,White,Male,20,<=50K
75,27.0,Private,9,Single,White,Male,40,<=50K
76,40.0,Private,12,Married,White,Male,40,<=50K
77,67.0,Unknown,6,Married,White,Male,2,<=50K
78,18.0,Private,7,Single,White,Female,22,<=50K
79,31.0,Public,4,Married,White,Male,40,<=50K
81,52.0,Private,13,Married,White,Male,40,<=50K
82,46.0,Private,9,Married,White,Female,40,<=50K
83,59.0,Private,9,Married,White,Male,48,<=50K
84,44.0,Private,9,Single,White,Female,40,>50K
85,53.0,Private,9,Single,White,Female,35,<=50K
86,49.0,Public,9,Married,White,Male,40,>50K
87,33.0,Private,14,Married,White,Male,50,<=50K
88,30.0,Private,5,Single,White,Male,40,<=50K
90,57.0,Private,11,Married,White,Male,40,<=50K
91,37.0,Private,10,Single,White,Female,40,<=50K
92,28.0,Private,10,Single,Black,Female,25,<=50K
93,30.0,Private,9,Married,Asian,Female,35,<=50K
94,34.0,Public,13,Married,White,Male,40,>50K
96,48.0,Self-emp,16,Married,White,Male,60,>50K
97,37.0,Private,10,Married,White,Male,48,>50K
98,48.0,Private,12,Single,White,Female,40,<=50K
99,32.0,Public,9,Single,Black,Male,40,<=50K
100,76.0,Private,14,Married,White,Male,40,>50K
101,44.0,Private,13,Married,White,Male,60,>50K
102,47.0,Self-emp,14,Single,White,Female,50,<=50K
103,20.0,Private,10,Single,White,Female,40,<=50K
104,29.0,Private,9,Single,White,Male,40,<=50K
105,32.0,Self-emp,9,Married,White,Male,40,>50K
106,17.0,Unknown,6,Single,White,Female,32,<=50K
107,30.0,Private,7,Single,White,Male,40,<=50K
108,31.0,Public,9,Single,White,Female,40,<=50K
109,42.0,Private,9,Married,White,Male,40,<=50K
110,24.0,Private,13,Single,White,Male,40,<=50K
111,38.0,Private,15,Married,White,Male,40,>50K
112,56.0,Self-emp,9,Married,White,Male,50,>50K
114,36.0,Private,9,Single,White,Female,40,<=50K
115,53.0,Private,5,Married,White,Male,50,<=50K
116,56.0,Self-emp,10,Married,White,Male,50,<=50K
117,49.0,Public,11,Married,Black,Male,40,>50K
118,55.0,Private,10,Married,White,Male,56,<=50K
119,22.0,Private,9,Single,White,Male,41,<=50K
120,21.0,Private,10,Single,White,Female,40,<=50K
121,40.0,Private,13,Married,White,Male,60,<=50K
122,30.0,Private,13,Single,Black,Male,40,<=50K
123,29.0,Public,13,Married,White,Male,50,>50K
124,19.0,Private,10,Single,Black,Male,35,<=50K
125,47.0,Private,13,Married,White,Female,40,>50K
126,20.0,Private,10,Single,White,Female,28,<=50K
127,31.0,Private,12,Married,White,Male,40,>50K
128,35.0,Unknown,9,Married,White,Male,40,<=50K
129,39.0,Private,10,Single,White,Male,40,<=50K
130,28.0,Private,12,Single,White,Female,60,<=50K
131,24.0,Private,9,Single,White,Female,40,<=50K
133,37.0,Private,13,Married,White,Male,50,<=50K
134,46.0,Private,12,Single,Black,Female,36,<=50K
135,38.0,Public,14,Married,White,Male,40,>50K
136,43.0,Self-emp,9,Married,White,Male,60,<=50K
137,27.0,Private,11,Married,White,Female,35,<=50K
138,20.0,Private,10,Single,White,Male,20,<=50K
139,49.0,Private,10,Married,Asian,Male,40,>50K
140,61.0,Self-emp,9,Married,White,Male,40,<=50K
141,27.0,Private,10,Single,White,Female,40,<=50K
142,19.0,Private,10,Single,White,Male,30,<=50K
143,45.0,Private,11,Single,White,Female,40,>50K
144,70.0,Private,10,Single,White,Male,40,<=50K
145,31.0,Private,9,Single,Black,Female,30,<=50K
146,22.0,Private,10,Married,White,Male,24,<=50K
148,64.0,Private,7,Married,White,Male,40,<=50K
149,43.0,Unknown,10,Single,White,Female,40,<=50K
150,47.0,Public,10,Single,White,Female,38,<=50K
151,34.0,Private,9,Single,White,Female,40,<=50K
152,33.0,Private,13,Single,Asian,Female,40,<=50K
153,21.0,Private,9,Single,White,Male,35,<=50K
154,52.0,Unknown,9,Single,White,Male,45,>50K
155,48.0,Private,9,Married,White,Male,46,<=50K
156,23.0,Private,13,Single,White,Male,40,<=50K
157,71.0,Self-emp,10,Single,Black,Male,2,<=50K
158,29.0,Private,9,Single,White,Male,60,<=50K
160,68.0,Unknown,2,Single,White,Female,20,<=50K
161,25.0,Private,9,Single,White,Female,40,<=50K
162,44.0,Self-emp,14,Single,Asian,Female,40,<=50K
163,28.0,Private,9,Single,Asian,Female,40,<=50K
164,45.0,Self-emp,14,Married,White,Male,40,>50K
165,36.0,Private,10,Single,White,Female,40,<=50K
166,39.0,Public,12,Single,White,Male,42,<=50K
167,46.0,Public,14,Married,White,Male,40,<=50K
168,18.0,Private,7,Single,White,Male,16,<=50K
169,66.0,Public,11,Married,White,Female,20,<=50K
170,27.0,Private,9,Single,White,Male,40,<=50K
171,28.0,Public,9,Married,White,Male,40,<=50K
172,51.0,Private,10,Married,White,Male,40,>50K
173,27.0,Private,13,Single,White,Male,50,<=50K
174,28.0,Public,13,Married,White,Male,40,>50K
175,27.0,Private,9,Married,White,Female,25,<=50K
176,21.0,Private,9,Single,Black,Male,40,<=50K
177,34.0,Private,9,Single,Black,Male,40,<=50K
178,18.0,Private,9,Single,White,Male,12,<=50K
179,33.0,Private,13,Married,White,Male,65,<=50K
181,43.0,Private,10,Single,White,Female,40,<=50K
182,30.0,Private,10,Single,Black,Male,45,<=50K
183,40.0,Private,4,Married,White,Male,40,>50K
184,37.0,Public,10,Married,White,Male,42,>50K
185,34.0,Private,9,Married,Black,Male,40,<=50K
186,41.0,Self-emp,13,Single,White,Female,40,<=50K
187,53.0,Unknown,13,Single,White,Female,50,<=50K
188,31.0,Private,14,Married,White,Female,50,<=50K
189,58.0,Public,16,Married,White,Male,1,>50K
190,38.0,Private,10,Single,Black,Female,28,<=50K
191,24.0,Private,10,Married,White,Male,40,<=50K
193,47.0,Private,10,Married,White,Male,45,<=50K
194,41.0,Public,13,Married,White,Male,24,<=50K
195,23.0,Private,3,Married,White,Male,40,<=50K
196,36.0,Private,10,Single,White,Male,40,<=50K
197,40.0,Public,14,Single,White,Female,55,>50K
198,35.0,Private,14,Married,White,Male,40,>50K
199,24.0,Self-emp,9,Single,White,Male,40,<=50K
200,26.0,Private,14,Single,White,Female,40,<=50K
201,19.0,Unknown,9,Single,White,Male,40,<=50K
202,51.0,Private,13,Married,White,Male,50,>50K
203,42.0,Public,10,Single,White,Female,40,<=50K
204,37.0,Public,9,Single,White,Female,35,<=50K
205,18.0,Private,7,Single,White,Female,40,<=50K
206,36.0,Private,13,Married,Black,Male,36,>50K
207,35.0,Private,9,Single,White,Male,60,<=50K
208,58.0,Self-emp,9,Married,White,Female,35,>50K
209,17.0,Private,7,Single,White,Female,12,<=50K
211,37.0,Private,9,Married,White,Male,40,>50K
212,35.0,Private,10,Single,Amer-Indian,Female,40,<=50K
213,60.0,Private,9,Married,Asian,Male,40,<=50K
214,54.0,Self-emp,4,Married,White,Male,40,>50K
215,37.0,Private,13,Single,Black,Male,60,>50K
216,50.0,Private,12,Single,White,Female,40,<=50K
217,38.0,Private,13,Married,White,Male,50,<=50K
218,45.0,Private,13,Married,White,Male,55,<=50K
219,25.0,Private,6,Single,White,Male,40,<=50K
220,31.0,Private,10,Married,White,Male,40,<=50K
221,64.0,Unknown,2,Single,White,Male,40,<=50K
222,90.0,Private,9,Single,Black,Male,40,<=50K
223,54.0,Private,9,Married,Black,Male,20,<=50K
224,53.0,Public,1,Single,White,Female,35,<=50K
225,18.0,Private,9,Single,White,Female,40,<=50K
226,60.0,Unknown,6,Single,Amer-Indian,Female,10,<=50K
227,66.0,Self-emp,9,Married,White,Male,50,<=50K
228,75.0,Private,11,Married,White,Female,20,<=50K
229,65.0,Private,9,Single,White,Female,40,<=50K
230,35.0,Private,7,Single,Black,Male,40,<=50K
231,41.0,Private,9,Single,Black,Female,38,<=50K
232,25.0,Private,10,Single,White,Male,42,<=50K
233,33.0,Private,10,Single,Hispanic,Female,40,<=50K
235,59.0,Public,9,Married,White,Male,40,<=50K
236,40.0,Public,10,Single,White,Female,38,<=50K
237,41.0,Private,13,Married,White,Male,50,>50K
238,38.0,Public,14,Married,White,Male,70,>50K
239,23.0,Private,9,Single,White,Male,40,<=50K
240,40.0,Private,13,Married,White,Male,40,>50K
241,41.0,Self-emp,9,Married,White,Female,20,<=50K
242,24.0,Public,12,Married,White,Male,50,<=50K
243,20.0,Unknown,10,Single,White,Male,20,<=50K
244,38.0,Private,10,Single,White,Male,40,<=50K
245,56.0,Private,9,Married,White,Male,35,<=50K
246,58.0,Private,9,Married,White,Male,45,>50K
247,32.0,Private,9,Single,White,Female,34,<=50K
248,40.0,Private,12,Married,White,Male,60,>50K
249,45.0,Private,9,Married,White,Male,40,<=50K
250,41.0,Private,15,Married,White,Female,40,>50K
251,42.0,Private,13,Married,Black,Female,40,<=50K
252,59.0,Public,6,Married,Black,Female,30,<=50K
253,19.0,Public,10,Single,White,Male,40,<=50K
254,58.0,Private,10,Single,White,Male,20,<=50K
256,20.0,Private,9,Single,White,Female,40,<=50K
257,32.0,Private,9,Single,White,Female,30,<=50K
258,45.0,Private,11,Married,White,Female,45,<=50K
259,50.0,Private,4,Single,White,Male,40,<=50K
260,36.0,Private,13,Single,White,Female,40,<=50K
261,45.0,Private,9,Married,White,Male,60,<=50K
262,17.0,Private,7,Single,White,Male,12,<=50K
263,59.0,Private,10,Married,White,Male,40,<=50K
264,26.0,Private,7,Married,White,Male,40,<=50K
265,37.0,Self-emp,10,Married,Asian,Male,75,>50K
266,19.0,Unknown,10,Single,White,Male,24,<=50K
267,64.0,Private,9,Married,White,Male,40,>50K
268,33.0,Private,13,Single,White,Female,45,<=50K
269,33.0,Private,9,Married,White,Female,40,>50K
270,61.0,Private,9,Married,White,Male,40,>50K
271,17.0,Private,5,Single,White,Male,24,<=50K
272,50.0,Self-emp,14,Married,White,Male,98,<=50K
274,30.0,Private,9,Single,White,Female,40,<=50K
275,43.0,Private,9,Married,Black,Male,40,<=50K
276,44.0,Private,10,Married,White,Male,40,>50K
277,35.0,Private,10,Single,White,Female,40,<=50K
278,25.0,Private,10,Single,White,Female,40,<=50K
279,24.0,Private,10,Married,White,Female,48,>50K
280,22.0,Private,13,Single,White,Female,15,<=50K
281,42.0,Public,10,Married,White,Male,40,>50K
282,34.0,Private,12,Single,Black,Female,45,<=50K
283,60.0,Private,13,Single,White,Female,42,<=50K
284,21.0,Private,9,Single,White,Male,40,<=50K
285,57.0,Public,14,Married,White,Male,40,>50K
286,41.0,Private,15,Married,White,Male,60,>50K
287,50.0,Private,10,Single,White,Male,45,<=50K
288,25.0,Private,13,Single,White,Female,40,<=50K
289,50.0,Private,4,Married,White,Male,40,<=50K
290,36.0,Private,13,Married,White,Male,45,<=50K
291,31.0,Private,9,Single,White,Female,40,<=50K
292,29.0,Public,13,Single,White,Male,56,<=50K
293,21.0,Private,10,Single,White,Male,45,<=50K
295,65.0,Private,9,Married,White,Male,16,<=50K
296,37.0,Self-emp,13,Single,White,Female,60,<=50K
297,39.0,Unknown,14,Married,Asian,Female,40,<=50K
298,24.0,Private,9,Single,White,Male,40,<=50K
299,38.0,Private,9,Single,White,Male,80,<=50K
302,31.0,Private,9,Married,White,Male,45,>50K
303,55.0,Private,9,Married,White,Male,40,>50K
304,24.0,Private,10,Married,Asian,Female,40,<=50K
305,43.0,Private,9,Single,White,Female,40,<=50K
306,26.0,Private,12,Single,White,Male,45,<=50K
307,46.0,Private,12,Single,White,Female,33,<=50K
308,35.0,Private,12,Married,White,Male,40,>50K
309,41.0,Self-emp,10,Married,White,Male,54,>50K
310,26.0,Private,13,Single,White,Male,40,<=50K
311,34.0,Private,14,Married,Asian,Male,35,>50K
312,19.0,Unknown,10,Single,Black,Female,25,<=50K
313,36.0,Self-emp,13,Single,Black,Female,40,>50K
314,22.0,Private,10,Single,White,Male,15,<=50K
315,24.0,Private,10,Single,White,Male,40,<=50K
316,77.0,Self-emp,10,Married,White,Male,40,<=50K
317,22.0,Private,3,Married,White,Female,40,<=50K
318,29.0,Private,10,Single,White,Female,40,<=50K
320,39.0,Self-emp,9,Married,White,Male,40,<=50K
321,43.0,Private,10,Married,White,Male,50,<=50K
322,35.0,Private,9,Single,White,Male,45,<=50K
323,29.0,Private,7,Single,White,Female,40,<=50K
324,76.0,Self-emp,14,Married,White,Male,10,<=50K
325,63.0,Self-emp,9,Married,White,Male,45,<=50K
326,23.0,Unknown,11,Single,Black,Female,15,<=50K
327,43.0,Private,10,Married,White,Female,50,>50K
328,58.0,Self-emp,9,Married,White,Male,40,<=50K
329,66.0,Private,9,Single,White,Male,55,<=50K
330,41.0,Private,10,Single,Black,Male,45,<=50K
331,26.0,Private,13,Single,White,Male,40,<=50K
332,47.0,Private,11,Single,White,Male,40,<=50K
333,55.0,Public,6,Married,White,Male,40,<=50K
334,53.0,Private,9,Married,White,Male,40,<=50K
335,17.0,Private,3,Single,White,Male,48,<=50K
336,30.0,Private,9,Single,White,Male,40,<=50K
337,49.0,Private,14,Single,White,Male,60,<=50K
338,19.0,Private,9,Single,Black,Male,30,<=50K
339,45.0,Private,9,Married,Black,Male,40,<=50K
340,26.0,Private,12,Single,White,Male,40,<=50K
341,38.0,Private,11,Married,White,Male,40,>50K
342,36.0,Public,9,Married,White,Male,40,>50K
343,33.0,Private,9,Single,White,Male,20,<=50K
344,22.0,Public,10,Single,Black,Female,40,<=50K
345,43.0,Self-emp,13,Single,White,Male,42,<=50K
346,67.0,Unknown,7,Married,White,Male,8,<=50K
347,30.0,Unknown,11,Single,White,Female,40,<=50K
348,56.0,Private,12,Married,White,Male,25,<=50K
349,31.0,Private,13,Single,White,Male,25,<=50K
350,33.0,Private,13,Married,White,Male,40,>50K
351,26.0,Private,9,Married,White,Male,40,<=50K
352,33.0,Private,13,Married,White,Male,40,>50K
353,46.0,Public,7,Married,White,Male,30,<=50K
354,59.0,Unknown,13,Married,White,Male,40,>50K
355,38.0,Public,9,Married,White,Male,40,>50K
356,65.0,Private,7,Married,Hispanic,Male,40,<=50K
357,40.0,Private,11,Married,White,Male,40,>50K
358,42.0,Private,9,Married,White,Female,35,<=50K
359,26.0,Self-emp,5,Married,White,Male,40,<=50K
360,36.0,Private,6,Married,White,Female,24,<=50K
361,62.0,Private,14,Married,White,Male,40,>50K
362,43.0,Private,13,Married,White,Male,45,<=50K
363,43.0,Private,13,Single,White,Male,45,>50K
364,22.0,Private,9,Married,White,Male,55,<=50K
365,28.0,Private,9,Married,White,Male,40,<=50K
366,56.0,Self-emp,10,Married,White,Male,45,<=50K
367,22.0,Private,12,Single,White,Female,15,<=50K
368,57.0,Private,13,Single,White,Female,45,>50K
369,39.0,Private,9,Single,White,Female,40,<=50K
370,26.0,Public,10,Single,White,Female,15,<=50K
371,17.0,Private,7,Single,White,Male,10,<=50K
372,40.0,Public,11,Married,White,Male,38,>50K
373,45.0,Private,9,Married,Black,Male,40,<=50K
374,44.0,Private,9,Single,Black,Male,40,<=50K
375,20.0,Public,10,Single,White,Female,10,<=50K
376,33.0,Private,9,Married,White,Female,40,<=50K
377,23.0,Private,10,Single,White,Male,40,<=50K
378,46.0,Self-emp,14,Single,White,Male,30,<=50K
379,38.0,Private,9,Married,White,Male,50,<=50K
380,54.0,Private,9,Single,White,Male,40,<=50K
381,46.0,Private,3,Single,White,Female,45,<=50K
382,25.0,Private,10,Married,White,Male,40,<=50K
383,46.0,Private,10,Single,White,Female,40,<=50K
384,36.0,Public,10,Married,White,Female,40,<=50K
385,23.0,Private,9,Single,White,Female,25,<=50K
386,29.0,Private,9,Single,White,Male,40,<=50K
387,44.0,Private,10,Married,White,Female,6,>50K
388,19.0,Private,10,Single,White,Female,16,<=50K
389,19.0,Private,9,Single,White,Female,40,<=50K
390,35.0,Private,9,Married,White,Female,40,>50K
391,27.0,Private,13,Single,White,Male,50,<=50K
392,46.0,Self-emp,12,Single,White,Male,40,<=50K
393,34.0,Public,13,Married,White,Male,45,>50K
394,34.0,Private,9,Single,White,Female,35,<=50K
395,44.0,Private,10,Married,White,Male,40,<=50K
396,45.0,Private,10,Single,White,Female,40,<=50K
397,20.0,Unknown,9,Single,White,Female,35,<=50K
398,25.0,Private,13,Married,White,Male,55,>50K
399,52.0,Self-emp,13,Married,White,Male,50,>50K
400,20.0,Private,10,Single,White,Male,40,<=50K
401,28.0,Private,10,Single,White,Female,40,<=50K
402,50.0,Public,13,Married,White,Male,40,>50K
403,34.0,Private,11,Single,White,Female,64,<=50K
404,28.0,Private,4,Married,Hispanic,Male,40,<=50K
405,41.0,Private,14,Married,White,Male,65,>50K
406,28.0,Private,9,Married,White,Male,40,<=50K
407,46.0,Self-emp,9,Married,White,Male,25,<=50K
408,28.0,Unknown,10,Married,White,Female,40,>50K
409,32.0,Private,10,Married,White,Male,50,<=50K
410,41.0,Public,10,Single,Black,Female,24,<=50K
411,24.0,Private,9,Single,Black,Female,40,<=50K
412,33.0,Private,10,Single,White,Female,40,<=50K
413,46.0,Private,16,Married,White,Male,60,>50K
414,31.0,Public,10,Married,White,Male,40,<=50K
415,35.0,Private,8,Single,White,Male,50,>50K
416,52.0,Private,2,Married,White,Male,40,<=50K
417,30.0,Private,7,Single,White,Female,19,<=50K
418,34.0,Public,7,Single,Black,Male,40,<=50K
419,34.0,Public,9,Single,White,Female,40,<=50K
420,20.0,Private,10,Married,White,Male,30,<=50K
421,17.0,Private,7,Single,White,Male,18,<=50K
422,32.0,Public,13,Married,White,Female,40,>50K
423,29.0,Private,9,Single,White,Male,40,<=50K
424,33.0,Private,6,Single,White,Female,35,<=50K
425,25.0,Private,9,Married,White,Male,60,<=50K
426,36.0,Public,14,Single,White,Male,40,<=50K
427,23.0,Private,9,Single,White,Male,72,<=50K
428,63.0,Self-emp,9,Married,White,Male,40,>50K
429,47.0,Public,14,Married,White,Male,40,<=50K
430,80.0,Unknown,9,Married,White,Male,24,<=50K
431,17.0,Unknown,7,Single,White,Male,40,<=50K
432,40.0,Self-emp,13,Married,White,Female,40,<=50K
433,30.0,Private,12,Married,White,Female,25,>50K
434,27.0,Private,10,Single,Asian,Male,40,<=50K
435,33.0,Private,14,Married,White,Male,50,>50K
436,34.0,Public,9,Single,Black,Male,60,<=50K
437,34.0,Public,10,Single,White,Female,40,<=50K
438,23.0,Private,10,Married,White,Male,40,<=50K
439,42.0,Public,10,Married,White,Female,40,<=50K
440,29.0,Private,13,Single,White,Male,40,<=50K
441,45.0,Private,9,Single,White,Female,28,<=50K
442,24.0,Public,9,Single,White,Male,40,<=50K
443,44.0,Private,10,Married,White,Male,40,>50K
444,27.0,Private,5,Single,White,Male,40,<=50K
445,20.0,Private,10,Single,White,Male,35,<=50K
446,44.0,Private,9,Married,Black,Female,40,<=50K
447,51.0,Private,9,Married,Amer-Indian,Male,40,<=50K
448,20.0,Private,9,Married,White,Male,40,<=50K
449,17.0,Unknown,7,Single,White,Female,5,<=50K
450,19.0,Private,9,Single,Black,Female,40,<=50K
451,45.0,Self-emp,10,Married,White,Male,55,>50K
452,60.0,Private,9,Married,White,Male,40,>50K
453,42.0,Private,12,Married,Black,Male,40,>50K
454,44.0,Self-emp,9,Married,White,Female,40,>50K
455,40.0,Private,11,Married,Asian,Male,40,>50K
456,30.0,Private,9,Married,White,Female,40,<=50K
457,38.0,Private,10,Married,Black,Male,50,<=50K
458,23.0,Private,9,Married,White,Male,60,<=50K
459,32.0,Unknown,10,Married,White,Male,40,<=50K
460,44.0,Private,12,Single,White,Male,40,<=50K
461,54.0,Public,9,Married,Black,Male,40,<=50K
462,32.0,Private,13,Married,White,Male,50,<=50K
463,50.0,Private,2,Married,White,Male,40,<=50K
464,24.0,Private,13,Single,White,Female,20,<=50K
465,37.0,Private,9,Married,White,Female,60,<=50K
466,52.0,Private,9,Single,White,Male,40,<=50K
467,38.0,Private,10,Married,White,Male,40,<=50K
468,49.0,Private,14,Married,White,Male,45,>50K
469,30.0,Private,13,Married,White,Female,16,>50K
470,60.0,Private,10,Single,White,Male,40,>50K
471,22.0,Unknown,10,Single,White,Male,40,<=50K
472,35.0,Private,9,Single,White,Male,40,<=50K
473,30.0,Private,9,Single,White,Male,60,<=50K
474,67.0,Private,11,Single,White,Female,24,<=50K
475,46.0,Private,13,Single,White,Female,40,<=50K
476,17.0,Private,5,Single,White,Male,6,<=50K
477,22.0,Private,10,Single,White,Male,30,<=50K
478,27.0,Private,6,Single,White,Male,40,<=50K
479,23.0,Private,9,Single,White,Female,35,<=50K
480,33.0,Private,12,Married,White,Male,45,<=50K
481,43.0,Self-emp,10,Married,White,Male,20,<=50K
482,28.0,Public,13,Single,White,Male,20,<=50K
483,41.0,Private,9,Married,White,Female,40,<=50K
484,52.0,Unknown,8,Single,Black,Male,40,<=50K
485,25.0,Private,10,Married,Black,Female,20,<=50K
486,63.0,Unknown,2,Married,White,Male,35,<=50K
487,59.0,Public,9,Married,White,Male,45,<=50K
488,45.0,Public,13,Single,White,Female,40,<=50K
489,38.0,Private,13,Married,White,Male,60,>50K
490,40.0,Private,9,Single,White,Female,35,<=50K
491,46.0,Public,9,Single,White,Male,40,<=50K
492,35.0,Private,12,Single,White,Female,60,<=50K
493,34.0,Private,9,Single,White,Female,25,<=50K
494,33.0,Private,13,Single,White,Male,20,<=50K
495,41.0,Private,9,Single,White,Female,36,<=50K
496,20.0,Private,10,Single,White,Male,40,<=50K
497,23.0,Private,3,Single,White,Male,40,<=50K
498,26.0,Private,10,Single,White,Female,35,<=50K
500,23.0,Public,9,Single,White,Male,40,<=50K
501,62.0,Public,9,Married,White,Male,40,<=50K
502,52.0,Private,10,Married,White,Male,40,<=50K
503,58.0,Private,10,Single,White,Female,42,<=50K
504,25.0,Private,13,Single,White,Female,40,<=50K
505,24.0,Private,13,Single,Black,Male,40,<=50K
506,19.0,Private,10,Single,White,Male,8,<=50K
507,43.0,Private,10,Married,White,Male,40,<=50K
508,47.0,Public,9,Single,Black,Female,40,<=50K
509,39.0,Private,9,Single,White,Female,40,<=50K
510,49.0,Private,11,Married,White,Male,42,<=50K
511,53.0,Unknown,3,Married,Black,Female,30,<=50K
512,32.0,Private,11,Single,White,Male,45,<=50K
513,34.0,Private,10,Married,White,Male,50,>50K
514,28.0,Private,9,Single,White,Male,45,<=50K
515,57.0,Unknown,11,Married,White,Female,38,<=50K
516,25.0,Private,10,Single,Amer-Indian,Female,20,<=50K
517,20.0,Unknown,10,Single,White,Male,24,<=50K
518,21.0,Unknown,10,Single,White,Female,35,<=50K
519,34.0,Private,13,Married,White,Male,50,>50K
521,50.0,Private,9,Married,White,Male,50,>50K
522,24.0,Public,10,Single,Black,Male,50,<=50K
523,37.0,Public,10,Married,White,Male,45,>50K
524,44.0,Private,10,Single,White,Male,58,>50K
525,28.0,Private,10,Married,White,Female,40,<=50K
526,42.0,Private,13,Married,White,Male,40,>50K
527,74.0,Private,10,Single,White,Female,9,<=50K
528,38.0,Self-emp,9,Married,White,Male,50,<=50K
529,44.0,Self-emp,14,Married,White,Male,40,<=50K
530,44.0,Private,7,Single,Hispanic,Female,46,<=50K
531,26.0,Private,9,Single,White,Male,40,<=50K
532,36.0,Private,9,Married,Black,Male,40,<=50K
533,41.0,Private,12,Married,White,Female,50,>50K
534,67.0,Private,15,Married,White,Male,48,>50K
535,39.0,Public,8,Married,White,Male,50,<=50K
536,57.0,Private,2,Married,Black,Female,30,<=50K
537,29.0,Private,11,Single,White,Male,40,<=50K
538,31.0,Self-emp,13,Single,White,Female,45,<=50K
539,34.0,Unknown,9,Single,Black,Female,40,<=50K
540,44.0,Private,10,Married,White,Male,40,<=50K
541,29.0,Private,16,Single,White,Male,40,<=50K
542,30.0,Private,10,Single,White,Female,40,<=50K
543,27.0,Private,9,Single,White,Male,40,<=50K
544,27.0,Private,10,Married,White,Male,50,<=50K
545,32.0,Private,9,Single,White,Female,45,<=50K
546,58.0,Private,6,Married,White,Female,8,<=50K
547,35.0,Public,10,Married,White,Male,40,<=50K
548,21.0,Private,9,Single,White,Male,36,<=50K
549,28.0,Private,10,Single,White,Male,40,<=50K
550,46.0,Self-emp,10,Single,White,Male,50,<=50K
551,36.0,Self-emp,9,Single,White,Female,40,<=50K
552,72.0,Private,7,Married,White,Female,40,<=50K
553,35.0,Private,9,Married,Black,Female,40,<=50K
554,33.0,Public,11,Single,Black,Female,40,>50K
555,69.0,Private,7,Single,White,Female,40,<=50K
556,35.0,Private,9,Married,White,Male,40,<=50K
557,31.0,Private,9,Single,White,Female,20,<=50K
558,34.0,Private,9,Married,White,Female,32,<=50K
559,30.0,Private,7,Married,White,Male,40,<=50K
560,28.0,Private,13,Single,White,Male,55,<=50K
561,54.0,Private,13,Married,White,Male,35,>50K
562,47.0,Private,10,Married,White,Male,50,>50K
563,24.0,Private,9,Single,Black,Female,40,<=50K
564,52.0,Self-emp,13,Married,White,Male,60,>50K
565,20.0,Private,9,Single,Amer-Indian,Male,48,<=50K
566,43.0,Self-emp,14,Married,White,Male,45,<=50K
567,45.0,Private,4,Single,White,Female,40,<=50K
568,29.0,Self-emp,9,Single,White,Male,35,<=50K
569,47.0,Private,14,Single,White,Male,42,<=50K
570,24.0,Private,9,Single,White,Male,40,<=50K
571,51.0,Private,9,Married,White,Male,40,<=50K
572,17.0,Private,7,Single,White,Male,12,<=50K
573,37.0,Private,11,Married,White,Male,40,>50K
574,27.0,Private,16,Single,White,Female,70,<=50K
575,29.0,Private,13,Married,White,Male,40,>50K
576,18.0,Unknown,8,Single,White,Male,25,<=50K
577,36.0,Self-emp,12,Single,White,Female,35,<=50K
578,58.0,Public,13,Single,White,Female,40,<=50K
579,26.0,Self-emp,10,Married,White,Male,45,<=50K
580,65.0,Unknown,10,Married,White,Male,30,>50K
581,57.0,Private,9,Married,White,Male,40,>50K
582,59.0,Private,9,Married,White,Male,40,<=50K
583,27.0,Private,9,Married,White,Male,40,<=50K
584,31.0,Self-emp,13,Single,White,Male,40,<=50K
585,21.0,Private,10,Single,White,Female,24,<=50K
586,29.0,Private,10,Single,White,Male,60,<=50K
587,18.0,Private,7,Single,White,Male,40,<=50K
588,52.0,Private,6,Married,White,Male,47,>50K
589,57.0,Self-emp,13,Single,White,Male,80,<=50K
590,42.0,Unknown,9,Married,White,Male,40,<=50K
591,55.0,Unknown,9,Married,Asian,Female,40,<=50K
593,31.0,Private,13,Married,White,Male,40,>50K
594,23.0,Private,13,Single,White,Female,40,<=50K
595,27.0,Private,9,Single,White,Male,40,<=50K
596,23.0,Unknown,10,Single,Amer-Indian,Female,25,<=50K
597,42.0,Self-emp,15,Married,White,Male,50,>50K
598,25.0,Private,10,Single,White,Male,40,<=50K
599,49.0,Private,13,Single,White,Female,45,<=50K
600,32.0,Private,13,Single,White,Male,40,<=50K
601,19.0,Private,10,Single,White,Male,28,<=50K
602,60.0,Private,4,Single,White,Female,40,<=50K
603,42.0,Public,5,Married,White,Male,40,<=50K
604,35.0,Self-emp,12,Single,White,Male,40,<=50K
605,48.0,Private,9,Single,Black,Female,37,<=50K
606,51.0,Private,14,Married,White,Male,40,>50K
607,29.0,Private,9,Single,Amer-Indian,Male,40,<=50K
608,36.0,Public,9,Single,Black,Male,40,<=50K
609,17.0,Private,6,Single,White,Female,21,<=50K
610,52.0,Private,14,Single,White,Female,60,<=50K
611,24.0,Private,9,Single,White,Male,40,<=50K
612,24.0,Private,9,Married,White,Male,50,<=50K
613,26.0,Public,13,Single,White,Male,40,<=50K
614,27.0,Private,13,Single,White,Female,20,<=50K
615,39.0,Private,9,Single,White,Male,60,<=50K
616,30.0,Private,9,Married,Black,Male,45,<=50K
617,50.0,Self-emp,9,Married,White,Male,32,<=50K
618,52.0,Self-emp,13,Married,White,Male,55,<=50K
619,46.0,Private,15,Married,White,Male,45,>50K
620,23.0,Private,13,Single,White,Female,20,<=50K
621,45.0,Private,7,Married,Black,Female,20,<=50K
622,65.0,Private,5,Married,Black,Female,24,<=50K
623,29.0,Private,11,Married,White,Male,55,<=50K
624,47.0,Private,5,Married,White,Male,40,<=50K
626,34.0,Private,9,Married,White,Male,45,>50K
627,38.0,Self-emp,9,Married,White,Male,64,<=50K
628,33.0,Private,10,Married,White,Male,40,>50K
629,49.0,Private,13,Married,White,Male,26,>50K
630,47.0,Self-emp,10,Single,Black,Female,40,<=50K
631,49.0,Public,6,Single,Black,Female,40,<=50K
632,43.0,Private,10,Married,White,Male,60,>50K
633,30.0,Private,13,Married,Black,Female,40,>50K
634,58.0,Self-emp,9,Married,White,Male,60,<=50K
635,19.0,Private,9,Single,White,Female,14,<=50K
636,21.0,Private,13,Single,White,Male,40,<=50K
637,33.0,Private,13,Married,White,Male,60,>50K
638,47.0,Self-emp,3,Married,White,Male,50,<=50K
639,52.0,Self-emp,16,Married,White,Male,60,>50K
640,26.0,Private,9,Single,White,Male,55,<=50K
641,60.0,Private,9,Married,White,Male,40,<=50K
642,21.0,Private,10,Single,White,Male,40,<=50K
643,36.0,Private,10,Married,White,Male,50,>50K
644,31.0,Private,10,Married,White,Male,45,<=50K
645,50.0,Self-emp,16,Single,White,Male,40,>50K
646,31.0,Public,9,Single,White,Female,40,<=50K
647,71.0,Private,9,Married,White,Male,15,<=50K
648,58.0,Unknown,9,Married,White,Male,50,<=50K
649,30.0,Public,13,Married,White,Male,40,>50K
650,20.0,Private,10,Single,White,Male,20,<=50K
651,24.0,Private,9,Single,White,Male,50,<=50K
652,35.0,Private,16,Married,Asian,Male,40,>50K
653,38.0,Public,10,Single,White,Female,45,<=50K
654,27.0,Private,9,Single,White,Female,32,<=50K
655,29.0,Public,10,Single,Asian,Female,40,<=50K
656,70.0,Unknown,5,Married,White,Female,15,<=50K
657,34.0,Private,9,Married,White,Male,45,<=50K
658,44.0,Private,4,Married,White,Male,35,<=50K
659,43.0,Private,9,Married,White,Male,40,>50K
660,44.0,Self-emp,8,Married,Black,Male,40,>50K
662,27.0,Private,10,Single,White,Male,40,<=50K
663,43.0,Public,14,Single,White,Male,38,<=50K
664,20.0,Private,10,Single,White,Female,25,<=50K
665,42.0,Private,12,Single,White,Female,40,>50K
666,27.0,Public,10,Married,White,Male,40,<=50K
667,42.0,Private,9,Married,Black,Male,40,>50K
668,20.0,Unknown,7,Married,Asian,Female,40,<=50K
669,24.0,Private,5,Single,White,Male,40,<=50K
670,48.0,Public,10,Single,White,Male,40,<=50K
671,17.0,Unknown,7,Single,White,Female,20,<=50K
672,17.0,Self-emp,7,Single,White,Male,10,<=50K
673,33.0,Private,13,Married,White,Male,40,>50K
674,50.0,Self-emp,9,Married,White,Male,50,>50K
675,22.0,Private,9,Single,White,Female,40,<=50K
676,17.0,Private,8,Single,White,Male,16,<=50K
677,32.0,Private,10,Married,White,Male,40,<=50K
678,31.0,Private,9,Single,White,Male,45,<=50K
679,58.0,Self-emp,9,Married,White,Male,50,<=50K
680,29.0,Public,9,Single,White,Male,48,<=50K
681,37.0,Private,11,Married,White,Male,40,>50K
682,34.0,Self-emp,9,Married,White,Male,40,>50K
683,23.0,Public,10,Single,Black,Male,40,<=50K
684,18.0,Public,7,Single,White,Female,5,<=50K
685,34.0,Private,9,Single,White,Female,40,<=50K
686,66.0,Unknown,4,Single,White,Male,4,<=50K
687,45.0,Public,13,Married,White,Female,55,<=50K
688,41.0,Private,14,Single,White,Male,35,<=50K
689,26.0,Private,9,Single,White,Male,30,<=50K
690,54.0,Public,10,Married,White,Male,40,<=50K
691,24.0,Private,10,Single,Black,Female,45,<=50K
692,42.0,Private,10,Married,White,Male,50,<=50K
693,20.0,Private,10,Single,White,Male,20,<=50K
694,23.0,Public,13,Single,White,Female,20,<=50K
695,25.0,Unknown,12,Single,White,Male,45,<=50K
696,35.0,Private,14,Single,White,Male,60,>50K
698,30.0,Private,13,Single,White,Female,40,<=50K
699,19.0,Private,9,Single,White,Female,20,<=50K
700,36.0,Public,13,Single,White,Male,50,<=50K
701,31.0,Private,13,Married,White,Female,40,<=50K
702,21.0,Private,10,Single,White,Male,30,<=50K
703,31.0,Self-emp,10,Married,White,Male,40,<=50K
704,46.0,Private,16,Single,White,Female,65,>50K
705,44.0,Private,13,Single,White,Female,50,>50K
706,40.0,Private,8,Married,Black,Male,40,<=50K
707,45.0,Private,10,Single,Black,Male,40,<=50K
708,60.0,Private,9,Married,White,Male,35,<=50K
709,18.0,Private,7,Single,White,Male,25,<=50K
710,28.0,Private,13,Married,White,Male,40,<=50K
711,36.0,Private,10,Single,Black,Female,40,<=50K
712,36.0,Private,13,Single,White,Male,40,<=50K
713,40.0,Private,11,Married,White,Male,40,<=50K
714,36.0,Public,13,Single,White,Female,35,<=50K
715,31.0,Private,9,Single,Black,Female,40,<=50K
716,33.0,Private,9,Married,White,Male,40,<=50K
717,19.0,Public,9,Single,White,Female,40,<=50K
718,22.0,Private,10,Single,White,Female,15,<=50K
719,34.0,Private,13,Married,White,Male,45,>50K
720,33.0,Private,9,Single,White,Male,40,<=50K
721,41.0,Private,9,Married,White,Male,60,<=50K
722,29.0,Private,13,Single,White,Male,40,<=50K
723,50.0,Public,9,Married,White,Male,42,>50K
724,42.0,Private,13,Married,White,Male,45,>50K
725,43.0,Private,13,Single,White,Male,40,>50K
726,44.0,Private,9,Married,White,Female,40,<=50K
727,20.0,Private,10,Single,White,Female,20,<=50K
728,31.0,Private,9,Married,White,Male,40,<=50K
729,65.0,Self-emp,7,Married,White,Male,59,>50K
730,23.0,Private,10,Single,White,Female,24,<=50K
731,55.0,Private,10,Single,Asian,Female,40,<=50K
732,26.0,Private,11,Married,White,Male,45,<=50K
733,25.0,Private,11,Single,White,Female,15,<=50K
734,45.0,Unknown,10,Married,Black,Female,40,<=50K
735,35.0,Private,10,Married,White,Male,40,<=50K
736,36.0,Private,10,Single,Black,Female,36,<=50K
737,43.0,Public,13,Married,White,Male,50,<=50K
738,56.0,Private,9,Married,Black,Female,20,<=50K
739,42.0,Private,13,Married,White,Male,40,>50K
740,19.0,Private,10,Single,White,Female,25,<=50K
741,55.0,Self-emp,9,Married,White,Male,72,<=50K
742,42.0,Private,14,Single,White,Female,50,>50K
743,26.0,Private,11,Single,White,Male,40,<=50K
744,17.0,Private,8,Single,White,Male,20,<=50K
745,42.0,Public,13,Married,White,Female,40,>50K
746,55.0,Private,9,Married,White,Male,40,>50K
747,32.0,Private,10,Single,Black,Female,40,<=50K
748,29.0,Private,7,Single,Black,Male,40,<=50K
749,46.0,Public,13,Married,White,Male,37,<=50K
750,29.0,Public,13,Married,White,Male,40,>50K
751,22.0,Private,13,Single,White,Male,20,<=50K
752,58.0,Self-emp,6,Married,White,Male,40,<=50K
753,23.0,Private,9,Single,White,Male,50,<=50K
754,39.0,Private,9,Single,White,Male,40,<=50K
755,27.0,Private,11,Single,White,Male,38,<=50K
756,54.0,Private,9,Married,White,Male,40,>50K
757,33.0,Public,13,Single,White,Female,45,<=50K
758,46.0,Public,9,Married,White,Female,40,>50K
759,37.0,Private,9,Single,Black,Male,40,<=50K
760,36.0,Private,9,Single,White,Female,18,<=50K
761,59.0,Public,9,Married,White,Female,38,>50K
762,34.0,Public,9,Single,White,Male,40,<=50K
763,53.0,Self-emp,16,Married,White,Male,70,>50K
764,51.0,Private,13,Single,White,Male,55,>50K
765,32.0,Private,6,Single,White,Female,42,<=50K
766,31.0,Public,10,Married,White,Male,40,<=50K
767,22.0,Private,10,Married,White,Female,30,<=50K
768,47.0,Self-emp,13,Single,White,Female,50,<=50K
769,32.0,Private,9,Single,White,Male,40,<=50K
770,26.0,Private,10,Single,White,Female,38,<=50K
771,37.0,Private,3,Single,White,Male,32,<=50K
772,31.0,Private,9,Single,White,Male,55,<=50K
773,37.0,Private,11,Married,White,Female,24,>50K
774,55.0,Private,9,Single,White,Male,38,<=50K
775,23.0,Public,11,Single,White,Male,56,<=50K
776,36.0,Private,10,Single,White,Female,40,<=50K
777,34.0,Private,14,Married,White,Male,40,<=50K
778,43.0,Private,13,Married,White,Male,50,>50K
779,54.0,Private,10,Single,White,Male,40,<=50K
780,43.0,Public,10,Married,White,Male,40,<=50K
781,28.0,Private,11,Single,White,Female,42,<=50K
782,40.0,Private,11,Married,White,Male,50,>50K
783,41.0,Self-emp,10,Married,White,Male,60,<=50K
784,40.0,Private,13,Single,Hispanic,Female,55,>50K
785,42.0,Private,10,Single,Black,Female,38,<=50K
786,61.0,Self-emp,9,Married,White,Male,50,<=50K
787,18.0,Private,8,Single,White,Male,30,<=50K
788,59.0,Unknown,9,Married,White,Male,16,<=50K
789,21.0,Unknown,9,Single,White,Female,40,<=50K
790,48.0,Private,11,Married,White,Male,50,>50K
791,41.0,Self-emp,13,Married,White,Male,40,<=50K
792,18.0,Unknown,10,Single,White,Male,33,<=50K
793,23.0,Private,9,Single,White,Female,40,<=50K
794,60.0,Private,9,Married,White,Male,60,>50K
795,22.0,Private,10,Single,Black,Male,20,<=50K
796,61.0,Private,9,Married,White,Male,40,<=50K
797,25.0,Private,9,Single,Black,Male,40,<=50K
798,46.0,Private,14,Single,White,Male,35,>50K
799,43.0,Private,13,Married,White,Male,40,>50K
800,43.0,Private,12,Single,White,Male,40,<=50K
801,24.0,Private,9,Single,Black,Male,30,<=50K
802,68.0,Self-emp,7,Single,White,Male,20,<=50K
803,31.0,Private,9,Single,White,Female,38,<=50K
804,17.0,Private,7,Single,White,Female,20,<=50K
805,32.0,Private,9,Married,White,Male,48,>50K
806,50.0,Unknown,14,Married,White,Male,40,<=50K
807,33.0,Private,13,Married,White,Male,47,>50K
808,64.0,Private,13,Married,White,Male,40,>50K
809,20.0,Private,9,Single,White,Male,30,<=50K
810,30.0,Private,9,Single,White,Female,36,<=50K
811,22.0,Unknown,10,Single,Black,Male,40,<=50K
812,43.0,Private,10,Single,White,Male,45,<=50K
813,22.0,Private,10,Single,White,Male,40,<=50K
814,17.0,Private,6,Single,White,Male,20,<=50K
815,47.0,Self-emp,9,Married,White,Female,75,<=50K
816,41.0,Private,11,Single,White,Female,60,<=50K
817,56.0,Private,10,Married,White,Male,50,>50K
818,64.0,Private,9,Married,White,Male,45,<=50K
819,47.0,Private,9,Married,White,Male,50,>50K
820,48.0,Private,11,Single,White,Male,40,<=50K
821,31.0,Private,14,Single,White,Female,46,<=50K
822,29.0,Private,11,Single,White,Male,40,<=50K
823,30.0,Private,9,Married,White,Female,40,<=50K
824,32.0,Private,9,Married,White,Male,60,<=50K
825,57.0,Private,9,Married,White,Male,42,>50K
826,62.0,Private,9,Married,White,Female,40,<=50K
827,39.0,Private,9,Single,White,Female,24,<=50K
828,43.0,Private,10,Single,White,Male,25,<=50K
829,24.0,Self-emp,13,Single,White,Male,40,<=50K
830,42.0,Unknown,7,Married,White,Male,15,<=50K
831,53.0,Private,10,Married,White,Female,40,>50K
832,26.0,Private,10,Single,White,Male,40,<=50K
833,73.0,Self-emp,9,Married,White,Male,40,<=50K
834,72.0,Unknown,7,Married,White,Female,24,<=50K
835,55.0,Private,9,Married,White,Male,40,<=50K
836,25.0,Private,9,Single,White,Male,40,<=50K
837,41.0,Private,13,Single,White,Female,50,>50K
838,24.0,Private,13,Single,White,Male,50,<=50K
839,63.0,Private,9,Married,White,Male,6,<=50K
840,17.0,Private,7,Single,White,Male,20,<=50K
841,35.0,Private,10,Married,White,Male,50,<=50K
842,51.0,Private,10,Married,White,Male,40,>50K
843,62.0,Public,13,Married,White,Female,48,<=50K
844,55.0,Private,9,Married,White,Male,40,>50K
845,43.0,Private,10,Single,White,Male,40,<=50K
846,40.0,Public,9,Single,White,Female,50,<=50K
847,37.0,Private,13,Married,White,Male,45,>50K
848,39.0,Private,13,Married,White,Male,40,<=50K
849,31.0,Private,9,Single,White,Male,18,<=50K
850,61.0,Private,14,Married,White,Female,40,>50K
851,26.0,Private,11,Single,White,Female,55,<=50K
852,46.0,Self-emp,9,Married,White,Male,50,<=50K
853,26.0,Private,13,Single,White,Female,40,<=50K
854,48.0,Public,16,Single,White,Male,50,>50K
855,34.0,Private,9,Single,White,Male,40,<=50K
856,34.0,Public,9,Single,White,Female,40,<=50K
857,59.0,Private,9,Married,White,Male,40,>50K
858,34.0,Private,13,Single,White,Female,40,<=50K
859,49.0,Private,13,Single,White,Female,56,>50K
860,18.0,Private,7,Single,White,Female,20,<=50K
861,43.0,Private,9,Married,White,Male,40,<=50K
862,48.0,Private,7,Married,White,Male,50,<=50K
863,28.0,Self-emp,10,Married,White,Male,70,<=50K
864,33.0,Private,9,Married,White,Male,40,<=50K
865,24.0,Private,10,Single,White,Female,15,<=50K
866,21.0,Private,6,Single,White,Male,40,<=50K
867,17.0,Private,7,Single,White,Male,28,<=50K
868,39.0,Private,10,Married,White,Male,50,>50K
869,29.0,Self-emp,13,Single,White,Male,40,<=50K
870,44.0,Private,13,Married,White,Male,40,>50K
871,24.0,Private,10,Single,White,Male,50,<=50K
872,71.0,Self-emp,14,Married,White,Male,40,>50K
873,51.0,Self-emp,13,Married,Asian,Male,40,>50K
874,55.0,Private,3,Single,Black,Male,25,<=50K
875,41.0,Private,13,Married,White,Male,60,>50K
876,23.0,Private,9,Single,Black,Female,7,<=50K
877,38.0,Private,11,Single,White,Female,40,<=50K
878,39.0,Private,9,Married,White,Male,40,>50K
879,19.0,Private,9,Single,White,Female,30,<=50K
880,49.0,Private,5,Single,White,Female,40,<=50K
881,32.0,Private,13,Married,White,Male,40,>50K
882,27.0,Private,9,Married,White,Male,70,<=50K
883,38.0,Private,13,Married,White,Male,50,>50K
884,33.0,Private,10,Married,White,Female,60,<=50K
885,63.0,Unknown,10,Married,White,Male,15,<=50K
886,23.0,Private,13,Single,White,Male,28,<=50K
887,33.0,Self-emp,10,Married,White,Male,60,<=50K
888,54.0,Self-emp,9,Married,Black,Male,40,<=50K
889,29.0,Private,11,Single,White,Female,45,<=50K
890,48.0,Unknown,10,Single,Black,Female,30,<=50K
891,35.0,Self-emp,13,Single,White,Male,40,<=50K
892,28.0,Private,11,Married,Asian,Female,40,<=50K
893,37.0,Private,13,Married,White,Male,50,>50K
894,42.0,Self-emp,15,Married,White,Male,65,>50K
895,40.0,Private,14,Married,White,Male,40,<=50K
896,47.0,Private,10,Single,White,Male,55,<=50K
897,22.0,Private,13,Single,White,Female,50,<=50K
898,30.0,Private,13,Married,White,Male,45,>50K
899,28.0,Private,9,Married,White,Male,40,<=50K
900,63.0,Public,4,Married,White,Male,55,<=50K
901,51.0,Self-emp,5,Married,White,Male,20,<=50K
902,22.0,Private,9,Single,White,Female,40,<=50K
903,27.0,Unknown,12,Married,Amer-Indian,Male,40,<=50K
904,35.0,Private,9,Single,White,Male,45,<=50K
905,46.0,Private,9,Single,White,Female,38,<=50K
906,37.0,Private,10,Single,White,Male,52,<=50K
907,24.0,Private,13,Single,Black,Male,15,<=50K
908,37.0,Self-emp,9,Single,White,Male,10,<=50K
909,53.0,Private,10,Married,White,Male,40,<=50K
910,27.0,Private,9,Single,White,Male,30,<=50K
911,38.0,Private,10,Single,White,Male,44,<=50K
912,53.0,Self-emp,6,Married,White,Male,60,<=50K
913,34.0,Private,10,Single,White,Male,40,<=50K
914,23.0,Private,9,Single,Black,Male,40,<=50K
915,39.0,Private,13,Married,White,Male,45,>50K
916,43.0,Private,14,Married,Asian,Female,50,<=50K
917,67.0,Self-emp,9,Married,Asian,Male,40,>50K
918,81.0,Self-emp,9,Married,White,Male,30,<=50K
919,21.0,Private,10,Single,White,Male,20,<=50K
920,23.0,Private,10,Single,White,Male,25,<=50K
921,25.0,Private,10,Single,White,Male,40,<=50K
922,42.0,Private,3,Married,White,Female,38,<=50K
923,38.0,Private,10,Married,Black,Female,40,<=50K
924,64.0,Unknown,9,Married,White,Male,5,<=50K
925,32.0,Private,9,Married,White,Male,40,<=50K
926,37.0,Private,9,Married,White,Male,40,<=50K
927,51.0,Private,14,Married,White,Male,60,>50K
928,22.0,Private,10,Single,White,Female,42,<=50K
929,33.0,Private,2,Married,White,Female,40,<=50K
930,42.0,Private,9,Single,White,Male,55,<=50K
931,19.0,Unknown,10,Single,White,Female,10,<=50K
932,51.0,Public,1,Married,White,Male,40,<=50K
933,23.0,Private,9,Married,White,Female,40,<=50K
934,37.0,Private,7,Married,White,Male,44,>50K
935,37.0,Private,9,Married,White,Male,99,>50K
936,47.0,Private,14,Single,White,Female,25,<=50K
937,41.0,Private,15,Married,White,Male,40,>50K
938,33.0,Private,9,Married,White,Male,30,<=50K
939,31.0,Private,13,Single,White,Male,40,>50K
941,35.0,Private,9,Married,Black,Male,40,<=50K
942,38.0,Self-emp,9,Married,White,Male,40,>50K
943,18.0,Private,9,Single,White,Female,45,<=50K
944,20.0,Private,9,Married,White,Male,40,<=50K
945,54.0,Public,10,Single,Black,Female,35,<=50K
946,40.0,Private,10,Single,White,Female,40,<=50K
947,36.0,Self-emp,13,Married,White,Female,45,>50K
948,43.0,Private,10,Single,White,Male,35,<=50K
949,44.0,Self-emp,10,Single,White,Male,40,<=50K
950,44.0,Public,9,Married,White,Female,40,>50K
951,43.0,Private,14,Married,White,Male,43,>50K
952,51.0,Private,4,Married,Black,Female,40,<=50K
953,18.0,Private,9,Single,White,Female,20,<=50K
954,51.0,Private,10,Married,White,Male,40,<=50K
955,41.0,Private,6,Married,White,Male,30,<=50K
956,44.0,Self-emp,10,Married,White,Male,70,>50K
957,33.0,Public,6,Single,White,Male,40,<=50K
958,33.0,Self-emp,13,Married,White,Male,40,>50K
959,42.0,Private,12,Married,White,Male,40,>50K
960,25.0,Private,10,Married,White,Male,45,<=50K
962,32.0,Private,13,Married,White,Male,70,<=50K
963,36.0,Private,6,Single,White,Female,40,<=50K
964,28.0,Private,9,Married,White,Male,40,<=50K
965,20.0,Private,9,Single,White,Female,20,<=50K
966,35.0,Self-emp,10,Married,White,Male,60,>50K
967,55.0,Self-emp,9,Married,White,Male,20,<=50K
968,48.0,Private,13,Married,Asian,Male,40,>50K
969,36.0,Unknown,11,Married,White,Female,20,<=50K
970,34.0,Private,9,Married,White,Male,35,>50K
971,28.0,Private,13,Single,White,Female,35,<=50K
972,67.0,Private,13,Married,White,Male,40,>50K
973,37.0,Private,9,Married,White,Male,40,<=50K
974,44.0,Private,9,Single,White,Male,70,<=50K
975,25.0,Private,10,Single,White,Female,40,<=50K
976,21.0,Private,10,Single,White,Female,40,<=50K
977,40.0,Public,14,Married,White,Male,35,>50K
978,78.0,Private,9,Married,Black,Female,40,<=50K
980,49.0,Private,9,Single,White,Female,44,<=50K
981,22.0,Private,12,Single,White,Female,40,<=50K
982,23.0,Unknown,9,Single,Black,Female,40,<=50K
983,60.0,Self-emp,9,Single,White,Male,42,<=50K
984,45.0,Public,9,Married,White,Male,40,>50K
985,63.0,Private,11,Single,White,Female,20,<=50K
986,41.0,Private,9,Single,Black,Female,35,<=50K
987,47.0,Private,9,Single,White,Female,40,<=50K
988,44.0,Private,9,Single,White,Male,40,<=50K
989,51.0,Private,10,Married,White,Female,40,<=50K
990,46.0,Private,13,Single,White,Male,40,<=50K
991,41.0,Private,11,Married,White,Male,40,<=50K
992,50.0,Self-emp,9,Married,White,Male,30,<=50K
993,47.0,Private,9,Married,White,Male,50,>50K
994,35.0,Private,9,Single,White,Male,45,<=50K
995,56.0,Private,9,Married,White,Male,55,>50K
996,45.0,Private,14,Single,White,Male,45,<=50K
997,48.0,Public,13,Single,White,Male,58,>50K
998,40.0,Private,10,Married,White,Male,40,<=50K
999,39.0,Self-emp,13,Married,White,Male,50,>50K
1001,50.0,Private,16,Married,White,Male,65,>50K
1002,38.0,Public,9,Married,White,Female,40,>50K
1003,23.0,Public,13,Single,White,Female,60,<=50K
1004,31.0,Private,9,Single,White,Male,16,<=50K
1005,58.0,Private,13,Married,White,Male,40,<=50K
1006,66.0,Private,9,Single,Black,Male,40,<=50K
1007,39.0,Self-emp,9,Married,White,Male,40,>50K
1008,54.0,Self-emp,9,Married,White,Male,52,>50K
1009,26.0,Private,10,Married,White,Male,50,<=50K
1010,51.0,Private,9,Single,White,Female,40,<=50K
1011,34.0,Private,11,Single,White,Male,40,<=50K
1012,50.0,Private,9,Married,White,Male,40,>50K
1013,42.0,Private,10,Married,White,Male,44,>50K
1014,38.0,Private,14,Married,White,Male,25,<=50K
1015,48.0,Private,4,Married,White,Male,40,<=50K
1016,33.0,Private,11,Married,White,Female,40,>50K
1017,51.0,Private,9,Married,White,Female,32,<=50K
1018,22.0,Private,9,Single,White,Male,40,<=50K
1019,19.0,Unknown,9,Single,White,Male,30,<=50K
1020,41.0,Private,10,Single,White,Male,50,<=50K
1021,48.0,Public,14,Married,White,Male,35,>50K
1022,42.0,Private,9,Single,White,Female,30,<=50K
1023,34.0,Private,10,Married,White,Male,40,<=50K
1024,23.0,Private,9,Single,Black,Female,40,<=50K
1025,56.0,Private,9,Married,White,Male,50,<=50K
1026,30.0,Private,13,Single,Black,Male,45,<=50K
1027,45.0,Private,9,Married,White,Male,55,>50K
1028,48.0,Private,6,Married,White,Female,40,<=50K
1029,48.0,Self-emp,14,Married,Asian,Male,50,<=50K
1030,31.0,Private,11,Single,White,Female,40,<=50K
1031,20.0,Public,12,Single,White,Male,20,<=50K
1032,27.0,Private,10,Single,White,Male,40,<=50K
1033,32.0,Private,9,Single,Black,Female,40,<=50K
1034,76.0,Unknown,4,Married,White,Male,2,<=50K
1035,19.0,Unknown,9,Single,White,Male,40,<=50K
1036,66.0,Self-emp,5,Married,White,Male,1,<=50K
1037,37.0,Private,9,Single,White,Male,75,<=50K
1038,34.0,Private,9,Single,Black,Female,30,<=50K
1039,34.0,Unknown,7,Married,White,Female,8,<=50K
1040,90.0,Private,9,Single,White,Female,40,<=50K
1041,23.0,Private,10,Single,Black,Female,40,<=50K
1042,43.0,Private,10,Single,White,Female,40,<=50K
1043,44.0,Private,13,Married,White,Male,60,>50K
1044,24.0,Private,10,Single,White,Female,37,<=50K
1045,28.0,Private,15,Single,White,Male,55,<=50K
1046,64.0,Unknown,12,Single,White,Female,20,<=50K
1047,23.0,Private,10,Married,White,Male,40,<=50K
1048,20.0,Private,10,Single,White,Female,50,<=50K
1049,36.0,Private,13,Married,White,Male,50,>50K
1050,61.0,Private,9,Married,White,Male,40,<=50K
1051,53.0,Self-emp,13,Married,White,Male,40,>50K
1052,30.0,Private,13,Married,White,Male,40,>50K
1053,52.0,Self-emp,10,Married,White,Male,55,>50K
1054,38.0,Private,10,Single,White,Male,40,<=50K
1055,32.0,Private,13,Married,White,Male,40,<=50K
1056,30.0,Self-emp,8,Married,White,Male,75,<=50K
1057,41.0,Private,11,Single,White,Female,40,<=50K
1058,49.0,Public,14,Married,White,Male,40,>50K
1059,45.0,Private,9,Married,White,Male,47,>50K
1060,43.0,Self-emp,9,Married,White,Male,35,<=50K
1061,61.0,Private,9,Married,White,Male,40,<=50K
1062,54.0,Private,9,Married,White,Male,32,<=50K
1063,34.0,Private,12,Single,White,Female,40,<=50K
1064,49.0,Private,10,Married,White,Male,80,>50K
1065,38.0,Private,10,Single,White,Male,40,<=50K
1067,36.0,Private,8,Married,White,Male,40,<=50K
1068,30.0,Private,13,Married,White,Male,50,<=50K
1069,36.0,Private,12,Single,White,Female,60,<=50K
1070,22.0,Public,13,Single,White,Female,20,<=50K
1071,38.0,Private,9,Married,White,Male,40,>50K
1072,37.0,Private,9,Married,White,Male,50,>50K
1073,48.0,Public,16,Married,White,Female,46,>50K
1074,17.0,Private,7,Single,White,Male,15,<=50K
1075,19.0,Self-emp,10,Single,White,Male,20,<=50K
1076,27.0,Private,13,Single,Black,Female,40,<=50K
1077,22.0,Private,13,Single,Asian,Male,50,<=50K
1078,49.0,Private,9,Married,White,Male,40,<=50K
1079,43.0,Public,11,Married,White,Female,40,>50K
1080,43.0,Private,13,Single,White,Female,40,<=50K
1081,19.0,Public,9,Single,White,Female,35,<=50K
1082,58.0,Self-emp,9,Married,White,Male,60,<=50K
1083,41.0,Public,10,Married,White,Male,40,>50K
1084,31.0,Private,10,Married,White,Male,40,<=50K
1085,30.0,Private,11,Married,White,Male,40,<=50K
1086,32.0,Private,9,Married,White,Male,40,<=50K
1087,29.0,Private,13,Single,White,Male,35,<=50K
1088,42.0,Private,10,Married,White,Male,52,>50K
1089,38.0,Private,9,Single,White,Male,28,<=50K
1090,41.0,Public,12,Married,White,Male,40,>50K
1091,44.0,Self-emp,13,Single,White,Male,50,>50K
1092,31.0,Private,16,Married,Asian,Male,60,<=50K
1093,34.0,Private,9,Single,White,Male,40,<=50K
1094,21.0,Private,10,Single,White,Male,40,<=50K
1095,22.0,Self-emp,13,Single,Asian,Male,20,<=50K
1096,62.0,Private,6,Married,White,Male,40,<=50K
1097,19.0,Unknown,9,Single,White,Female,40,<=50K
1098,29.0,Self-emp,9,Married,White,Female,25,>50K
1099,43.0,Private,10,Single,White,Female,40,<=50K
1100,68.0,Unknown,4,Married,White,Male,8,<=50K
1101,45.0,Self-emp,13,Married,White,Male,60,>50K
1102,39.0,Self-emp,5,Married,White,Male,40,<=50K
1103,41.0,Private,13,Married,Black,Male,50,<=50K
1104,34.0,Self-emp,12,Married,White,Female,25,>50K
1105,34.0,Public,9,Single,White,Female,33,<=50K
1106,31.0,Private,13,Single,White,Male,47,<=50K
1107,29.0,Private,9,Single,White,Male,25,<=50K
1108,41.0,Private,13,Married,White,Male,40,>50K
1109,41.0,Private,11,Married,White,Male,55,<=50K
1110,35.0,Self-emp,14,Married,White,Male,45,>50K
1111,33.0,Private,13,Married,White,Female,45,>50K
1112,37.0,Public,13,Single,White,Male,38,<=50K
1113,69.0,Private,9,Married,White,Female,40,<=50K
1114,34.0,Private,9,Single,White,Female,40,<=50K
1115,60.0,Self-emp,11,Married,White,Male,70,>50K
1116,36.0,Private,10,Married,White,Male,40,<=50K
1117,41.0,Private,9,Married,White,Male,50,<=50K
1118,58.0,Public,13,Married,White,Female,40,>50K
1119,53.0,Private,13,Married,Asian,Male,40,<=50K
1120,29.0,Private,10,Married,White,Male,40,<=50K
1121,45.0,Public,9,Single,White,Female,40,<=50K
1122,34.0,Public,10,Married,White,Male,38,<=50K
1123,36.0,Private,13,Married,White,Male,40,<=50K
1124,48.0,Private,10,Single,Black,Female,35,<=50K
1125,20.0,Private,11,Single,White,Female,40,<=50K
1126,35.0,Private,9,Married,White,Male,50,>50K
1127,63.0,Public,9,Married,Black,Male,40,<=50K
1128,41.0,Self-emp,10,Single,White,Male,45,<=50K
1129,28.0,Private,13,Married,White,Male,45,<=50K
1130,30.0,Private,10,Single,Black,Female,40,<=50K
1131,34.0,Unknown,9,Single,White,Female,40,<=50K
1132,31.0,Private,9,Single,White,Female,40,<=50K
1133,37.0,Private,11,Single,White,Female,38,<=50K
1134,42.0,Unknown,10,Single,White,Male,40,<=50K
1135,31.0,Private,10,Married,White,Male,50,>50K
1136,46.0,Self-emp,14,Married,White,Male,45,>50K
1137,35.0,Public,9,Married,Black,Male,60,>50K
1138,27.0,Private,9,Married,White,Male,53,<=50K
1139,41.0,Private,2,Married,White,Male,35,<=50K
1140,19.0,Private,10,Single,White,Female,20,<=50K
1141,20.0,Private,10,Single,White,Male,45,<=50K
1142,59.0,Public,9,Married,White,Female,40,<=50K
1143,40.0,Private,13,Single,White,Male,37,<=50K
1144,56.0,Self-emp,10,Married,White,Male,60,<=50K
1145,33.0,Private,14,Married,White,Male,44,>50K
1146,30.0,Self-emp,10,Single,White,Female,60,<=50K
1147,46.0,Private,9,Married,White,Male,50,<=50K
1148,61.0,Self-emp,9,Married,White,Male,35,>50K
1149,50.0,Self-emp,9,Married,White,Male,40,>50K
1150,25.0,Private,9,Single,White,Male,30,<=50K
1151,40.0,Private,10,Single,White,Female,39,<=50K
1152,24.0,Unknown,10,Single,White,Male,40,<=50K
1153,51.0,Private,9,Married,White,Male,54,<=50K
1154,43.0,Public,9,Married,White,Male,40,<=50K
1155,34.0,Private,10,Married,White,Male,54,<=50K
1156,46.0,Private,9,Married,White,Male,45,>50K
1157,28.0,Public,14,Married,White,Female,50,>50K
1158,26.0,Private,13,Single,Asian,Male,40,<=50K
1159,20.0,Private,9,Single,White,Male,28,<=50K
1160,44.0,Private,11,Married,White,Male,40,<=50K
1161,51.0,Private,9,Married,White,Male,40,<=50K
1163,54.0,Private,12,Married,White,Male,40,>50K
1164,50.0,Private,13,Married,White,Female,40,>50K
1165,33.0,Private,9,Single,Black,Female,40,<=50K
1166,65.0,Private,13,Married,White,Male,20,>50K
1167,22.0,Unknown,10,Single,White,Female,8,<=50K
1168,88.0,Self-emp,15,Married,White,Male,40,<=50K
1169,40.0,Private,9,Single,White,Male,40,<=50K
1170,51.0,Private,9,Single,White,Female,43,<=50K
1171,50.0,Private,7,Single,Black,Female,40,<=50K
1172,25.0,Private,14,Married,White,Male,99,>50K
1173,20.0,Private,11,Single,White,Male,30,<=50K
1174,47.0,Private,9,Married,White,Male,40,<=50K
1175,58.0,Unknown,10,Married,White,Male,40,>50K
1176,22.0,Private,11,Single,White,Female,30,<=50K
1177,50.0,Public,9,Married,White,Male,48,>50K
1178,47.0,Private,9,Single,White,Female,40,<=50K
1179,24.0,Public,7,Single,Asian,Male,45,<=50K
1180,50.0,Unknown,9,Married,White,Male,40,>50K
1181,40.0,Private,13,Single,White,Female,45,>50K
1182,36.0,Private,13,Married,White,Male,40,<=50K
1183,32.0,Private,9,Married,White,Male,40,<=50K
1184,44.0,Private,9,Married,White,Male,40,<=50K
1185,51.0,Unknown,14,Married,White,Male,40,<=50K
1186,59.0,Public,10,Single,Black,Female,40,<=50K
1187,65.0,Private,9,Married,White,Male,30,<=50K
1188,24.0,Public,13,Single,White,Female,65,<=50K
1189,27.0,Public,13,Single,White,Male,35,<=50K
1190,51.0,Private,11,Single,White,Male,40,<=50K
1191,48.0,Private,10,Married,White,Male,40,>50K
1192,39.0,Private,9,Married,White,Male,60,<=50K
1193,28.0,Private,13,Married,White,Male,40,<=50K
1194,19.0,Private,10,Single,White,Female,25,<=50K
1195,49.0,Public,13,Single,Black,Female,40,<=50K
1196,51.0,Public,12,Married,White,Male,60,<=50K
1197,59.0,Private,14,Married,White,Male,55,<=50K
1198,18.0,Private,9,Single,White,Female,40,<=50K
1199,50.0,Private,9,Married,White,Male,40,<=50K
1200,45.0,Public,9,Married,Black,Male,80,>50K
1201,30.0,Public,13,Married,White,Male,50,>50K
1202,37.0,Private,13,Single,White,Male,35,<=50K
1203,44.0,Private,13,Single,White,Male,40,>50K
1205,61.0,Self-emp,14,Married,White,Male,40,>50K
1206,61.0,Public,9,Married,White,Male,40,<=50K
1207,38.0,Private,13,Married,White,Male,42,>50K
1208,22.0,Unknown,10,Single,White,Male,30,<=50K
1209,36.0,Private,9,Married,White,Male,45,<=50K
1210,44.0,Self-emp,10,Married,White,Male,60,>50K
1211,37.0,Private,10,Single,White,Male,62,<=50K
1212,31.0,Private,10,Single,White,Female,20,<=50K
1213,54.0,Private,16,Married,White,Male,45,>50K
1214,20.0,Private,10,Single,White,Male,16,<=50K
1215,63.0,Unknown,13,Married,White,Female,40,>50K
1216,48.0,Self-emp,10,Married,Amer-Indian,Male,40,>50K
1217,33.0,Unknown,9,Single,Asian,Female,41,<=50K
1218,31.0,Private,13,Single,White,Male,45,<=50K
1219,38.0,Private,15,Married,White,Male,40,>50K
1220,45.0,Self-emp,9,Married,White,Male,40,>50K
1221,48.0,Private,9,Married,White,Male,40,<=50K
1222,53.0,Private,10,Married,White,Male,40,<=50K
1223,55.0,Private,9,Married,White,Female,40,<=50K
1224,38.0,Private,14,Married,White,Male,72,>50K
1225,29.0,Private,9,Single,White,Female,40,<=50K
1226,36.0,Private,13,Married,White,Male,60,>50K
1227,42.0,Self-emp,10,Married,White,Male,60,<=50K
1228,50.0,Private,9,Single,White,Female,40,<=50K
1229,75.0,Self-emp,15,Married,White,Male,35,<=50K
1230,46.0,Private,13,Married,White,Male,40,>50K
1231,52.0,Public,9,Single,White,Female,40,<=50K
1232,27.0,Private,13,Single,White,Female,40,<=50K
1233,43.0,Private,9,Married,White,Male,45,<=50K
1234,31.0,Private,7,Single,Black,Female,42,<=50K
1235,23.0,Private,10,Single,White,Female,30,<=50K
1236,34.0,Private,9,Single,White,Female,24,<=50K
1237,41.0,Self-emp,9,Married,White,Female,40,<=50K
1238,31.0,Private,9,Single,White,Female,30,<=50K
1239,42.0,Private,10,Single,White,Female,40,<=50K
1240,35.0,Private,14,Single,White,Male,45,>50K
1241,55.0,Private,9,Single,White,Female,25,<=50K
1242,36.0,Public,9,Married,White,Female,40,<=50K
1243,65.0,Self-emp,9,Married,White,Male,59,>50K
1244,38.0,Public,10,Single,White,Male,12,<=50K
1245,62.0,Private,10,Married,White,Female,20,<=50K
1246,54.0,Self-emp,15,Married,White,Male,60,>50K
1247,49.0,Private,9,Single,White,Male,40,<=50K
1248,34.0,Private,9,Married,White,Female,40,<=50K
1249,32.0,Private,9,Single,White,Female,40,<=50K
1250,51.0,Self-emp,14,Married,White,Male,50,>50K
1251,48.0,Self-emp,10,Married,White,Male,60,<=50K
1252,30.0,Private,9,Married,White,Male,40,<=50K
1253,52.0,Public,9,Single,White,Female,43,<=50K
1254,28.0,Self-emp,10,Single,White,Male,40,<=50K
1255,29.0,Private,9,Married,Asian,Male,40,<=50K
1256,38.0,Private,13,Single,White,Female,50,<=50K
1257,57.0,Private,9,Married,White,Male,50,>50K
1258,43.0,Public,13,Married,White,Male,40,>50K
1259,37.0,Public,10,Single,White,Male,40,<=50K
1260,30.0,Private,9,Married,White,Male,40,<=50K
1262,69.0,Unknown,11,Married,White,Female,1,<=50K
1263,73.0,Private,9,Married,White,Female,37,<=50K
1264,22.0,Self-emp,10,Single,White,Male,35,<=50K
1265,31.0,Private,9,Single,White,Female,45,<=50K
1266,38.0,Private,13,Married,White,Male,40,>50K
1267,50.0,Self-emp,10,Married,White,Male,35,<=50K
1268,37.0,Private,10,Married,White,Male,37,<=50K
1269,44.0,Public,13,Single,White,Male,40,<=50K
1270,47.0,Private,13,Single,Black,Female,45,<=50K
1271,27.0,Private,10,Married,White,Male,40,<=50K
1272,28.0,Private,12,Single,White,Female,80,<=50K
1273,25.0,Private,9,Single,Black,Female,40,<=50K
1274,20.0,Private,10,Single,White,Female,40,<=50K
1275,51.0,Public,13,Married,White,Male,40,>50K
1276,46.0,Private,13,Married,White,Male,40,>50K
1277,67.0,Private,13,Married,White,Male,7,>50K
1278,47.0,Private,9,Married,White,Male,35,<=50K
1279,42.0,Private,9,Married,White,Male,40,<=50K
1280,52.0,Private,9,Single,White,Male,50,<=50K
1281,42.0,Public,12,Single,Asian,Female,40,>50K
1282,65.0,Unknown,9,Married,White,Male,40,>50K
1283,21.0,Private,10,Single,Black,Male,10,<=50K
1284,50.0,Private,9,Married,White,Female,40,>50K
1285,46.0,Private,10,Married,White,Male,40,<=50K
1286,47.0,Self-emp,13,Married,White,Male,50,>50K
1287,57.0,Private,6,Married,White,Male,40,<=50K
1288,37.0,Private,13,Single,White,Male,45,<=50K
1289,50.0,Private,9,Married,White,Male,40,<=50K
1290,58.0,Unknown,8,Married,White,Male,40,<=50K
1291,63.0,Self-emp,2,Married,White,Female,30,<=50K
1292,39.0,Private,9,Married,White,Male,65,<=50K
1293,46.0,Private,14,Married,Black,Male,35,<=50K
1294,36.0,Private,9,Married,White,Male,40,<=50K
1295,26.0,Private,3,Married,White,Male,50,<=50K
1296,21.0,Private,10,Single,White,Male,57,<=50K
1297,41.0,Private,12,Married,White,Male,40,<=50K
1298,44.0,Public,10,Single,Black,Male,40,<=50K
1299,22.0,Private,9,Married,White,Male,40,<=50K
1300,29.0,Public,10,Single,Black,Male,60,<=50K
1301,29.0,Private,9,Single,Black,Female,40,<=50K
1302,58.0,Self-emp,10,Married,White,Female,40,>50K
1304,30.0,Private,11,Married,White,Male,48,<=50K
1305,37.0,Private,13,Married,White,Male,43,>50K
1306,29.0,Private,11,Single,White,Male,40,<=50K
1307,26.0,Private,3,Single,White,Female,40,<=50K
1308,43.0,Private,9,Married,White,Male,45,<=50K
1309,49.0,Private,9,Married,White,Female,40,>50K
1310,45.0,Public,13,Married,White,Male,40,<=50K
1311,28.0,Private,13,Single,White,Female,40,<=50K
1312,20.0,Unknown,10,Single,White,Female,25,<=50K
1313,51.0,Private,9,Single,White,Female,40,<=50K
1314,32.0,Private,10,Married,White,Male,50,>50K
1315,24.0,Private,9,Single,White,Female,40,<=50K
1316,35.0,Private,16,Married,White,Male,40,>50K
1317,35.0,Unknown,12,Single,White,Male,55,<=50K
1318,41.0,Public,13,Married,White,Male,40,>50K
1319,48.0,Private,13,Married,White,Male,45,>50K
1320,61.0,Public,9,Married,White,Female,35,<=50K
1321,20.0,Private,10,Single,White,Male,30,<=50K
1322,27.0,Private,9,Single,White,Male,50,>50K
1323,55.0,Private,10,Married,White,Male,24,>50K
1324,39.0,Private,9,Married,White,Male,40,>50K
1325,17.0,Unknown,6,Single,White,Male,20,<=50K
1326,47.0,Private,9,Married,White,Male,40,<=50K
1327,52.0,Private,9,Married,Asian,Female,40,>50K
1328,24.0,Private,9,Single,Black,Female,20,<=50K
1329,29.0,Private,7,Single,Black,Female,40,<=50K
1330,25.0,Private,9,Single,White,Male,40,<=50K
1331,20.0,Private,10,Single,White,Female,40,<=50K
1332,23.0,Private,9,Single,Black,Male,35,<=50K
1333,57.0,Private,15,Married,White,Male,60,<=50K
1334,51.0,Private,11,Married,White,Male,40,>50K
1335,33.0,Private,10,Single,White,Female,16,<=50K
1336,39.0,Private,13,Single,White,Male,40,<=50K
1337,40.0,Private,9,Married,White,Male,40,>50K
1338,71.0,Private,13,Single,White,Female,16,<=50K
1339,38.0,Public,10,Married,White,Male,40,<=50K
1340,28.0,Public,15,Single,White,Male,40,<=50K
1341,57.0,Private,14,Married,White,Female,40,<=50K
1342,47.0,Private,10,Single,White,Male,40,<=50K
1343,59.0,Public,9,Single,White,Male,40,<=50K
1344,26.0,Private,9,Single,Hispanic,Male,40,<=50K
1345,35.0,Private,13,Single,White,Female,40,<=50K
1346,61.0,Self-emp,13,Married,White,Male,50,>50K
1347,17.0,Unknown,7,Single,White,Female,30,<=50K
1348,36.0,Private,13,Married,Asian,Male,60,>50K
1349,62.0,Unknown,4,Married,White,Male,50,<=50K
1350,34.0,Private,10,Single,White,Male,50,>50K
1351,32.0,Self-emp,13,Married,White,Male,50,>50K
1352,42.0,Private,9,Single,White,Female,40,<=50K
1353,39.0,Private,10,Married,White,Male,40,<=50K
1354,58.0,Private,3,Single,Black,Male,40,<=50K
1355,61.0,Self-emp,9,Married,White,Male,60,>50K
1356,40.0,Private,6,Single,Black,Male,55,<=50K
1357,31.0,Private,13,Single,White,Male,37,<=50K
1358,36.0,Private,9,Single,White,Male,50,<=50K
1359,23.0,Private,10,Single,White,Male,40,<=50K
1360,33.0,Private,9,Single,White,Male,41,<=50K
1361,52.0,Private,9,Married,White,Male,40,>50K
1362,22.0,Private,9,Single,White,Female,24,<=50K
1363,51.0,Private,10,Single,White,Female,40,<=50K
1364,31.0,Public,11,Single,White,Female,40,<=50K
1365,49.0,Self-emp,9,Single,White,Female,40,<=50K
1366,49.0,Private,9,Married,Black,Female,40,<=50K
1367,53.0,Public,10,Married,Black,Female,40,<=50K
1368,52.0,Private,9,Married,Asian,Male,40,>50K
1369,20.0,Private,6,Single,White,Male,40,<=50K
1370,26.0,Private,12,Single,Black,Male,40,<=50K
1371,61.0,Unknown,9,Married,White,Male,6,<=50K
1372,43.0,Private,14,Single,White,Female,30,<=50K
1373,46.0,Self-emp,13,Married,White,Male,52,<=50K
1374,43.0,Public,11,Single,White,Female,35,<=50K
1375,41.0,Private,9,Single,Black,Female,40,<=50K
1376,44.0,Self-emp,9,Married,White,Male,55,<=50K
1377,54.0,Private,9,Married,White,Male,40,<=50K
1378,65.0,Private,14,Married,White,Male,40,>50K
1379,32.0,Private,13,Single,White,Female,40,<=50K
1380,25.0,Private,10,Single,White,Male,40,<=50K
1381,23.0,Private,13,Single,White,Male,50,<=50K
1382,25.0,Public,13,Single,White,Male,45,<=50K
1383,19.0,Private,10,Single,White,Male,50,<=50K
1384,37.0,Self-emp,9,Married,White,Male,60,<=50K
1385,45.0,Private,10,Single,White,Male,45,<=50K
1386,37.0,Private,9,Single,Black,Male,44,<=50K
1387,40.0,Self-emp,10,Single,White,Male,70,>50K
1388,19.0,Unknown,10,Single,White,Male,40,<=50K
1389,17.0,Private,7,Single,White,Male,5,<=50K
1390,27.0,Private,13,Single,White,Female,40,<=50K
1392,59.0,Private,9,Single,White,Female,30,<=50K
1393,19.0,Public,9,Single,Black,Female,40,<=50K
1394,43.0,Private,6,Single,Black,Male,40,<=50K
1395,42.0,Private,6,Single,White,Male,40,>50K
1396,54.0,Private,9,Married,Black,Male,40,<=50K
1397,54.0,Self-emp,14,Married,White,Male,50,<=50K
1398,51.0,Private,6,Married,White,Male,45,<=50K
1399,50.0,Private,9,Married,White,Male,60,>50K
1400,40.0,Private,9,Single,White,Female,40,<=50K
1401,55.0,Private,12,Married,White,Male,25,<=50K
1402,50.0,Private,9,Single,White,Female,40,<=50K
1403,31.0,Private,9,Married,White,Male,50,<=50K
1404,42.0,Unknown,9,Single,Black,Female,32,<=50K
1405,24.0,Private,9,Married,White,Male,45,>50K
1406,30.0,Private,7,Single,White,Male,40,<=50K
1407,39.0,Public,12,Married,White,Female,50,>50K
1408,37.0,Private,9,Single,White,Male,50,<=50K
1409,33.0,Private,9,Married,White,Male,40,<=50K
1410,48.0,Private,9,Married,White,Female,40,<=50K
1411,43.0,Self-emp,9,Married,Asian,Male,78,<=50K
1412,39.0,Private,13,Married,White,Male,40,>50K
1413,53.0,Private,10,Married,White,Male,45,>50K
1414,52.0,Self-emp,6,Married,White,Male,60,<=50K
1415,28.0,Public,10,Married,Asian,Male,20,<=50K
1416,32.0,Private,9,Single,White,Male,52,<=50K
1417,31.0,Private,13,Married,Black,Male,90,>50K
1418,31.0,Private,13,Married,White,Female,40,>50K
1419,47.0,Private,10,Single,White,Female,40,<=50K
1420,19.0,Unknown,10,Single,White,Male,50,<=50K
1421,40.0,Private,11,Married,Black,Male,40,<=50K
1422,40.0,Private,12,Single,White,Female,45,<=50K
1423,41.0,Private,7,Single,White,Male,40,<=50K
1424,53.0,Public,9,Married,Black,Male,40,<=50K
1425,46.0,Private,7,Single,Amer-Indian,Male,43,<=50K
1426,45.0,Self-emp,13,Married,White,Male,35,>50K
1427,39.0,Private,5,Married,Black,Female,34,<=50K
1428,19.0,Private,9,Single,White,Male,40,<=50K
1429,57.0,Private,9,Married,White,Male,40,>50K
1430,49.0,Private,11,Married,White,Female,40,<=50K
1431,59.0,Private,9,Single,White,Female,40,<=50K
1432,32.0,Private,11,Single,White,Male,50,>50K
1433,18.0,Unknown,10,Single,White,Female,15,<=50K
1434,35.0,Public,10,Single,Black,Male,40,<=50K
1435,58.0,Self-emp,6,Married,White,Female,40,<=50K
1436,28.0,Private,13,Single,White,Male,43,<=50K
1437,36.0,Public,12,Married,White,Female,40,>50K
1438,41.0,Self-emp,14,Single,White,Female,35,<=50K
1439,47.0,Private,9,Married,White,Male,40,>50K
1440,50.0,Self-emp,9,Married,White,Male,60,<=50K
1441,61.0,Unknown,9,Married,White,Male,16,<=50K
1442,36.0,Private,9,Married,White,Male,50,>50K
1443,38.0,Private,11,Single,White,Male,40,<=50K
1444,56.0,Self-emp,9,Married,White,Male,60,>50K
1445,50.0,Private,11,Married,White,Male,45,<=50K
1446,45.0,Self-emp,10,Married,White,Male,40,<=50K
1447,44.0,Self-emp,9,Married,White,Male,66,<=50K
1448,51.0,Private,10,Married,White,Male,45,>50K
1449,44.0,Self-emp,10,Married,White,Male,50,>50K
1450,25.0,Private,9,Single,White,Male,50,<=50K
1451,60.0,Private,7,Married,Black,Male,40,<=50K
1452,17.0,Unknown,6,Single,White,Male,30,<=50K
1453,49.0,Self-emp,14,Married,White,Male,50,>50K
1455,56.0,Private,9,Married,Black,Female,38,<=50K
1456,25.0,Private,9,Single,White,Male,45,<=50K
1457,22.0,Private,10,Single,White,Male,40,<=50K
1458,76.0,Unknown,9,Married,Black,Female,2,<=50K
1459,41.0,Self-emp,15,Married,White,Male,60,>50K
1460,48.0,Self-emp,9,Married,White,Male,40,>50K
1461,46.0,Private,6,Single,Black,Male,40,<=50K
1462,30.0,Private,10,Single,White,Male,40,>50K
1463,39.0,Private,9,Married,White,Male,40,>50K
1464,40.0,Private,6,Single,Amer-Indian,Male,40,<=50K
1465,70.0,Public,9,Married,Black,Male,40,<=50K
1466,35.0,Private,10,Married,White,Male,45,<=50K
1467,49.0,Private,14,Single,White,Female,75,<=50K
1468,24.0,Private,11,Single,White,Male,60,<=50K
1469,40.0,Private,12,Married,White,Male,36,>50K
1470,61.0,Private,15,Married,White,Male,5,>50K
1471,25.0,Private,13,Single,Asian,Male,40,<=50K
1472,28.0,Public,13,Single,White,Female,40,<=50K
1473,69.0,Public,14,Married,White,Male,11,<=50K
1474,22.0,Private,10,Single,White,Female,36,<=50K
1475,47.0,Private,9,Married,White,Male,38,<=50K
1476,38.0,Private,9,Single,White,Female,48,<=50K
1477,26.0,Private,11,Single,White,Female,40,<=50K
1478,17.0,Private,7,Single,Asian,Female,24,<=50K
1479,33.0,Self-emp,10,Single,White,Male,35,<=50K
1480,43.0,Self-emp,9,Married,White,Male,40,<=50K
1481,58.0,Private,11,Married,White,Male,40,>50K
1482,53.0,Self-emp,9,Married,White,Male,40,>50K
1483,26.0,Private,9,Single,White,Male,25,<=50K
1484,43.0,Public,13,Married,Black,Male,40,>50K
1485,31.0,Private,6,Married,White,Male,40,<=50K
1486,30.0,Private,9,Single,White,Male,42,<=50K
1487,25.0,Private,9,Single,White,Female,25,<=50K
1488,57.0,Public,9,Single,White,Female,40,<=50K
1489,37.0,Private,14,Single,White,Male,60,>50K
1490,32.0,Private,10,Married,White,Male,48,<=50K
1491,26.0,Private,9,Single,White,Female,41,<=50K
1492,45.0,Private,9,Married,White,Male,40,>50K
1493,53.0,Public,9,Married,White,Male,35,>50K
1494,27.0,Private,9,Single,Amer-Indian,Male,40,<=50K
1495,28.0,Self-emp,7,Married,White,Male,50,>50K
1496,32.0,Private,7,Single,White,Male,43,>50K
1497,35.0,Private,13,Single,White,Female,65,<=50K
1498,36.0,Self-emp,10,Married,White,Male,55,>50K
1499,19.0,Private,10,Single,White,Male,40,<=50K
1500,37.0,Self-emp,13,Married,White,Male,80,>50K
1501,49.0,Private,10,Single,White,Male,45,<=50K
1502,20.0,Private,10,Single,White,Male,45,<=50K
1503,64.0,Self-emp,13,Married,White,Male,55,>50K
1504,60.0,Unknown,14,Married,White,Male,40,<=50K
1505,32.0,Private,12,Married,White,Male,42,<=50K
1506,58.0,Public,9,Married,White,Male,40,<=50K
1507,42.0,Private,9,Married,White,Male,50,<=50K
1508,20.0,Private,10,Single,Black,Female,14,<=50K
1509,42.0,Public,10,Married,Black,Male,40,<=50K
1510,25.0,Private,10,Married,Black,Male,40,<=50K
1511,30.0,Self-emp,11,Married,White,Male,65,>50K
1512,37.0,Self-emp,13,Married,White,Male,35,>50K
1513,66.0,Self-emp,11,Married,White,Male,50,<=50K
1514,59.0,Self-emp,13,Married,White,Male,40,>50K
1515,44.0,Private,13,Single,Asian,Male,40,<=50K
1516,46.0,Private,9,Married,White,Male,58,>50K
1517,59.0,Private,13,Married,White,Female,30,<=50K
1518,25.0,Private,13,Single,White,Male,40,<=50K
1519,17.0,Public,5,Single,Black,Male,9,<=50K
1520,47.0,Public,13,Married,White,Male,40,<=50K
1521,47.0,Public,5,Single,White,Female,40,<=50K
1522,30.0,Private,10,Single,White,Female,40,<=50K
1523,20.0,Private,10,Single,White,Female,40,<=50K
1524,26.0,Public,13,Single,White,Male,55,<=50K
1525,20.0,Private,10,Single,Black,Male,15,<=50K
1526,33.0,Private,9,Single,White,Male,40,<=50K
1527,48.0,Private,9,Married,White,Male,40,<=50K
1528,52.0,Private,13,Married,White,Male,50,>50K
1530,47.0,Private,9,Married,Black,Male,40,<=50K
1531,40.0,Private,6,Married,White,Male,40,>50K
1532,48.0,Private,14,Single,White,Female,40,>50K
1533,49.0,Private,6,Married,Black,Male,42,>50K
1534,50.0,Private,10,Single,White,Female,40,<=50K
1535,30.0,Private,12,Single,White,Female,40,<=50K
1536,34.0,Private,10,Married,White,Male,40,<=50K
1537,43.0,Private,9,Married,White,Male,40,<=50K
1538,22.0,Private,6,Married,White,Female,40,<=50K
1539,35.0,Private,9,Single,Black,Male,40,<=50K
1540,26.0,Public,9,Single,White,Female,30,<=50K
1541,62.0,Private,15,Married,White,Male,70,<=50K
1542,39.0,Public,9,Single,White,Male,40,<=50K
1543,59.0,Public,10,Married,White,Male,40,<=50K
1544,69.0,Unknown,3,Single,White,Male,40,<=50K
1545,27.0,Private,13,Married,White,Male,40,<=50K
1546,17.0,Private,6,Single,White,Male,30,<=50K
1548,41.0,Private,10,Married,White,Male,50,>50K
1549,27.0,Private,6,Single,White,Female,40,<=50K
1550,23.0,Private,9,Single,White,Female,40,<=50K
1551,17.0,Private,6,Single,White,Male,24,<=50K
1552,56.0,Private,4,Single,White,Female,40,<=50K
1553,24.0,Private,10,Single,White,Female,40,<=50K
1554,62.0,Private,16,Married,White,Male,40,>50K
1555,44.0,Private,8,Single,Black,Male,40,<=50K
1556,23.0,Private,13,Single,White,Male,30,<=50K
1557,41.0,Self-emp,9,Single,White,Male,50,<=50K
1558,25.0,Private,9,Single,White,Male,65,<=50K
1559,21.0,Private,10,Single,Black,Female,8,<=50K
1560,18.0,Private,8,Single,White,Male,6,<=50K
1561,45.0,Private,10,Married,White,Male,40,<=50K
1562,75.0,Unknown,13,Married,White,Female,16,>50K
1563,51.0,Private,4,Married,White,Male,40,<=50K
1564,42.0,Public,9,Single,Black,Female,40,<=50K
1565,47.0,Private,10,Single,Black,Female,35,<=50K
1566,29.0,Private,10,Married,White,Male,40,<=50K
1567,33.0,Private,7,Single,Black,Male,40,<=50K
1568,43.0,Public,13,Married,White,Male,40,<=50K
1569,20.0,Unknown,10,Single,White,Male,16,<=50K
1570,19.0,Unknown,13,Single,Black,Female,40,<=50K
1571,44.0,Private,12,Married,White,Male,40,>50K
1572,24.0,Private,10,Single,White,Male,30,<=50K
1573,19.0,Private,10,Single,White,Male,40,<=50K
1574,49.0,Unknown,6,Single,White,Male,40,<=50K
1575,52.0,Private,11,Married,White,Male,40,<=50K
1576,38.0,Self-emp,9,Single,White,Male,52,<=50K
1577,24.0,Public,10,Single,White,Male,50,<=50K
1578,32.0,Public,13,Single,White,Male,50,<=50K
1579,72.0,Unknown,9,Married,White,Female,8,<=50K
1580,26.0,Private,9,Married,White,Male,50,>50K
1581,31.0,Private,13,Single,Asian,Male,40,<=50K
1582,29.0,Private,13,Married,White,Male,50,<=50K
1583,39.0,Private,9,Single,White,Male,40,>50K
1584,48.0,Self-emp,9,Married,White,Male,50,<=50K
1585,40.0,Private,10,Married,White,Male,45,>50K
1586,51.0,Private,10,Single,White,Male,45,<=50K
1587,28.0,Self-emp,9,Single,White,Male,40,<=50K
1588,22.0,Private,9,Single,White,Female,20,<=50K
1589,23.0,Private,13,Single,White,Female,40,<=50K
1590,65.0,Private,10,Married,White,Male,16,<=50K
1591,26.0,Public,13,Married,White,Male,40,<=50K
1592,20.0,Unknown,10,Single,White,Male,50,<=50K
1593,55.0,Private,14,Married,White,Male,50,>50K
1594,38.0,Self-emp,13,Married,White,Male,10,<=50K
1595,33.0,Private,9,Single,White,Male,60,>50K
1596,33.0,Public,9,Married,White,Female,60,<=50K
1597,37.0,Private,13,Single,Black,Female,40,<=50K
1598,19.0,Private,7,Single,White,Male,60,<=50K
1599,24.0,Private,13,Single,White,Male,50,<=50K
1600,30.0,Private,7,Married,White,Male,45,<=50K
1601,57.0,Public,9,Single,White,Female,50,<=50K
1602,22.0,Public,10,Single,White,Female,20,<=50K
1603,57.0,Private,9,Married,Black,Male,40,>50K
1604,46.0,Public,9,Married,White,Male,40,<=50K
1605,67.0,Private,9,Married,White,Male,35,<=50K
1606,35.0,Unknown,9,Single,Black,Female,40,<=50K
1607,47.0,Private,9,Single,White,Male,40,<=50K
1608,39.0,Private,6,Married,White,Male,40,<=50K
1609,50.0,Private,10,Single,Asian,Male,40,<=50K
1610,58.0,Self-emp,8,Single,White,Female,52,<=50K
1611,36.0,Private,12,Married,White,Female,30,>50K
1612,45.0,Private,14,Married,White,Male,36,>50K
1613,54.0,Private,9,Married,White,Male,40,>50K
1614,26.0,Private,13,Single,White,Male,30,<=50K
1615,60.0,Private,9,Married,White,Male,40,>50K
1616,46.0,Private,15,Married,White,Male,60,>50K
1617,26.0,Private,10,Married,White,Female,35,<=50K
1618,32.0,Private,7,Single,White,Male,40,<=50K
1619,38.0,Public,9,Married,White,Male,40,<=50K
1620,48.0,Self-emp,10,Married,White,Male,70,>50K
1621,44.0,Self-emp,9,Married,White,Male,45,>50K
1622,37.0,Private,9,Single,Asian,Female,40,<=50K
1623,44.0,Private,10,Married,White,Male,40,<=50K
1624,31.0,Private,9,Single,Hispanic,Female,35,<=50K
1625,61.0,Self-emp,15,Married,White,Male,35,>50K
1626,51.0,Private,9,Married,White,Male,40,<=50K
1627,52.0,Private,13,Married,White,Female,60,>50K
1628,45.0,Private,9,Married,White,Female,40,<=50K
1629,36.0,Unknown,12,Married,Black,Female,21,<=50K
1630,39.0,Private,7,Married,White,Male,70,<=50K
1631,67.0,Public,9,Single,White,Female,24,<=50K
1632,40.0,Public,12,Married,White,Male,40,>50K
1633,27.0,Private,3,Single,White,Male,35,<=50K
1634,37.0,Private,2,Married,White,Male,40,<=50K
1635,57.0,Private,10,Married,White,Male,50,>50K
1636,27.0,Private,6,Single,White,Female,40,<=50K
1638,34.0,Self-emp,13,Married,White,Male,60,>50K
1639,54.0,Private,9,Married,White,Male,50,>50K
1640,52.0,Private,9,Single,Black,Female,38,<=50K
1641,42.0,Private,13,Married,White,Male,45,>50K
1642,48.0,Private,14,Married,White,Male,40,>50K
1643,65.0,Public,14,Married,White,Male,35,>50K
1644,55.0,Self-emp,15,Married,White,Female,10,<=50K
1645,71.0,Self-emp,9,Married,White,Female,20,>50K
1646,33.0,Private,10,Married,Black,Male,40,<=50K
1647,30.0,Private,9,Married,White,Male,40,<=50K
1648,35.0,Private,13,Married,White,Male,55,>50K
1649,59.0,Private,6,Single,Black,Female,40,<=50K
1650,19.0,Private,10,Single,White,Male,20,<=50K
1652,26.0,Self-emp,9,Single,White,Male,40,<=50K
1653,34.0,Public,9,Married,White,Male,40,<=50K
1654,41.0,Private,9,Married,Black,Male,40,>50K
1655,44.0,Private,13,Married,White,Male,50,>50K
1656,26.0,Unknown,9,Single,White,Female,40,<=50K
1657,47.0,Private,9,Married,White,Male,48,<=50K
1658,18.0,Private,10,Single,White,Male,16,<=50K
1659,55.0,Self-emp,6,Married,White,Male,18,<=50K
1660,49.0,Public,9,Married,White,Male,40,<=50K
1661,44.0,Private,13,Married,White,Male,40,>50K
1662,43.0,Private,13,Single,White,Male,40,<=50K
1663,62.0,Private,4,Married,White,Male,40,<=50K
1664,44.0,Private,9,Married,Black,Male,40,<=50K
1665,39.0,Unknown,9,Single,White,Female,40,<=50K
1666,50.0,Self-emp,10,Married,White,Male,60,>50K
1667,35.0,Private,7,Single,White,Male,45,<=50K
1668,52.0,Private,9,Married,White,Male,40,<=50K
1669,46.0,Private,15,Married,White,Male,60,>50K
1670,44.0,Private,12,Married,White,Male,40,>50K
1671,43.0,Private,10,Single,White,Male,50,<=50K
1672,51.0,Private,4,Married,White,Male,40,<=50K
1673,20.0,Private,10,Single,White,Male,20,<=50K
1674,47.0,Private,12,Married,White,Female,40,>50K
1675,43.0,Private,14,Single,White,Male,50,<=50K
1676,64.0,Unknown,9,Married,White,Male,40,>50K
1677,24.0,Private,10,Single,White,Male,40,<=50K
1678,27.0,Public,10,Married,White,Male,50,<=50K
1679,32.0,Private,9,Married,White,Male,40,<=50K
1680,37.0,Private,9,Single,White,Female,12,<=50K
1681,26.0,Private,9,Married,White,Male,60,<=50K
1682,43.0,Private,13,Married,White,Male,60,>50K
1683,50.0,Private,9,Married,White,Female,40,<=50K
1684,20.0,Self-emp,9,Single,White,Male,80,<=50K
1685,37.0,Private,9,Married,White,Male,45,>50K
1686,43.0,Private,9,Single,Black,Female,45,<=50K
1687,37.0,Private,9,Married,White,Male,50,>50K
1688,53.0,Private,5,Single,White,Female,36,<=50K
1689,44.0,Private,16,Married,White,Male,40,>50K
1690,25.0,Private,9,Single,White,Female,40,<=50K
1691,17.0,Private,7,Single,White,Female,20,<=50K
1692,19.0,Private,9,Single,White,Male,50,<=50K
1693,53.0,Public,9,Married,White,Female,40,>50K
1694,44.0,Private,10,Married,White,Male,50,<=50K
1695,51.0,Private,9,Married,Black,Male,40,>50K
1696,49.0,Private,9,Married,White,Female,43,<=50K
1697,35.0,Private,10,Married,White,Male,40,<=50K
1698,44.0,Private,9,Single,White,Male,45,<=50K
1699,54.0,Private,14,Married,White,Male,60,<=50K
1700,37.0,Private,10,Single,Black,Female,35,<=50K
1701,18.0,Private,10,Single,White,Female,15,<=50K
1702,24.0,Private,10,Married,White,Male,40,<=50K
1703,29.0,Private,9,Single,White,Female,50,<=50K
1704,22.0,Unknown,10,Single,White,Female,35,<=50K
1705,35.0,Private,9,Single,White,Male,40,<=50K
1706,56.0,Private,9,Married,White,Male,48,>50K
1707,32.0,Unknown,4,Married,White,Female,40,<=50K
1708,24.0,Private,13,Single,Asian,Male,45,<=50K
1709,43.0,Private,14,Married,White,Male,40,>50K
1710,73.0,Private,9,Married,White,Female,15,<=50K
1711,47.0,Public,10,Married,White,Male,40,<=50K
1712,49.0,Private,8,Married,White,Male,39,<=50K
1713,38.0,Private,13,Married,White,Male,40,>50K
1714,31.0,Private,9,Married,Black,Male,40,<=50K
1715,39.0,Private,10,Single,Amer-Indian,Female,40,<=50K
1716,42.0,Private,13,Single,White,Female,40,<=50K
1717,41.0,Private,14,Married,Asian,Male,45,>50K
1718,35.0,Private,13,Married,White,Male,45,>50K
1719,38.0,Private,9,Married,White,Male,45,<=50K
1720,31.0,Private,9,Single,White,Female,40,<=50K
1721,51.0,Public,9,Married,White,Male,70,<=50K
1722,38.0,Private,13,Single,White,Male,48,>50K
1723,40.0,Public,10,Married,White,Male,42,>50K
1724,21.0,Private,9,Single,White,Female,30,<=50K
1725,44.0,Private,10,Single,White,Male,40,<=50K
1726,55.0,Private,9,Married,White,Male,40,>50K
1727,29.0,Private,9,Single,White,Male,45,<=50K
1728,49.0,Private,14,Married,White,Female,50,>50K
1729,31.0,Private,11,Married,White,Male,42,<=50K
1730,24.0,Private,14,Single,White,Male,90,<=50K
1731,46.0,Private,10,Single,Black,Male,40,<=50K
1732,26.0,Private,9,Single,Black,Male,40,<=50K
1733,35.0,Private,13,Single,White,Male,38,<=50K
1734,27.0,Private,11,Single,White,Male,50,<=50K
1735,64.0,Self-emp,13,Married,White,Male,35,>50K
1736,26.0,Private,13,Single,White,Male,40,<=50K
1737,21.0,Private,9,Single,White,Female,16,<=50K
1738,45.0,Private,13,Single,White,Male,45,>50K
1739,57.0,Public,9,Married,White,Male,72,<=50K
1740,30.0,Private,13,Married,White,Male,40,>50K
1741,45.0,Private,7,Married,White,Female,32,<=50K
1742,50.0,Private,4,Single,White,Female,30,<=50K
1743,38.0,Private,13,Single,White,Female,40,<=50K
1744,43.0,Self-emp,10,Married,White,Male,60,<=50K
1745,42.0,Private,10,Married,White,Female,55,<=50K
1746,32.0,Private,13,Single,White,Male,40,<=50K
1747,20.0,Private,9,Single,White,Female,40,<=50K
1748,27.0,Private,9,Single,White,Female,35,<=50K
1749,45.0,Private,7,Married,White,Female,40,<=50K
1750,40.0,Private,9,Single,White,Female,40,<=50K
1751,38.0,Private,9,Single,White,Male,60,<=50K
1752,37.0,Private,9,Single,White,Female,40,<=50K
1753,60.0,Private,6,Single,White,Female,40,<=50K
1754,53.0,Self-emp,9,Married,Black,Male,45,>50K
1755,25.0,Private,13,Married,White,Female,40,<=50K
1756,47.0,Self-emp,13,Single,Asian,Male,60,<=50K
1757,40.0,Self-emp,9,Single,White,Male,70,<=50K
1758,51.0,Unknown,9,Married,White,Male,40,<=50K
1759,19.0,Private,10,Single,White,Female,10,<=50K
1760,42.0,Private,10,Married,White,Female,50,>50K
1761,65.0,Unknown,9,Married,White,Male,40,<=50K
1762,41.0,Private,13,Single,White,Female,40,<=50K
1763,28.0,Private,6,Single,Black,Male,45,<=50K
1764,46.0,Private,14,Single,White,Female,50,>50K
1765,49.0,Private,13,Married,White,Female,20,>50K
1766,24.0,Private,9,Single,Black,Male,40,<=50K
1767,32.0,Private,7,Married,White,Male,40,<=50K
1768,71.0,Private,9,Married,White,Male,20,<=50K
1769,26.0,Private,10,Married,White,Male,40,>50K
1770,29.0,Private,9,Married,White,Male,40,<=50K
1771,50.0,Private,10,Married,White,Male,50,>50K
1772,51.0,Private,11,Married,White,Male,50,>50K
1773,17.0,Unknown,6,Single,White,Female,20,<=50K
1774,49.0,Private,9,Married,Black,Female,40,>50K
1775,31.0,Private,6,Married,White,Male,40,<=50K
1776,23.0,Private,7,Married,White,Male,40,<=50K
1777,59.0,Public,9,Married,White,Male,40,<=50K
1778,17.0,Unknown,6,Single,White,Male,30,<=50K
1779,43.0,Private,10,Married,White,Male,40,>50K
1780,38.0,Private,13,Married,White,Male,40,>50K
1781,37.0,Private,9,Married,White,Male,40,<=50K
1782,29.0,Private,6,Single,White,Male,40,<=50K
1783,39.0,Private,13,Married,White,Male,50,>50K
1784,31.0,Private,12,Single,White,Male,38,<=50K
1785,42.0,Public,13,Married,White,Female,45,>50K
1786,35.0,Public,14,Married,White,Female,35,>50K
1787,39.0,Private,14,Married,Asian,Male,40,>50K
1788,40.0,Private,12,Single,White,Female,40,<=50K
1789,66.0,Private,3,Married,White,Female,40,<=50K
1790,30.0,Public,5,Married,White,Male,40,<=50K
1791,43.0,Private,12,Single,White,Male,40,<=50K
1792,47.0,Private,5,Single,White,Female,50,<=50K
1793,45.0,Private,14,Single,Asian,Female,40,<=50K
1794,31.0,Private,10,Married,Black,Male,40,<=50K
1795,33.0,Private,9,Married,White,Male,40,>50K
1796,32.0,Private,13,Single,White,Male,40,<=50K
1797,28.0,Private,12,Married,Black,Male,40,<=50K
1798,50.0,Public,9,Married,White,Male,40,>50K
1799,63.0,Private,4,Single,White,Female,40,<=50K
1800,28.0,Private,13,Married,White,Male,40,<=50K
1801,38.0,Private,10,Married,Black,Female,40,<=50K
1802,52.0,Private,9,Single,White,Female,38,<=50K
1803,38.0,Self-emp,15,Married,Asian,Male,40,>50K
1804,41.0,Private,9,Single,White,Male,40,<=50K
1805,50.0,Public,14,Single,White,Male,38,<=50K
1806,59.0,Private,7,Married,White,Male,40,<=50K
1807,32.0,Private,9,Married,White,Male,49,<=50K
1808,73.0,Public,4,Married,White,Male,10,<=50K
1809,52.0,Self-emp,9,Single,White,Male,38,<=50K
1810,57.0,Private,9,Married,White,Male,60,<=50K
1811,35.0,Private,11,Married,White,Male,50,>50K
1812,51.0,Private,13,Married,White,Male,56,>50K
1813,22.0,Private,7,Married,Black,Female,35,<=50K
1814,49.0,Private,9,Married,White,Male,40,>50K
1815,22.0,Private,9,Single,Black,Male,40,<=50K
1816,46.0,Public,9,Married,White,Male,40,<=50K
1817,48.0,Private,9,Single,White,Female,40,<=50K
1818,52.0,Private,9,Married,White,Male,40,<=50K
1819,43.0,Public,13,Married,White,Male,50,>50K
1820,25.0,Private,4,Married,White,Male,40,<=50K
1821,31.0,Private,4,Single,White,Male,40,<=50K
1822,19.0,Private,10,Single,White,Male,36,<=50K
1823,19.0,Unknown,10,Single,White,Male,45,<=50K
1824,51.0,Private,9,Married,White,Male,84,>50K
1825,51.0,Private,13,Single,White,Male,40,>50K
1826,22.0,Self-emp,9,Single,White,Female,40,>50K
1827,37.0,Public,9,Single,Black,Female,35,<=50K
1828,19.0,Private,10,Single,White,Female,30,<=50K
1829,45.0,Private,9,Single,White,Female,55,<=50K
1830,21.0,Public,10,Single,White,Male,10,<=50K
1831,52.0,Private,9,Married,White,Female,40,<=50K
1832,46.0,Public,10,Married,White,Male,24,<=50K
1833,42.0,Public,14,Single,White,Female,38,<=50K
1834,56.0,Private,9,Single,White,Male,40,<=50K
1835,23.0,Private,9,Single,White,Female,40,<=50K
1836,58.0,Private,14,Married,White,Male,40,<=50K
1837,70.0,Private,9,Married,White,Male,30,<=50K
1838,30.0,Private,10,Single,White,Male,40,<=50K
1839,45.0,Private,13,Married,Asian,Male,40,<=50K
1840,23.0,Private,10,Single,White,Male,44,<=50K
1842,38.0,Private,13,Married,White,Female,40,<=50K
1844,53.0,Private,4,Single,Amer-Indian,Male,40,<=50K
1845,45.0,Public,9,Single,Black,Male,40,<=50K
1846,21.0,Unknown,10,Single,White,Female,40,<=50K
1847,21.0,Private,10,Single,White,Female,40,<=50K
1848,34.0,Private,13,Single,White,Female,40,<=50K
1850,21.0,Private,9,Married,White,Male,40,<=50K
1851,63.0,Unknown,14,Married,White,Male,30,<=50K
1852,23.0,Private,5,Single,Black,Male,36,<=50K
1853,28.0,Private,13,Single,White,Male,50,<=50K
1854,29.0,Self-emp,9,Single,Black,Male,45,<=50K
1855,25.0,Public,13,Single,White,Female,40,<=50K
1856,44.0,Public,14,Single,White,Female,60,<=50K
1857,18.0,Private,9,Single,White,Female,8,<=50K
1858,26.0,Private,9,Single,White,Male,24,<=50K
1859,47.0,Public,12,Married,White,Female,35,>50K
1860,23.0,Private,9,Single,White,Male,40,<=50K
1861,46.0,Private,10,Married,White,Male,40,<=50K
1862,61.0,Public,13,Married,White,Male,50,>50K
1863,25.0,Private,9,Single,White,Male,40,<=50K
1864,38.0,Public,9,Married,Asian,Male,54,>50K
1865,60.0,Unknown,13,Married,Black,Female,15,<=50K
1866,23.0,Private,10,Single,White,Male,20,<=50K
1867,36.0,Public,9,Single,White,Female,48,<=50K
1868,46.0,Private,5,Single,White,Male,25,<=50K
1869,32.0,Self-emp,13,Married,White,Male,45,>50K
1870,40.0,Private,6,Married,White,Male,40,<=50K
1871,31.0,Private,9,Single,Black,Male,40,<=50K
1872,31.0,Private,10,Married,White,Male,65,>50K
1873,32.0,Public,13,Single,White,Male,37,<=50K
1874,21.0,Private,10,Single,White,Male,10,<=50K
1875,63.0,Private,10,Married,Black,Male,40,>50K
1876,44.0,Private,10,Single,White,Male,45,>50K
1877,42.0,Self-emp,13,Married,White,Male,60,<=50K
1878,23.0,Unknown,13,Single,White,Male,35,<=50K
1879,30.0,Private,10,Single,White,Female,45,<=50K
1880,24.0,Private,9,Single,White,Male,40,<=50K
1881,42.0,Private,13,Married,White,Male,40,>50K
1882,44.0,Self-emp,9,Married,White,Female,40,>50K
1883,27.0,Public,13,Single,Black,Male,48,<=50K
1884,27.0,Public,10,Single,White,Male,40,<=50K
1885,22.0,Private,9,Single,White,Female,45,<=50K
1886,68.0,Private,9,Single,White,Female,40,<=50K
1887,55.0,Self-emp,10,Married,White,Male,99,>50K
1888,22.0,Self-emp,9,Single,White,Male,40,<=50K
1889,25.0,Private,10,Married,White,Female,15,<=50K
1890,68.0,Self-emp,9,Married,White,Male,45,<=50K
1891,62.0,Private,10,Married,White,Female,16,<=50K
1892,26.0,Private,9,Single,White,Male,40,<=50K
1893,34.0,Private,14,Married,White,Male,55,>50K
1894,68.0,Private,10,Married,White,Male,40,<=50K
1895,42.0,Public,13,Single,White,Male,45,>50K
1896,45.0,Private,13,Married,White,Male,55,<=50K
1897,26.0,Private,7,Single,White,Male,40,<=50K
1898,25.0,Private,9,Married,White,Male,45,<=50K
1899,23.0,Private,13,Single,White,Male,50,<=50K
1900,29.0,Private,10,Single,Hispanic,Male,40,<=50K
1901,65.0,Unknown,4,Married,White,Female,50,<=50K
1902,31.0,Private,9,Single,White,Male,50,<=50K
1903,26.0,Private,9,Single,White,Female,40,<=50K
1904,39.0,Private,10,Married,White,Male,50,>50K
1905,44.0,Private,9,Married,White,Male,40,>50K
1906,45.0,Public,14,Single,White,Female,45,<=50K
1907,26.0,Self-emp,14,Single,White,Female,50,<=50K
1908,26.0,Private,6,Married,White,Male,35,<=50K
1909,36.0,Private,5,Married,White,Male,50,<=50K
1910,38.0,Private,7,Married,White,Male,45,<=50K
1911,39.0,Private,9,Single,White,Male,48,<=50K
1912,52.0,Self-emp,15,Married,White,Male,40,<=50K
1913,39.0,Private,2,Married,White,Male,45,<=50K
1914,41.0,Self-emp,10,Single,White,Male,40,<=50K
1915,42.0,Public,14,Married,White,Male,60,>50K
1916,47.0,Private,13,Married,White,Male,70,<=50K
1917,28.0,Public,11,Married,Black,Male,46,<=50K
1918,25.0,Public,13,Single,White,Male,35,<=50K
1919,35.0,Private,13,Single,White,Female,40,<=50K
1920,32.0,Private,9,Single,White,Female,40,<=50K
1921,38.0,Private,14,Married,Black,Male,40,>50K
1922,44.0,Private,10,Married,White,Male,18,>50K
1923,21.0,Unknown,10,Single,White,Female,40,<=50K
1924,27.0,Private,13,Single,White,Female,40,<=50K
1925,30.0,Private,13,Single,White,Male,55,>50K
1926,30.0,Private,13,Single,White,Male,48,<=50K
1927,45.0,Private,9,Married,White,Male,45,<=50K
1928,20.0,Private,9,Single,White,Male,40,<=50K
1929,57.0,Private,14,Single,White,Male,80,<=50K
1930,43.0,Private,10,Single,White,Male,48,<=50K
1931,50.0,Unknown,7,Married,Black,Female,40,<=50K
1932,28.0,Private,4,Married,Asian,Female,48,<=50K
1933,25.0,Private,9,Married,White,Female,48,>50K
1934,25.0,Private,9,Married,White,Male,40,<=50K
1935,90.0,Private,13,Married,White,Male,45,<=50K
1936,38.0,Public,13,Single,Black,Male,40,<=50K
1937,35.0,Private,13,Married,White,Female,40,<=50K
1938,50.0,Public,13,Married,White,Male,40,>50K
1939,26.0,Public,9,Single,White,Female,40,<=50K
1940,39.0,Private,10,Married,White,Male,45,<=50K
1941,56.0,Private,6,Married,White,Male,40,<=50K
1942,24.0,Public,9,Single,Black,Female,40,<=50K
1943,46.0,Private,9,Married,White,Female,40,>50K
1944,18.0,Public,7,Single,White,Female,25,<=50K
1945,37.0,Private,14,Married,White,Male,60,>50K
1946,57.0,Private,14,Single,White,Female,40,<=50K
1947,43.0,Public,9,Single,Black,Female,40,<=50K
1948,29.0,Public,13,Married,White,Male,25,<=50K
1949,40.0,Private,14,Married,White,Male,40,>50K
1950,44.0,Self-emp,13,Married,White,Male,40,<=50K
1951,77.0,Public,9,Married,White,Male,6,<=50K
1952,30.0,Private,13,Single,Black,Male,40,<=50K
1953,21.0,Private,9,Married,White,Male,40,<=50K
1954,66.0,Private,6,Married,White,Male,40,<=50K
1955,40.0,Private,7,Single,White,Male,35,<=50K
1956,68.0,Private,9,Married,White,Male,40,<=50K
1957,64.0,Private,9,Married,White,Female,38,<=50K
1958,26.0,Private,13,Single,White,Female,50,<=50K
1959,32.0,Private,10,Married,White,Male,40,>50K
1960,32.0,Private,9,Single,White,Male,38,<=50K
1961,51.0,Public,14,Married,White,Male,40,>50K
1962,50.0,Private,14,Married,White,Male,45,>50K
1963,49.0,Private,13,Married,White,Male,50,>50K
1964,28.0,Private,13,Single,White,Male,20,<=50K
1965,29.0,Private,9,Single,White,Female,36,<=50K
1966,21.0,Private,10,Single,White,Male,30,<=50K
1967,28.0,Private,9,Single,Black,Female,40,<=50K
1968,55.0,Private,6,Married,White,Male,40,<=50K
1969,45.0,Self-emp,9,Married,Asian,Male,50,>50K
1970,35.0,Private,10,Single,White,Male,40,<=50K
1971,31.0,Unknown,7,Single,Black,Male,40,<=50K
1972,26.0,Private,14,Single,White,Male,40,>50K
1973,30.0,Private,9,Married,White,Male,55,<=50K
1974,33.0,Private,9,Married,White,Male,20,<=50K
1975,40.0,Private,13,Married,Asian,Male,40,>50K
1976,23.0,Private,13,Single,White,Male,40,<=50K
1977,35.0,Private,10,Single,White,Female,40,<=50K
1978,48.0,Self-emp,7,Married,White,Male,50,>50K
1979,39.0,Public,6,Single,Black,Male,40,<=50K
1980,53.0,Public,15,Single,White,Female,50,<=50K
1981,49.0,Public,9,Married,White,Male,40,>50K
1982,31.0,Private,13,Single,Black,Female,40,<=50K
1983,36.0,Private,9,Married,White,Male,40,>50K
1984,60.0,Self-emp,10,Married,White,Male,50,>50K
1985,29.0,Private,9,Single,White,Male,48,<=50K
1986,54.0,Self-emp,10,Married,White,Male,45,>50K
1987,28.0,Unknown,12,Married,White,Female,3,<=50K
1988,34.0,Private,9,Married,White,Male,50,<=50K
1989,30.0,Private,10,Single,Black,Female,35,<=50K
1990,19.0,Private,9,Single,White,Female,45,<=50K
1991,26.0,Private,9,Single,White,Male,40,<=50K
1992,47.0,Private,10,Single,White,Male,70,>50K
1993,50.0,Private,9,Single,White,Male,38,<=50K
1994,30.0,Private,13,Single,White,Female,45,>50K
1995,44.0,Private,10,Single,White,Male,50,<=50K
1996,49.0,Private,9,Married,White,Male,60,>50K
1997,75.0,Self-emp,14,Married,White,Female,50,<=50K
1998,37.0,Private,13,Married,White,Male,55,>50K
1999,51.0,Public,9,Single,White,Male,38,<=50K
2000,35.0,Private,9,Single,White,Male,35,<=50K
2001,28.0,Private,10,Single,White,Female,40,<=50K
2002,66.0,Self-emp,9,Married,White,Male,40,<=50K
2003,72.0,Private,5,Married,Asian,Female,48,>50K
2004,39.0,Private,13,Single,White,Male,50,<=50K
2005,27.0,Private,9,Single,Black,Male,30,<=50K
2006,57.0,Private,10,Single,Black,Female,40,<=50K
2007,24.0,Private,4,Married,White,Male,38,<=50K
2008,28.0,Private,9,Single,White,Male,70,<=50K
2009,23.0,Private,10,Married,White,Female,50,<=50K
2010,31.0,Private,13,Single,White,Female,40,<=50K
2011,23.0,Private,10,Single,White,Female,20,<=50K
2012,31.0,Private,10,Single,White,Female,40,<=50K
2013,27.0,Public,13,Single,White,Female,40,<=50K
2014,30.0,Private,13,Married,White,Male,45,<=50K
2015,31.0,Private,15,Single,White,Female,80,<=50K
2016,34.0,Private,14,Single,White,Male,60,<=50K
2018,39.0,Private,14,Married,White,Male,40,>50K
2019,23.0,Private,7,Single,White,Male,40,<=50K
2020,24.0,Public,12,Married,White,Female,40,<=50K
2021,36.0,Private,16,Single,White,Male,40,<=50K
2022,32.0,Private,10,Single,White,Male,40,<=50K
2023,35.0,Private,12,Single,White,Female,40,<=50K
2024,36.0,Private,13,Married,White,Male,40,<=50K
2025,23.0,Unknown,13,Single,White,Female,50,<=50K
2026,47.0,Private,11,Married,White,Male,40,>50K
2027,35.0,Private,9,Single,White,Male,40,<=50K
2028,44.0,Public,10,Married,White,Male,40,<=50K
2029,32.0,Public,14,Married,White,Male,50,<=50K
2030,32.0,Private,12,Married,White,Female,40,>50K
2031,63.0,Self-emp,10,Married,White,Female,10,>50K
2032,34.0,Private,11,Married,White,Male,40,<=50K
2033,47.0,Private,9,Married,Black,Male,40,<=50K
2034,27.0,Private,7,Married,Black,Male,35,<=50K
2035,23.0,Private,9,Single,White,Female,42,<=50K
2036,19.0,Unknown,10,Single,Amer-Indian,Female,40,<=50K
2037,50.0,Private,6,Married,White,Male,38,<=50K
2038,49.0,Public,10,Married,White,Male,40,<=50K
2040,23.0,Private,13,Single,White,Male,40,<=50K
2041,61.0,Private,4,Married,Black,Female,38,<=50K
2042,41.0,Private,10,Married,White,Male,16,<=50K
2044,53.0,Private,13,Single,White,Male,70,<=50K
2045,17.0,Self-emp,6,Single,White,Male,10,<=50K
2046,23.0,Unknown,9,Single,White,Male,30,<=50K
2047,53.0,Private,10,Single,White,Male,40,<=50K
2048,28.0,Private,9,Married,White,Male,42,>50K
2049,24.0,Private,13,Married,White,Female,40,<=50K
2050,22.0,Private,10,Single,White,Female,20,<=50K
2051,53.0,Private,13,Married,White,Male,50,>50K
2052,18.0,Private,7,Single,Black,Male,20,<=50K
2053,24.0,Private,10,Single,White,Male,50,<=50K
2054,20.0,Private,9,Single,White,Female,40,<=50K
2056,37.0,Public,11,Single,White,Male,40,>50K
2057,34.0,Private,9,Married,White,Male,40,<=50K
2058,19.0,Private,9,Single,White,Male,30,<=50K
2059,20.0,Private,8,Single,White,Female,40,<=50K
2060,47.0,Private,9,Single,Asian,Female,40,<=50K
2061,20.0,Unknown,10,Single,White,Male,32,<=50K
2062,22.0,Private,13,Single,White,Female,40,<=50K
2063,42.0,Public,14,Married,White,Male,40,>50K
2064,60.0,Private,10,Single,White,Female,40,<=50K
2065,32.0,Private,9,Single,White,Female,40,<=50K
2066,46.0,Private,9,Married,White,Male,40,>50K
2067,66.0,Private,9,Married,White,Female,40,<=50K
2068,37.0,Private,13,Married,Asian,Female,30,>50K
2069,34.0,Private,10,Single,White,Male,44,<=50K
2070,45.0,Private,13,Single,White,Male,46,<=50K
2071,35.0,Private,7,Married,White,Male,40,<=50K
2072,63.0,Unknown,9,Married,White,Male,40,<=50K
2073,51.0,Public,10,Married,Black,Male,40,>50K
2074,36.0,Public,10,Married,White,Male,40,>50K
2075,25.0,Public,9,Single,Black,Male,40,<=50K
2076,51.0,Private,9,Single,White,Female,38,<=50K
2077,25.0,Self-emp,10,Single,White,Male,40,<=50K
2078,19.0,Private,9,Single,White,Male,45,<=50K
2079,47.0,Private,10,Married,White,Male,45,<=50K
2080,59.0,Public,9,Single,Black,Female,40,<=50K
2081,34.0,Private,13,Married,White,Male,40,>50K
2082,40.0,Private,10,Single,White,Female,60,<=50K
2083,42.0,Private,9,Single,White,Male,45,<=50K
2084,28.0,Unknown,9,Married,White,Female,17,<=50K
2085,37.0,Private,14,Married,White,Male,60,>50K
2086,51.0,Self-emp,12,Married,White,Male,38,>50K
2087,25.0,Private,9,Single,White,Male,36,<=50K
2088,31.0,Public,9,Married,White,Female,40,>50K
2089,37.0,Private,9,Married,White,Male,44,>50K
2090,42.0,Private,12,Married,White,Male,45,>50K
2091,29.0,Unknown,13,Single,White,Male,40,<=50K
2093,51.0,Private,13,Married,White,Male,47,>50K
2094,22.0,Unknown,10,Single,White,Male,36,<=50K
2095,49.0,Private,10,Married,White,Male,40,>50K
2096,26.0,Private,13,Single,Asian,Male,16,<=50K
2097,56.0,Public,9,Single,White,Female,46,<=50K
2098,52.0,Private,10,Married,White,Male,45,>50K
2099,61.0,Self-emp,14,Married,White,Male,4,<=50K
2100,47.0,Public,13,Single,White,Female,40,>50K
2101,52.0,Private,11,Married,White,Male,40,<=50K
2102,30.0,Private,9,Single,White,Female,40,<=50K
2103,43.0,Self-emp,10,Married,White,Male,55,>50K
2104,35.0,Private,10,Married,Asian,Male,40,<=50K
2105,17.0,Unknown,8,Single,White,Male,40,<=50K
2106,42.0,Private,9,Married,White,Male,40,>50K
2107,26.0,Private,10,Married,Black,Female,35,<=50K
2108,58.0,Public,9,Married,White,Male,40,<=50K
2109,66.0,Private,10,Married,White,Male,40,>50K
2110,30.0,Private,9,Married,White,Male,60,>50K
2111,46.0,Private,10,Single,White,Female,40,<=50K
2112,45.0,Private,10,Married,White,Female,35,>50K
2113,57.0,Private,9,Single,White,Female,40,<=50K
2114,25.0,Private,13,Single,White,Male,40,<=50K
2115,21.0,Public,10,Single,White,Female,10,<=50K
2116,37.0,Private,9,Single,White,Male,55,<=50K
2117,45.0,Public,14,Single,White,Female,30,<=50K
2118,61.0,Unknown,16,Married,White,Female,5,<=50K
2119,39.0,Private,9,Single,White,Male,40,<=50K
2120,42.0,Private,9,Married,White,Female,53,<=50K
2121,20.0,Private,9,Single,White,Female,40,<=50K
2122,23.0,Private,9,Single,Black,Male,16,<=50K
2123,25.0,Private,13,Single,White,Male,40,<=50K
2124,47.0,Private,3,Single,White,Female,40,<=50K
2125,24.0,Private,9,Single,White,Male,45,<=50K
2126,20.0,Unknown,10,Single,Asian,Female,15,<=50K
2127,35.0,Private,9,Single,White,Male,70,<=50K
2128,44.0,Public,9,Married,Black,Female,38,>50K
2129,47.0,Public,10,Married,White,Male,50,<=50K
2130,28.0,Public,7,Single,Asian,Female,40,<=50K
2131,41.0,Public,14,Single,White,Female,60,<=50K
2132,31.0,Private,9,Single,White,Female,40,<=50K
2133,27.0,Private,14,Single,White,Female,25,<=50K
2134,47.0,Private,11,Married,White,Male,40,<=50K
2135,44.0,Private,9,Single,Asian,Female,40,<=50K
2136,61.0,Private,10,Single,White,Female,40,<=50K
2137,42.0,Public,10,Single,White,Female,40,<=50K
2138,46.0,Private,9,Single,White,Female,28,<=50K
2139,46.0,Private,13,Married,White,Male,50,>50K
2140,54.0,Public,14,Married,White,Female,38,<=50K
2141,49.0,Private,9,Married,White,Male,40,<=50K
2142,56.0,Public,10,Married,White,Female,40,<=50K
2143,52.0,Private,14,Single,White,Female,40,<=50K
2144,34.0,Private,9,Married,White,Male,40,<=50K
2145,25.0,Self-emp,9,Married,White,Male,40,<=50K
2146,18.0,Private,7,Single,White,Female,40,<=50K
2147,58.0,Private,9,Married,White,Male,40,<=50K
2148,31.0,Public,13,Single,White,Male,40,<=50K
2149,29.0,Private,10,Married,White,Male,55,<=50K
2150,28.0,Private,7,Single,Black,Male,40,<=50K
2151,30.0,Private,10,Single,White,Male,48,<=50K
2152,21.0,Unknown,10,Single,White,Male,30,<=50K
2153,44.0,Private,14,Married,White,Male,35,>50K
2154,75.0,Private,6,Married,White,Female,70,<=50K
2155,66.0,Unknown,7,Married,White,Male,40,<=50K
2156,26.0,Private,10,Married,Black,Male,40,<=50K
2157,33.0,Self-emp,13,Married,White,Male,50,>50K
2158,57.0,Self-emp,14,Married,White,Male,65,>50K
2159,47.0,Self-emp,3,Married,White,Male,55,>50K
2160,41.0,Private,9,Married,White,Male,40,>50K
2161,21.0,Private,10,Single,White,Female,37,<=50K
2162,17.0,Private,7,Single,White,Male,17,<=50K
2163,61.0,Unknown,13,Married,White,Male,55,<=50K
2164,47.0,Unknown,9,Married,White,Female,8,>50K
2165,22.0,Private,10,Single,Black,Female,15,<=50K
2166,47.0,Private,9,Married,White,Male,40,<=50K
2167,45.0,Private,13,Married,White,Male,40,>50K
2168,32.0,Self-emp,11,Single,White,Male,50,<=50K
2169,59.0,Private,6,Single,Black,Female,30,<=50K
2170,38.0,Private,9,Married,White,Male,50,<=50K
2171,33.0,Private,9,Single,White,Female,40,<=50K
2172,41.0,Private,9,Married,White,Male,40,<=50K
2173,51.0,Private,5,Married,White,Male,40,<=50K
2174,42.0,Private,9,Married,White,Male,48,<=50K
2175,27.0,Private,13,Married,White,Female,40,>50K
2176,60.0,Private,10,Married,White,Male,45,<=50K
2177,64.0,Public,9,Single,White,Female,35,<=50K
2178,37.0,Private,12,Married,White,Male,40,>50K
2179,54.0,Self-emp,13,Married,White,Male,45,>50K
2180,36.0,Private,12,Married,White,Female,50,>50K
2181,34.0,Private,13,Married,White,Male,40,>50K
2182,41.0,Self-emp,14,Single,White,Male,5,>50K
2183,35.0,Self-emp,4,Married,White,Male,75,<=50K
2184,63.0,Self-emp,14,Married,White,Male,68,>50K
2185,46.0,Private,9,Single,White,Male,40,<=50K
2186,47.0,Self-emp,14,Single,White,Male,40,<=50K
2187,24.0,Private,13,Single,White,Male,65,<=50K
2188,29.0,Private,10,Single,White,Male,30,<=50K
2189,74.0,Public,10,Married,White,Female,18,<=50K
2190,50.0,Private,7,Married,White,Male,70,>50K
2191,22.0,Private,10,Single,White,Female,40,<=50K
2192,48.0,Private,8,Single,Black,Female,40,<=50K
2193,30.0,Private,5,Married,White,Male,40,<=50K
2194,32.0,Private,13,Married,White,Male,40,<=50K
2195,39.0,Private,9,Married,White,Male,40,<=50K
2196,49.0,Private,10,Married,White,Male,40,>50K
2197,25.0,Private,13,Single,White,Female,40,<=50K
2198,50.0,Private,13,Married,White,Female,40,>50K
2199,44.0,Private,9,Married,White,Male,40,<=50K
2200,65.0,Private,11,Married,White,Male,60,<=50K
2201,28.0,Public,12,Married,White,Male,60,<=50K
2202,55.0,Private,13,Married,White,Female,40,<=50K
2203,49.0,Public,13,Single,White,Female,50,<=50K
2204,31.0,Private,9,Single,White,Female,12,<=50K
2205,47.0,Private,9,Married,Black,Female,40,>50K
2206,45.0,Private,9,Married,White,Male,40,>50K
2207,35.0,Private,9,Single,Black,Female,40,<=50K
2208,34.0,Self-emp,13,Married,Asian,Male,60,<=50K
2209,49.0,Public,9,Married,Black,Male,40,<=50K
2210,39.0,Unknown,10,Single,White,Female,35,<=50K
2211,27.0,Private,9,Single,White,Female,42,<=50K
2212,42.0,Private,9,Married,White,Male,40,<=50K
2213,60.0,Unknown,3,Married,White,Male,30,>50K
2214,64.0,Self-emp,9,Single,White,Male,40,<=50K
2215,33.0,Private,10,Married,White,Male,48,>50K
2216,23.0,Private,10,Single,White,Female,40,<=50K
2217,45.0,Private,14,Married,White,Male,50,>50K
2218,34.0,Private,9,Single,Black,Female,40,<=50K
2219,53.0,Private,9,Single,White,Female,37,<=50K
2220,22.0,Private,6,Single,White,Male,30,<=50K
2221,57.0,Public,9,Single,White,Female,35,<=50K
2222,20.0,Unknown,10,Single,White,Female,8,<=50K
2223,23.0,Private,4,Single,Black,Male,40,<=50K
2224,31.0,Private,7,Single,White,Male,40,<=50K
2225,23.0,Public,13,Single,White,Male,22,<=50K
2226,30.0,Private,9,Single,White,Female,40,<=50K
2227,32.0,Public,13,Single,White,Female,50,>50K
2228,42.0,Private,12,Married,Black,Female,40,>50K
2229,51.0,Private,4,Married,White,Male,40,<=50K
2230,59.0,Self-emp,13,Married,White,Male,40,>50K
2231,36.0,Private,13,Single,White,Female,40,<=50K
2232,45.0,Private,9,Single,Black,Male,40,<=50K
2233,35.0,Private,11,Married,White,Male,50,>50K
2234,33.0,Private,4,Married,White,Male,40,<=50K
2235,43.0,Private,11,Single,White,Female,40,<=50K
2236,60.0,Private,9,Married,White,Female,40,>50K
2237,37.0,Public,13,Married,White,Male,55,>50K
2238,35.0,Private,10,Single,White,Female,40,<=50K
2239,36.0,Private,10,Married,White,Male,52,<=50K
2240,38.0,Public,15,Married,White,Male,50,>50K
2241,54.0,Private,4,Married,White,Male,40,<=50K
2242,51.0,Private,11,Married,White,Male,40,>50K
2243,45.0,Private,12,Married,White,Male,45,>50K
2244,63.0,Public,10,Single,White,Female,40,<=50K
2245,51.0,Private,10,Married,White,Male,40,>50K
2246,58.0,Self-emp,14,Single,White,Male,18,<=50K
2247,64.0,Public,9,Single,White,Female,40,<=50K
2248,20.0,Private,10,Single,White,Male,40,<=50K
2249,44.0,Public,13,Married,Asian,Male,40,>50K
2250,39.0,Private,13,Single,White,Female,48,<=50K
2251,45.0,Public,10,Single,White,Female,40,<=50K
2252,44.0,Private,16,Married,White,Male,55,>50K
2253,22.0,Public,10,Single,White,Female,40,<=50K
2254,63.0,Self-emp,9,Married,White,Male,40,>50K
2255,26.0,Private,11,Single,Black,Male,40,<=50K
2256,42.0,Self-emp,13,Married,White,Male,45,<=50K
2257,20.0,Private,9,Single,White,Female,25,<=50K
2258,29.0,Private,14,Married,White,Male,40,>50K
2259,38.0,Public,13,Single,Asian,Male,40,<=50K
2260,25.0,Private,9,Single,White,Male,40,<=50K
2261,27.0,Private,13,Married,White,Male,50,<=50K
2262,46.0,Private,11,Single,White,Female,40,<=50K
2263,31.0,Private,10,Single,White,Male,60,<=50K
2264,24.0,Private,11,Single,White,Male,35,<=50K
2265,43.0,Private,10,Married,White,Male,50,>50K
2266,23.0,Private,8,Single,White,Male,21,<=50K
2267,32.0,Public,9,Single,Black,Female,37,<=50K
2268,44.0,Private,9,Married,White,Male,40,<=50K
2269,40.0,Self-emp,13,Married,White,Male,40,<=50K
2270,38.0,Private,9,Single,White,Male,40,<=50K
2271,23.0,Private,11,Single,White,Male,40,<=50K
2272,19.0,Private,10,Single,White,Female,10,<=50K
2273,41.0,Private,10,Married,White,Male,40,<=50K
2274,48.0,Private,9,Married,White,Male,40,<=50K
2275,23.0,Private,10,Married,White,Male,40,<=50K
2276,47.0,Private,12,Married,White,Female,35,<=50K
2277,42.0,Private,9,Married,White,Male,40,<=50K
2278,17.0,Private,6,Single,White,Female,10,<=50K
2279,29.0,Public,15,Single,White,Female,70,<=50K
2280,21.0,Public,10,Single,White,Female,20,<=50K
2281,18.0,Unknown,7,Single,White,Male,27,<=50K
2282,31.0,Private,9,Married,White,Male,40,>50K
2283,27.0,Public,13,Single,White,Female,40,<=50K
2284,29.0,Private,16,Single,White,Male,40,<=50K
2285,23.0,Private,13,Single,White,Female,45,<=50K
2286,41.0,Private,14,Married,Asian,Male,55,>50K
2287,46.0,Public,13,Married,White,Male,35,>50K
2288,34.0,Private,10,Married,Black,Female,25,<=50K
2289,42.0,Self-emp,9,Married,White,Male,24,<=50K
2290,18.0,Private,9,Single,White,Female,15,<=50K
2291,46.0,Private,9,Single,White,Male,37,<=50K
2292,18.0,Unknown,7,Single,White,Male,15,<=50K
2293,52.0,Private,10,Married,White,Male,40,>50K
2294,56.0,Private,9,Single,White,Female,40,<=50K
2295,21.0,Private,11,Single,White,Male,40,<=50K
2296,22.0,Self-emp,9,Single,White,Male,20,<=50K
2297,31.0,Private,13,Single,White,Female,45,<=50K
2298,41.0,Self-emp,9,Married,White,Male,60,<=50K
2299,25.0,Private,10,Single,White,Female,40,<=50K
2300,43.0,Self-emp,13,Single,White,Male,60,<=50K
2301,45.0,Private,9,Single,White,Female,40,<=50K
2302,26.0,Private,10,Single,White,Male,60,<=50K
2303,90.0,Private,10,Single,Asian,Male,35,<=50K
2304,45.0,Private,13,Married,White,Male,40,>50K
2305,30.0,Private,13,Married,White,Female,40,>50K
2306,42.0,Private,10,Married,White,Male,40,<=50K
2307,20.0,Private,10,Single,White,Male,35,<=50K
2308,53.0,Private,13,Married,White,Male,40,>50K
2309,64.0,Public,9,Married,White,Female,38,<=50K
2310,56.0,Private,4,Married,White,Male,20,<=50K
2311,42.0,Private,10,Married,White,Male,40,>50K
2312,26.0,Private,13,Married,White,Female,40,>50K
2313,31.0,Public,12,Single,Amer-Indian,Female,40,<=50K
2314,40.0,Private,13,Married,White,Female,40,<=50K
2315,58.0,Private,10,Married,White,Male,40,<=50K
2316,41.0,Private,13,Married,White,Male,40,<=50K
2317,58.0,Self-emp,9,Single,White,Male,47,<=50K
2318,62.0,Public,14,Married,White,Male,60,>50K
2319,65.0,Self-emp,13,Married,White,Male,60,>50K
2320,40.0,Private,10,Single,White,Male,40,<=50K
2321,45.0,Public,10,Married,White,Male,40,>50K
2322,22.0,Private,9,Single,White,Male,55,<=50K
2323,23.0,Unknown,10,Single,Asian,Male,20,<=50K
2325,39.0,Private,13,Married,White,Male,50,>50K
2326,37.0,Private,10,Married,White,Male,40,<=50K
2327,25.0,Unknown,13,Married,White,Male,40,<=50K
2328,56.0,Private,7,Married,White,Male,50,<=50K
2329,32.0,Private,10,Single,White,Male,50,<=50K
2330,53.0,Public,10,Married,Asian,Female,40,>50K
2332,23.0,Self-emp,7,Married,White,Male,60,>50K
2333,35.0,Private,7,Single,White,Male,90,<=50K
2335,19.0,Private,10,Single,White,Female,20,<=50K
2336,41.0,Private,7,Married,White,Male,40,<=50K
2337,22.0,Private,6,Single,White,Male,25,<=50K
2338,23.0,Private,9,Single,White,Female,40,<=50K
2339,36.0,Private,14,Married,Asian,Male,40,>50K
2340,27.0,Unknown,10,Single,White,Female,25,<=50K
2341,45.0,Private,11,Married,White,Male,40,<=50K
2342,23.0,Self-emp,9,Single,White,Male,25,<=50K
2343,21.0,Private,7,Single,Black,Female,40,<=50K
2344,44.0,Private,14,Married,White,Male,40,>50K
2345,29.0,Private,13,Married,White,Male,40,>50K
2346,36.0,Self-emp,11,Married,White,Male,60,<=50K
2347,18.0,Private,5,Single,White,Male,40,<=50K
2348,62.0,Self-emp,8,Married,White,Male,40,>50K
2349,25.0,Public,10,Single,Black,Male,40,<=50K
2350,34.0,Private,12,Single,White,Female,45,<=50K
2351,31.0,Private,13,Single,White,Female,50,>50K
2353,33.0,Private,13,Married,White,Male,40,<=50K
2354,22.0,Unknown,10,Single,White,Female,30,<=50K
2355,28.0,Private,12,Married,White,Male,30,<=50K
2356,22.0,Unknown,10,Single,White,Male,25,<=50K
2357,47.0,Private,9,Married,White,Male,40,>50K
2358,67.0,Unknown,7,Married,White,Male,3,<=50K
2359,20.0,Unknown,6,Single,White,Male,40,<=50K
2360,34.0,Private,13,Married,White,Male,70,<=50K
2361,26.0,Private,15,Married,White,Male,60,>50K
2362,36.0,Private,10,Married,White,Male,44,>50K
2363,28.0,Private,9,Single,White,Male,40,<=50K
2364,22.0,Private,9,Single,Black,Male,40,<=50K
2365,47.0,Private,10,Single,Black,Female,35,<=50K
2366,33.0,Private,11,Single,White,Male,45,<=50K
2367,34.0,Self-emp,14,Single,White,Female,40,>50K
2368,25.0,Private,9,Single,White,Male,40,<=50K
2369,37.0,Private,5,Married,White,Male,50,<=50K
2370,36.0,Public,9,Married,White,Male,40,<=50K
2371,61.0,Public,13,Single,White,Male,30,<=50K
2372,74.0,Unknown,5,Married,White,Male,40,<=50K
2373,57.0,Private,10,Married,White,Male,40,<=50K
2374,55.0,Private,16,Single,White,Male,40,<=50K
2375,20.0,Private,9,Single,Black,Female,40,<=50K
2376,43.0,Private,9,Single,Black,Female,44,<=50K
2377,54.0,Private,9,Married,White,Male,40,>50K
2378,25.0,Private,10,Single,White,Female,40,<=50K
2379,42.0,Private,10,Single,White,Male,40,<=50K
2380,23.0,Unknown,10,Single,White,Female,35,<=50K
2381,17.0,Private,7,Single,White,Male,10,<=50K
2382,39.0,Unknown,9,Single,White,Male,40,<=50K
2383,63.0,Private,4,Married,Amer-Indian,Female,40,<=50K
2384,19.0,Private,10,Single,White,Female,30,<=50K
2385,56.0,Self-emp,13,Married,White,Male,50,>50K
2386,33.0,Self-emp,13,Married,White,Male,45,>50K
2387,37.0,Private,13,Married,White,Male,50,<=50K
2388,27.0,Private,4,Married,White,Male,45,<=50K
2389,36.0,Public,13,Married,White,Male,40,<=50K
2390,30.0,Self-emp,9,Married,White,Male,65,>50K
2391,22.0,Private,13,Single,White,Male,55,<=50K
2392,35.0,Private,10,Married,White,Male,40,<=50K
2393,20.0,Private,9,Single,White,Male,45,<=50K
2394,18.0,Private,10,Single,White,Female,40,<=50K
2395,25.0,Private,8,Single,White,Male,40,<=50K
2396,53.0,Private,14,Single,White,Female,54,>50K
2397,21.0,Unknown,10,Single,White,Female,40,<=50K
2398,19.0,Private,9,Single,White,Female,35,<=50K
2399,34.0,Private,9,Single,White,Male,30,<=50K
2400,32.0,Public,10,Single,Black,Female,40,<=50K
2401,20.0,Private,10,Single,Amer-Indian,Male,40,<=50K
2402,70.0,Private,4,Married,White,Male,25,<=50K
2403,57.0,Private,13,Married,White,Male,40,>50K
2404,54.0,Private,10,Married,White,Male,50,<=50K
2405,34.0,Private,11,Married,White,Male,40,<=50K
2406,48.0,Private,10,Married,White,Male,40,>50K
2407,42.0,Private,7,Married,White,Female,40,<=50K
2408,45.0,Private,9,Single,White,Male,40,<=50K
2409,27.0,Private,10,Single,White,Male,40,<=50K
2410,51.0,Private,6,Married,White,Male,40,<=50K
2411,36.0,Public,10,Single,White,Female,65,<=50K
2412,33.0,Private,10,Single,Asian,Male,40,<=50K
2413,50.0,Private,10,Single,White,Male,40,<=50K
2414,44.0,Private,13,Single,White,Male,50,>50K
2415,39.0,Public,14,Married,White,Male,40,>50K
2416,55.0,Self-emp,5,Married,White,Male,25,<=50K
2417,24.0,Private,10,Single,White,Female,40,<=50K
2418,35.0,Private,9,Single,White,Male,40,<=50K
2419,32.0,Self-emp,8,Married,White,Male,40,<=50K
2420,66.0,Unknown,13,Married,White,Male,40,>50K
2421,68.0,Private,9,Married,White,Female,30,<=50K
2422,29.0,Private,7,Married,White,Male,60,<=50K
2423,24.0,Self-emp,13,Single,White,Male,40,<=50K
2424,61.0,Private,5,Married,White,Male,40,<=50K
2425,34.0,Private,9,Married,White,Male,44,>50K
2426,55.0,Self-emp,15,Married,White,Male,35,>50K
2427,20.0,Unknown,10,Single,White,Male,36,<=50K
2428,41.0,Private,9,Single,White,Female,40,<=50K
2429,36.0,Self-emp,9,Married,White,Male,84,<=50K
2430,60.0,Private,9,Married,White,Male,40,>50K
2431,61.0,Self-emp,9,Married,White,Male,52,>50K
2432,35.0,Private,15,Married,Asian,Male,35,<=50K
2433,42.0,Public,13,Married,White,Male,50,>50K
2434,26.0,Private,13,Single,White,Male,40,<=50K
2435,44.0,Public,10,Single,Black,Female,40,<=50K
2436,31.0,Public,14,Single,White,Male,25,<=50K
2437,39.0,Public,9,Single,Black,Male,40,<=50K
2438,20.0,Private,10,Single,White,Female,24,<=50K
2439,32.0,Self-emp,10,Married,White,Male,40,<=50K
2440,32.0,Self-emp,9,Married,White,Male,40,<=50K
2441,61.0,Private,5,Married,Black,Male,20,<=50K
2442,54.0,Public,10,Single,White,Female,40,<=50K
2443,23.0,Private,12,Single,White,Male,40,<=50K
2444,19.0,Private,9,Single,White,Male,3,<=50K
2445,31.0,Private,10,Married,Amer-Indian,Male,40,<=50K
2446,35.0,Private,3,Married,White,Male,40,<=50K
2447,29.0,Private,9,Single,White,Female,25,<=50K
2448,29.0,Public,9,Single,Black,Female,40,<=50K
2449,25.0,Private,6,Single,White,Female,25,<=50K
2450,46.0,Private,13,Single,White,Female,40,<=50K
2451,35.0,Private,11,Single,White,Female,30,<=50K
2452,20.0,Private,6,Single,Hispanic,Male,40,<=50K
2453,24.0,Self-emp,9,Married,White,Female,40,<=50K
2454,48.0,Private,9,Single,White,Female,37,<=50K
2455,37.0,Private,9,Single,White,Female,40,<=50K
2456,60.0,Self-emp,9,Married,White,Male,40,<=50K
2457,39.0,Private,9,Married,White,Male,40,<=50K
2458,29.0,Public,10,Single,White,Female,38,<=50K
2459,31.0,Self-emp,11,Single,White,Male,20,<=50K
2460,38.0,Private,11,Married,White,Male,40,>50K
2461,26.0,Self-emp,12,Single,White,Male,40,<=50K
2462,64.0,Private,13,Married,White,Male,40,>50K
2463,46.0,Private,11,Single,Black,Male,40,<=50K
2464,69.0,Unknown,9,Married,White,Male,8,<=50K
2465,39.0,Private,9,Married,White,Male,44,>50K
2466,48.0,Private,9,Single,White,Female,55,<=50K
2467,46.0,Private,9,Single,White,Female,40,<=50K
2468,42.0,Private,13,Single,White,Male,40,<=50K
2469,39.0,Self-emp,9,Married,Black,Female,54,>50K
2470,50.0,Public,14,Married,White,Male,40,>50K
2471,24.0,Private,13,Single,White,Female,40,<=50K
2472,30.0,Private,11,Married,White,Female,40,>50K
2473,39.0,Self-emp,13,Married,White,Male,60,>50K
2474,29.0,Self-emp,9,Married,White,Male,40,<=50K
2475,23.0,Private,7,Single,White,Female,38,<=50K
2476,21.0,Unknown,11,Single,White,Male,40,<=50K
2477,32.0,Private,6,Single,White,Male,40,<=50K
2478,69.0,Self-emp,13,Married,White,Male,30,<=50K
2479,55.0,Private,9,Single,White,Male,40,<=50K
2480,41.0,Private,10,Married,White,Male,50,<=50K
2481,44.0,Self-emp,13,Married,White,Male,52,>50K
2482,18.0,Private,7,Single,White,Male,40,<=50K
2483,74.0,Self-emp,13,Married,White,Male,10,<=50K
2484,40.0,Private,16,Married,White,Male,40,>50K
2485,27.0,Private,9,Married,White,Male,40,<=50K
2486,75.0,Unknown,5,Married,Black,Male,5,<=50K
2487,55.0,Private,9,Single,White,Female,40,<=50K
2488,52.0,Self-emp,4,Married,Amer-Indian,Male,40,<=50K
2489,54.0,Private,10,Single,White,Female,48,<=50K
2490,36.0,Private,9,Single,White,Male,48,<=50K
2491,76.0,Unknown,10,Married,White,Male,8,<=50K
2492,26.0,Private,9,Single,White,Female,40,<=50K
2493,18.0,Private,7,Single,White,Male,20,<=50K
2494,38.0,Private,9,Single,White,Male,50,<=50K
2495,50.0,Private,13,Married,White,Male,40,>50K
2496,19.0,Unknown,10,Single,White,Female,25,<=50K
2497,32.0,Private,10,Married,White,Male,60,>50K
2498,57.0,Private,13,Married,White,Male,40,>50K
2499,20.0,Private,9,Single,Black,Male,40,<=50K
2500,27.0,Private,10,Single,White,Female,40,<=50K
2501,31.0,Self-emp,13,Married,White,Male,60,<=50K
2502,60.0,Private,3,Single,White,Female,40,<=50K
2503,52.0,Private,9,Single,White,Female,50,<=50K
2504,61.0,Private,4,Married,White,Male,40,<=50K
2505,57.0,Self-emp,9,Married,White,Male,55,>50K
2506,19.0,Unknown,10,Single,White,Male,40,<=50K
2507,59.0,Self-emp,15,Married,White,Male,25,<=50K
2508,34.0,Self-emp,9,Single,White,Male,45,>50K
2509,31.0,Private,12,Married,Asian,Male,50,>50K
2510,42.0,Private,9,Single,Black,Male,35,<=50K
2511,70.0,Private,10,Single,White,Female,6,<=50K
2512,47.0,Private,13,Married,Asian,Male,40,>50K
2513,47.0,Unknown,9,Married,White,Male,40,<=50K
2514,29.0,Private,10,Married,White,Male,45,>50K
2515,27.0,Private,7,Single,Black,Male,40,<=50K
2516,25.0,Private,8,Married,White,Female,40,<=50K
2517,51.0,Private,13,Married,White,Male,60,>50K
2518,28.0,Private,9,Single,Black,Female,40,<=50K
2519,35.0,Private,13,Married,White,Male,40,<=50K
2520,36.0,Self-emp,10,Married,White,Male,60,>50K
2521,54.0,Unknown,14,Single,White,Female,40,<=50K
2522,46.0,Private,11,Married,White,Male,40,<=50K
2523,52.0,Private,11,Single,White,Female,35,<=50K
2524,65.0,Private,4,Married,White,Male,40,<=50K
2525,43.0,Private,11,Single,White,Male,40,<=50K
2526,41.0,Public,9,Single,Asian,Female,40,<=50K
2527,34.0,Private,13,Single,White,Female,45,<=50K
2528,47.0,Self-emp,13,Married,White,Male,30,<=50K
2529,49.0,Public,14,Single,White,Male,56,>50K
2530,21.0,Private,10,Single,White,Female,25,<=50K
2531,20.0,Private,10,Single,White,Female,25,<=50K
2532,18.0,Public,8,Single,White,Male,40,<=50K
2533,27.0,Private,10,Single,Black,Male,40,<=50K
2534,34.0,Self-emp,9,Married,White,Male,50,<=50K
2535,38.0,Private,10,Single,White,Female,40,<=50K
2536,24.0,Private,9,Single,White,Male,40,<=50K
2537,34.0,Private,10,Single,White,Male,65,<=50K
2538,47.0,Private,9,Married,White,Male,50,>50K
2539,27.0,Public,9,Single,Black,Female,40,<=50K
2540,63.0,Private,11,Married,White,Female,8,<=50K
2541,34.0,Private,10,Married,Black,Male,40,>50K
2542,25.0,Private,10,Married,White,Male,50,<=50K
2543,54.0,Private,9,Married,White,Male,40,<=50K
2544,19.0,Unknown,10,Single,White,Female,35,<=50K
2545,35.0,Private,9,Single,White,Female,50,<=50K
2546,24.0,Private,10,Married,White,Male,70,>50K
2547,26.0,Private,10,Single,Asian,Female,35,<=50K
2548,59.0,Public,11,Single,White,Female,40,<=50K
2549,43.0,Private,16,Married,White,Female,40,<=50K
2550,20.0,Private,10,Single,White,Female,40,<=50K
2551,41.0,Private,9,Married,White,Male,40,<=50K
2552,51.0,Private,10,Married,White,Male,40,<=50K
2553,27.0,Private,9,Single,Hispanic,Female,40,<=50K
2554,36.0,Private,9,Married,White,Male,40,<=50K
2555,25.0,Private,10,Single,White,Male,60,<=50K
2556,55.0,Private,13,Married,White,Male,50,>50K
2557,22.0,Public,10,Single,White,Female,21,<=50K
2558,58.0,Public,16,Married,Asian,Male,40,<=50K
2559,43.0,Private,10,Married,White,Female,15,<=50K
2560,39.0,Private,11,Married,White,Female,20,>50K
2561,40.0,Private,5,Single,Black,Female,40,<=50K
2562,46.0,Private,9,Single,White,Male,45,<=50K
2563,54.0,Public,9,Single,White,Female,20,<=50K
2564,19.0,Private,10,Single,Black,Male,30,<=50K
2565,24.0,Private,9,Married,White,Male,40,<=50K
2566,53.0,Unknown,9,Married,White,Male,40,<=50K
2567,24.0,Public,14,Single,White,Male,13,<=50K
2568,29.0,Self-emp,9,Single,White,Male,65,<=50K
2569,56.0,Self-emp,10,Married,White,Male,50,>50K
2570,54.0,Unknown,9,Married,White,Male,40,>50K
2571,21.0,Unknown,10,Single,White,Female,30,<=50K
2572,34.0,Private,5,Single,White,Male,40,<=50K
2573,56.0,Private,7,Single,White,Female,40,<=50K
2574,34.0,Private,13,Married,White,Male,50,>50K
2575,19.0,Private,6,Single,Black,Female,40,<=50K
2576,32.0,Self-emp,9,Married,White,Male,65,>50K
2577,48.0,Private,9,Single,White,Female,52,<=50K
2578,67.0,Unknown,14,Married,Black,Male,40,>50K
2579,47.0,Private,9,Married,White,Male,25,<=50K
2580,52.0,Private,9,Married,White,Male,60,>50K
2581,40.0,Private,2,Married,White,Female,40,<=50K
2582,28.0,Private,6,Married,White,Male,50,<=50K
2583,41.0,Private,13,Married,White,Male,50,>50K
2584,57.0,Private,2,Single,White,Male,40,<=50K
2585,51.0,Private,9,Single,White,Female,40,<=50K
2586,26.0,Unknown,7,Single,White,Female,35,<=50K
2587,36.0,Private,13,Married,Asian,Male,45,<=50K
2588,33.0,Private,10,Married,White,Male,50,>50K
2589,46.0,Private,13,Married,White,Male,45,>50K
2590,50.0,Private,9,Single,Asian,Female,40,<=50K
2591,33.0,Private,10,Married,White,Male,40,<=50K
2592,77.0,Self-emp,9,Single,White,Male,20,<=50K
2593,39.0,Private,14,Single,Black,Male,52,>50K
2594,67.0,Unknown,9,Married,White,Male,3,<=50K
2595,35.0,Private,12,Single,White,Female,24,<=50K
2596,23.0,Private,6,Single,Black,Female,40,<=50K
2597,37.0,Private,11,Single,White,Female,45,>50K
2598,41.0,Private,9,Married,White,Male,50,>50K
2599,60.0,Private,12,Married,White,Male,35,>50K
2600,32.0,Private,13,Single,White,Male,55,<=50K
2601,56.0,Public,9,Married,Amer-Indian,Male,40,<=50K
2602,45.0,Public,11,Single,White,Female,40,<=50K
2603,24.0,Private,9,Single,White,Female,45,>50K
2604,18.0,Private,6,Single,White,Male,27,<=50K
2605,31.0,Private,9,Married,Hispanic,Male,40,<=50K
2606,21.0,Unknown,10,Single,White,Male,50,<=50K
2607,45.0,Private,13,Married,White,Male,55,>50K
2608,23.0,Private,10,Single,White,Female,40,<=50K
2609,45.0,Public,10,Married,White,Male,40,<=50K
2610,18.0,Private,7,Single,Amer-Indian,Female,25,<=50K
2611,25.0,Private,9,Married,Black,Male,30,<=50K
2612,31.0,Public,9,Married,White,Male,40,<=50K
2614,41.0,Private,13,Married,White,Male,40,>50K
2615,74.0,Private,15,Married,Black,Female,20,<=50K
2616,27.0,Private,3,Single,White,Male,40,<=50K
2617,23.0,Private,9,Single,White,Female,40,<=50K
2618,31.0,Private,11,Married,White,Male,40,>50K
2619,40.0,Self-emp,9,Married,White,Male,40,<=50K
2620,41.0,Public,9,Married,White,Male,40,>50K
2621,25.0,Private,14,Single,White,Male,20,<=50K
2622,42.0,Private,9,Married,Amer-Indian,Male,60,<=50K
2623,24.0,Private,13,Single,White,Female,40,<=50K
2624,42.0,Private,12,Married,White,Male,50,>50K
2625,45.0,Self-emp,6,Married,White,Male,70,<=50K
2627,34.0,Private,11,Single,White,Male,40,<=50K
2628,32.0,Private,9,Single,White,Male,60,<=50K
2629,54.0,Private,9,Married,White,Male,45,<=50K
2630,42.0,Public,7,Single,White,Male,40,<=50K
2631,32.0,Private,13,Married,White,Male,40,>50K
2632,40.0,Unknown,10,Married,White,Female,20,<=50K
2633,55.0,Self-emp,13,Married,White,Male,60,>50K
2634,66.0,Unknown,7,Single,White,Male,30,<=50K
2635,52.0,Public,14,Married,White,Male,40,<=50K
2636,21.0,Public,10,Single,White,Female,15,<=50K
2637,33.0,Private,13,Married,White,Female,40,>50K
2638,52.0,Unknown,11,Married,White,Male,50,>50K
2639,28.0,Private,3,Single,White,Female,40,<=50K
2640,27.0,Self-emp,7,Married,White,Male,40,<=50K
2641,42.0,Public,13,Single,White,Female,50,<=50K
2642,27.0,Self-emp,10,Single,White,Female,45,<=50K
2643,47.0,Private,11,Married,White,Male,40,>50K
2645,46.0,Private,10,Married,White,Male,40,<=50K
2646,55.0,Self-emp,9,Married,White,Female,25,<=50K
2647,50.0,Private,4,Married,Hispanic,Male,49,<=50K
2648,32.0,Private,10,Single,White,Female,50,<=50K
2649,28.0,Private,9,Married,White,Female,40,<=50K
2650,23.0,Private,9,Single,Black,Female,40,<=50K
2651,43.0,Private,14,Married,White,Male,50,<=50K
2652,34.0,Private,13,Married,White,Male,40,>50K
2653,19.0,Private,10,Single,Asian,Male,40,<=50K
2654,37.0,Private,10,Married,Asian,Male,55,<=50K
2655,27.0,Private,13,Single,Asian,Female,40,<=50K
2656,18.0,Private,9,Single,White,Female,24,<=50K
2657,31.0,Private,10,Married,White,Female,40,<=50K
2658,49.0,Private,9,Married,White,Male,50,<=50K
2659,26.0,Public,15,Married,White,Male,60,<=50K
2660,48.0,Private,9,Married,White,Male,45,>50K
2661,39.0,Private,9,Married,Black,Male,40,<=50K
2663,48.0,Public,11,Single,White,Female,56,>50K
2664,40.0,Private,13,Single,White,Female,40,>50K
2665,70.0,Private,13,Married,White,Male,70,>50K
2666,20.0,Private,9,Single,White,Male,43,<=50K
2667,38.0,Private,3,Married,White,Male,75,<=50K
2668,37.0,Self-emp,10,Single,White,Female,40,<=50K
2669,49.0,Private,10,Married,White,Female,40,>50K
2670,51.0,Private,9,Married,White,Male,40,>50K
2671,43.0,Private,2,Single,White,Male,40,<=50K
2672,38.0,Private,15,Single,White,Male,50,<=50K
2673,18.0,Unknown,7,Single,White,Male,36,<=50K
2674,23.0,Private,4,Single,White,Male,25,<=50K
2675,34.0,Private,9,Married,White,Male,40,<=50K
2676,62.0,Unknown,10,Married,White,Male,24,<=50K
2677,33.0,Private,10,Single,White,Male,40,<=50K
2678,31.0,Private,10,Single,White,Female,45,<=50K
2679,64.0,Private,10,Married,White,Female,40,<=50K
2680,26.0,Public,13,Married,White,Male,28,<=50K
2681,55.0,Private,10,Married,White,Male,40,<=50K
2682,61.0,Public,13,Married,White,Male,40,<=50K
2683,37.0,Private,9,Married,White,Male,40,>50K
2684,78.0,Public,13,Married,White,Male,15,<=50K
2685,27.0,Public,10,Single,Black,Female,40,<=50K
2686,49.0,Private,9,Single,White,Male,42,<=50K
2687,55.0,Public,14,Married,White,Male,45,>50K
2688,42.0,Private,13,Married,White,Male,58,<=50K
2689,22.0,Unknown,9,Single,White,Female,40,<=50K
2690,61.0,Private,5,Married,White,Male,40,<=50K
2691,64.0,Self-emp,13,Married,White,Male,5,<=50K
2692,46.0,Public,9,Married,White,Male,40,<=50K
2693,24.0,Private,13,Single,White,Male,40,<=50K
2694,27.0,Private,10,Married,White,Male,70,<=50K
2695,47.0,Private,9,Married,White,Male,55,>50K
2696,18.0,Private,10,Single,White,Male,15,<=50K
2697,48.0,Private,9,Married,White,Male,50,<=50K
2698,50.0,Self-emp,9,Single,White,Male,40,<=50K
2699,40.0,Public,14,Single,White,Female,45,<=50K
2700,56.0,Self-emp,6,Single,White,Male,40,<=50K
2701,34.0,Private,9,Single,White,Female,40,<=50K
2702,56.0,Public,13,Married,White,Male,40,<=50K
2703,18.0,Private,7,Single,White,Male,20,<=50K
2704,21.0,Private,10,Single,White,Female,25,<=50K
2705,40.0,Private,9,Single,White,Female,40,<=50K
2706,27.0,Public,9,Married,White,Male,50,<=50K
2707,52.0,Self-emp,15,Married,White,Male,45,>50K
2708,46.0,Private,9,Single,White,Female,30,<=50K
2709,23.0,Private,9,Single,White,Female,40,<=50K
2710,50.0,Private,10,Married,White,Male,45,>50K
2711,19.0,Private,10,Single,White,Male,50,<=50K
2712,20.0,Private,9,Single,White,Male,40,<=50K
2713,39.0,Private,10,Single,White,Female,40,>50K
2714,24.0,Private,7,Single,White,Male,35,<=50K
2715,72.0,Private,11,Married,White,Female,40,<=50K
2716,42.0,Public,14,Married,White,Female,20,>50K
2717,42.0,Private,13,Single,White,Male,45,<=50K
2718,51.0,Private,13,Single,Amer-Indian,Male,50,<=50K
2719,39.0,Private,9,Married,White,Male,50,>50K
2720,40.0,Public,10,Single,Amer-Indian,Female,35,<=50K
2721,34.0,Private,10,Married,White,Male,55,>50K
2722,19.0,Private,7,Single,White,Male,40,<=50K
2723,26.0,Private,9,Single,White,Female,40,<=50K
2724,45.0,Public,13,Single,White,Female,50,>50K
2725,28.0,Private,14,Single,White,Female,40,>50K
2726,30.0,Public,13,Single,White,Male,40,>50K
2727,32.0,Private,9,Single,White,Female,40,<=50K
2728,19.0,Private,10,Single,White,Female,25,<=50K
2729,21.0,Private,9,Single,White,Male,35,<=50K
2730,54.0,Private,9,Married,Black,Female,20,<=50K
2731,62.0,Private,15,Married,White,Male,30,>50K
2732,25.0,Private,10,Single,White,Male,48,<=50K
2733,49.0,Self-emp,10,Single,White,Female,32,<=50K
2734,32.0,Private,9,Married,White,Male,40,>50K
2735,26.0,Private,10,Single,White,Male,40,<=50K
2736,37.0,Public,9,Married,White,Male,40,>50K
2737,58.0,Private,9,Single,White,Female,40,<=50K
2738,37.0,Private,10,Married,White,Female,45,>50K
2739,41.0,Private,9,Single,White,Female,40,<=50K
2740,38.0,Private,13,Married,White,Male,40,>50K
2741,47.0,Public,9,Married,White,Male,40,<=50K
2742,42.0,Private,9,Single,Black,Male,35,<=50K
2743,30.0,Public,9,Married,White,Male,40,<=50K
2744,43.0,Private,10,Married,White,Male,40,>50K
2745,34.0,Private,9,Married,Black,Male,40,<=50K
2746,57.0,Private,10,Single,White,Female,10,<=50K
2747,46.0,Private,7,Married,White,Male,40,<=50K
2748,32.0,Private,10,Married,White,Male,55,<=50K
2749,20.0,Private,5,Single,White,Female,11,<=50K
2750,47.0,Private,11,Single,White,Male,50,<=50K
2751,55.0,Unknown,9,Single,White,Male,20,<=50K
2752,53.0,Self-emp,4,Married,White,Male,50,>50K
2753,43.0,Private,13,Married,White,Male,65,>50K
2754,80.0,Self-emp,4,Married,White,Male,30,<=50K
2755,24.0,Private,10,Single,White,Female,40,<=50K
2756,43.0,Public,14,Married,White,Male,60,>50K
2757,22.0,Private,9,Single,White,Male,40,<=50K
2758,40.0,Private,10,Single,Black,Male,40,<=50K
2759,48.0,Private,9,Married,White,Male,50,>50K
2760,56.0,Unknown,9,Married,White,Male,25,<=50K
2761,34.0,Unknown,7,Single,White,Male,84,<=50K
2762,51.0,Private,9,Married,White,Male,45,>50K
2763,24.0,Public,9,Single,White,Female,40,<=50K
2764,19.0,Private,9,Single,White,Female,40,<=50K
2765,34.0,Private,10,Single,White,Female,30,<=50K
2766,24.0,Private,9,Single,White,Male,40,<=50K
2767,41.0,Private,13,Married,White,Male,48,>50K
2768,24.0,Private,9,Single,White,Female,38,<=50K
2769,22.0,Public,10,Single,White,Male,40,<=50K
2770,32.0,Public,10,Single,White,Female,40,<=50K
2771,41.0,Private,13,Single,White,Female,55,<=50K
2772,20.0,Private,10,Single,White,Male,35,<=50K
2773,31.0,Private,9,Single,Black,Male,40,<=50K
2774,55.0,Private,13,Married,White,Male,18,>50K
2775,49.0,Public,16,Married,Black,Male,60,>50K
2776,26.0,Private,13,Single,White,Male,40,<=50K
2777,27.0,Self-emp,9,Single,White,Male,70,<=50K
2778,35.0,Private,9,Single,White,Female,40,<=50K
2779,40.0,Private,9,Single,White,Male,60,<=50K
2780,59.0,Private,10,Married,White,Male,34,<=50K
2781,61.0,Private,10,Married,White,Male,45,>50K
2782,31.0,Private,9,Single,Black,Female,40,<=50K
2783,43.0,Public,14,Single,White,Male,60,>50K
2784,61.0,Private,3,Single,Black,Male,40,<=50K
2785,54.0,Private,12,Married,White,Female,30,<=50K
2786,30.0,Private,10,Married,White,Male,50,<=50K
2787,20.0,Private,10,Single,White,Female,50,<=50K
2789,44.0,Self-emp,10,Single,White,Male,60,<=50K
2790,64.0,Private,10,Married,White,Female,40,<=50K
2791,55.0,Private,9,Single,White,Female,40,<=50K
2792,34.0,Private,9,Single,White,Male,55,<=50K
2793,61.0,Private,9,Married,White,Female,35,<=50K
2794,28.0,Private,13,Married,White,Male,40,<=50K
2795,34.0,Private,9,Single,Black,Female,40,<=50K
2796,47.0,Self-emp,15,Married,White,Male,60,>50K
2797,26.0,Private,13,Single,White,Male,45,<=50K
2798,35.0,Private,7,Single,Amer-Indian,Male,40,<=50K
2799,36.0,Private,13,Married,White,Male,38,<=50K
2801,17.0,Private,7,Single,Black,Female,25,<=50K
2802,35.0,Private,10,Married,White,Male,60,<=50K
2803,33.0,Private,14,Single,White,Male,20,<=50K
2804,25.0,Private,12,Married,White,Female,40,<=50K
2805,18.0,Private,6,Single,White,Male,10,<=50K
2806,47.0,Public,14,Single,White,Male,38,<=50K
2807,44.0,Private,9,Married,Black,Female,30,<=50K
2808,41.0,Private,9,Single,White,Female,30,<=50K
2809,30.0,Private,13,Single,White,Female,40,<=50K
2810,53.0,Self-emp,10,Married,White,Male,50,<=50K
2811,53.0,Private,9,Married,Black,Female,20,<=50K
2812,40.0,Private,9,Married,White,Female,20,<=50K
2813,24.0,Private,10,Single,White,Male,24,<=50K
2814,27.0,Private,13,Single,White,Male,40,<=50K
2815,50.0,Private,3,Married,White,Male,37,<=50K
2816,36.0,Private,7,Married,White,Male,50,<=50K
2817,41.0,Private,2,Married,White,Male,40,>50K
2818,41.0,Private,14,Single,White,Female,40,<=50K
2820,32.0,Public,13,Married,White,Male,40,<=50K
2821,22.0,Private,10,Single,White,Male,48,<=50K
2822,22.0,Private,6,Single,White,Male,40,<=50K
2823,18.0,Public,8,Single,White,Male,30,<=50K
2824,39.0,Private,13,Married,Black,Male,30,<=50K
2825,38.0,Private,9,Married,White,Female,55,<=50K
2826,35.0,Public,9,Married,White,Male,40,<=50K
2827,23.0,Private,10,Single,White,Male,40,<=50K
2828,54.0,Self-emp,13,Married,White,Male,40,>50K
2829,36.0,Private,14,Married,White,Male,60,>50K
2830,63.0,Public,9,Married,White,Male,55,<=50K
2831,39.0,Private,10,Married,White,Male,48,<=50K
2832,57.0,Self-emp,10,Married,White,Male,60,>50K
2833,58.0,Self-emp,15,Married,White,Male,50,>50K
2834,29.0,Private,13,Single,Asian,Female,40,<=50K
2835,17.0,Private,7,Single,White,Female,20,<=50K
2836,40.0,Private,9,Single,White,Male,40,<=50K
2837,69.0,Self-emp,10,Married,White,Female,15,<=50K
2838,28.0,Private,6,Single,White,Female,40,<=50K
2839,38.0,Private,5,Married,White,Male,40,<=50K
2841,45.0,Public,15,Single,Black,Female,40,<=50K
2842,33.0,Public,13,Married,Black,Male,40,<=50K
2843,41.0,Public,10,Married,White,Male,40,>50K
2844,37.0,Self-emp,9,Married,White,Male,60,>50K
2845,50.0,Private,10,Married,White,Male,45,>50K
2846,48.0,Private,13,Married,White,Male,50,<=50K
2847,26.0,Unknown,9,Single,Black,Female,40,<=50K
2848,36.0,Private,10,Married,White,Male,60,>50K
2849,21.0,Private,10,Single,White,Female,37,<=50K
2850,37.0,Private,12,Married,White,Male,40,<=50K
2851,20.0,Public,10,Single,White,Female,20,<=50K
2852,54.0,Self-emp,9,Married,White,Female,30,<=50K
2853,28.0,Private,9,Single,White,Female,40,<=50K
2854,27.0,Private,10,Single,White,Male,40,<=50K
2855,33.0,Private,11,Single,Black,Female,40,<=50K
2856,46.0,Unknown,9,Married,White,Male,40,<=50K
2857,28.0,Unknown,7,Single,White,Female,58,<=50K
2858,17.0,Unknown,6,Single,White,Male,40,<=50K
2859,40.0,Self-emp,15,Single,White,Male,45,>50K
2860,47.0,Private,14,Married,White,Male,40,>50K
2862,25.0,Private,8,Single,White,Male,43,<=50K
2863,35.0,Private,13,Married,White,Male,55,<=50K
2864,29.0,Private,10,Married,White,Female,25,<=50K
2865,30.0,Private,9,Single,White,Male,40,<=50K
2866,30.0,Private,10,Married,White,Male,40,<=50K
2867,56.0,Self-emp,4,Single,White,Female,40,<=50K
2868,25.0,Self-emp,13,Single,White,Male,30,<=50K
2869,28.0,Private,9,Single,Black,Male,40,<=50K
2870,43.0,Self-emp,5,Married,White,Male,40,<=50K
2871,47.0,Public,9,Married,White,Male,60,>50K
2872,46.0,Self-emp,13,Married,White,Male,40,<=50K
2873,41.0,Public,14,Single,White,Female,35,<=50K
2874,38.0,Public,12,Married,White,Female,33,>50K
2875,29.0,Private,9,Single,Black,Male,40,<=50K
2876,25.0,Private,3,Single,White,Male,40,<=50K
2877,56.0,Private,7,Married,White,Male,45,<=50K
2878,31.0,Private,4,Married,White,Male,40,<=50K
2879,22.0,Private,7,Single,White,Male,40,<=50K
2880,31.0,Private,9,Single,White,Male,40,<=50K
2881,28.0,Private,10,Single,White,Female,40,<=50K
2882,53.0,Private,13,Married,Black,Male,40,<=50K
2883,45.0,Private,14,Single,White,Female,50,>50K
2884,71.0,Private,1,Married,Black,Male,10,<=50K
2885,65.0,Unknown,9,Married,White,Female,40,<=50K
2886,39.0,Private,9,Married,White,Male,50,>50K
2887,19.0,Public,9,Married,White,Female,40,<=50K
2888,34.0,Public,13,Single,White,Female,40,<=50K
2889,36.0,Private,9,Married,White,Male,45,<=50K
2890,40.0,Private,9,Married,White,Female,40,<=50K
2891,90.0,Private,10,Single,White,Female,40,<=50K
2892,56.0,Private,15,Married,White,Male,16,<=50K
2893,21.0,Private,9,Single,White,Female,40,<=50K
2894,48.0,Private,13,Married,White,Male,45,>50K
2895,45.0,Private,10,Single,White,Female,27,<=50K
2896,46.0,Private,9,Married,White,Male,40,>50K
2897,64.0,Private,6,Single,White,Female,35,<=50K
2898,29.0,Public,14,Single,Asian,Male,40,<=50K
2899,22.0,Private,9,Single,White,Female,30,<=50K
2900,47.0,Private,9,Married,White,Male,48,>50K
2901,67.0,Self-emp,13,Married,White,Male,75,>50K
2902,43.0,Private,9,Married,White,Male,40,<=50K
2903,42.0,Private,10,Married,White,Male,40,<=50K
2904,31.0,Private,10,Married,White,Male,50,<=50K
2905,53.0,Private,7,Single,White,Female,40,<=50K
2906,81.0,Private,5,Married,Black,Female,5,<=50K
2907,33.0,Public,9,Single,White,Female,40,<=50K
2908,17.0,Private,8,Single,White,Female,8,<=50K
2909,55.0,Self-emp,15,Married,White,Male,50,>50K
2910,28.0,Private,9,Single,White,Male,30,<=50K
2911,24.0,Private,10,Single,White,Female,40,<=50K
2912,40.0,Private,9,Single,White,Female,45,<=50K
2913,30.0,Public,14,Single,White,Female,40,<=50K
2914,24.0,Private,7,Single,White,Female,40,<=50K
2915,26.0,Private,14,Married,White,Female,40,<=50K
2916,38.0,Private,10,Single,White,Female,38,<=50K
2917,30.0,Private,9,Married,White,Male,40,>50K
2918,33.0,Private,13,Married,White,Male,50,<=50K
2919,40.0,Private,9,Married,White,Male,60,>50K
2920,63.0,Self-emp,9,Married,White,Male,98,<=50K
2921,23.0,Private,4,Single,White,Male,36,<=50K
2922,56.0,Private,9,Single,Black,Male,40,<=50K
2923,42.0,Self-emp,11,Married,White,Male,60,<=50K
2924,40.0,Private,9,Single,White,Male,40,<=50K
2925,49.0,Private,12,Married,White,Female,40,>50K
2926,35.0,Private,9,Married,Asian,Male,40,<=50K
2927,52.0,Private,9,Single,Black,Female,35,<=50K
2928,28.0,Private,13,Single,White,Female,40,<=50K
2929,35.0,Private,6,Married,White,Male,70,<=50K
2930,21.0,Unknown,10,Single,White,Female,5,<=50K
2931,43.0,Self-emp,9,Single,White,Male,35,<=50K
2932,32.0,Unknown,11,Single,White,Female,2,<=50K
2933,29.0,Self-emp,15,Single,White,Male,50,>50K
2934,23.0,Private,13,Single,White,Male,25,<=50K
2935,50.0,Public,10,Married,White,Male,48,<=50K
2936,34.0,Private,10,Single,Black,Male,40,<=50K
2937,19.0,Private,9,Single,White,Male,40,<=50K
2938,47.0,Private,7,Married,Black,Female,40,<=50K
2939,37.0,Self-emp,10,Married,White,Male,40,<=50K
2940,25.0,Private,9,Single,Black,Female,35,<=50K
2941,75.0,Private,10,Married,White,Male,35,>50K
2942,24.0,Private,9,Married,White,Male,40,<=50K
2943,28.0,Public,13,Single,Asian,Male,20,<=50K
2944,17.0,Public,7,Single,White,Female,16,<=50K
2945,31.0,Private,9,Single,Black,Male,40,<=50K
2946,31.0,Private,1,Single,White,Female,35,<=50K
2947,18.0,Unknown,9,Single,White,Male,10,<=50K
2948,45.0,Private,13,Married,White,Male,55,>50K
2949,31.0,Private,9,Single,White,Male,42,<=50K
2950,27.0,Private,13,Married,White,Male,42,>50K
2951,48.0,Private,10,Married,Black,Female,38,<=50K
2952,22.0,Unknown,9,Married,White,Female,22,<=50K
2953,34.0,Private,13,Married,Black,Male,30,<=50K
2955,53.0,Private,10,Married,White,Male,40,<=50K
2956,60.0,Private,13,Married,White,Male,35,>50K
2957,49.0,Public,14,Single,White,Female,50,<=50K
2958,40.0,Private,10,Single,White,Female,40,<=50K
2959,48.0,Self-emp,6,Married,White,Male,80,<=50K
2960,23.0,Private,13,Single,White,Male,50,<=50K
2961,68.0,Unknown,4,Married,Black,Male,10,<=50K
2962,42.0,Private,11,Married,White,Male,40,>50K
2963,37.0,Self-emp,9,Single,White,Male,85,<=50K
2964,27.0,Private,9,Single,White,Female,45,<=50K
2965,38.0,Private,10,Married,White,Male,44,>50K
2966,27.0,Private,9,Single,White,Male,35,<=50K
2967,75.0,Private,9,Married,White,Female,40,<=50K
2968,49.0,Self-emp,13,Married,White,Male,52,>50K
2969,27.0,Private,10,Single,White,Male,20,<=50K
2970,36.0,Self-emp,13,Single,White,Male,50,<=50K
2971,36.0,Private,13,Married,White,Male,45,>50K
2972,35.0,Private,9,Single,White,Male,35,<=50K
2973,36.0,Private,9,Married,White,Male,40,>50K
2974,53.0,Private,7,Married,Black,Male,40,<=50K
2975,27.0,Private,10,Single,Black,Female,40,<=50K
2976,34.0,Private,9,Single,White,Male,35,<=50K
2977,61.0,Private,10,Married,White,Male,44,>50K
2978,29.0,Private,9,Single,White,Male,56,<=50K
2979,40.0,Public,10,Single,Black,Female,35,<=50K
2980,37.0,Private,14,Single,White,Male,40,>50K
2981,22.0,Private,5,Single,White,Male,30,<=50K
2982,43.0,Self-emp,10,Married,White,Male,40,<=50K
2983,55.0,Self-emp,9,Married,White,Male,30,<=50K
2984,28.0,Private,10,Single,White,Female,40,<=50K
2985,23.0,Private,13,Single,White,Female,30,<=50K
2986,64.0,Public,7,Married,Black,Male,40,>50K
2987,46.0,Private,10,Single,White,Male,40,<=50K
2988,29.0,Private,10,Single,White,Male,40,<=50K
2989,44.0,Private,14,Married,Asian,Male,48,<=50K
2991,62.0,Self-emp,10,Single,White,Male,40,<=50K
2992,49.0,Private,11,Single,White,Female,35,<=50K
2993,29.0,Private,6,Married,Amer-Indian,Female,40,<=50K
2994,35.0,Self-emp,13,Married,White,Male,60,<=50K
2995,39.0,Public,7,Married,White,Male,30,<=50K
2996,39.0,Private,13,Single,White,Male,45,<=50K
2997,37.0,Private,9,Single,White,Female,32,<=50K
2998,38.0,Private,9,Married,White,Male,30,<=50K
2999,72.0,Unknown,9,Married,White,Male,8,<=50K
3000,31.0,Private,4,Married,White,Male,40,<=50K
3001,55.0,Private,4,Married,White,Male,60,<=50K
3002,38.0,Private,10,Single,White,Female,40,<=50K
3003,33.0,Private,10,Single,White,Female,25,<=50K
3004,25.0,Private,12,Single,White,Female,40,<=50K
3005,19.0,Unknown,10,Single,White,Male,30,<=50K
3006,37.0,Private,11,Single,White,Female,52,<=50K
3007,49.0,Private,10,Single,White,Male,35,<=50K
3008,26.0,Private,9,Single,White,Male,40,<=50K
3009,35.0,Private,9,Married,White,Male,43,<=50K
3010,44.0,Self-emp,9,Married,White,Female,60,<=50K
3012,42.0,Private,13,Married,White,Male,45,>50K
3013,64.0,Public,16,Single,White,Female,40,>50K
3014,28.0,Private,9,Married,White,Male,40,>50K
3015,35.0,Self-emp,9,Single,White,Male,50,<=50K
3016,40.0,Public,13,Married,White,Male,40,<=50K
3017,55.0,Public,13,Married,White,Male,40,>50K
3018,21.0,Private,9,Single,White,Male,65,<=50K
3019,49.0,Private,10,Single,Black,Female,40,<=50K
3020,51.0,Public,16,Married,White,Male,40,>50K
3021,57.0,Private,15,Married,Asian,Male,40,>50K
3022,51.0,Private,13,Married,White,Male,40,>50K
3023,38.0,Private,6,Single,Black,Male,40,<=50K
3024,24.0,Private,9,Single,White,Female,32,<=50K
3025,45.0,Self-emp,9,Married,White,Male,40,<=50K
3026,28.0,Private,9,Married,White,Male,45,<=50K
3027,42.0,Self-emp,15,Married,White,Male,60,>50K
3028,22.0,Private,10,Single,White,Male,40,<=50K
3029,28.0,Public,14,Married,White,Male,40,<=50K
3030,60.0,Private,9,Married,White,Female,40,<=50K
3031,31.0,Private,9,Single,White,Female,40,<=50K
3032,47.0,Private,10,Married,White,Male,75,>50K
3033,40.0,Unknown,9,Single,White,Male,25,<=50K
3034,30.0,Private,9,Married,White,Male,60,<=50K
3035,61.0,Private,14,Married,White,Male,60,>50K
3036,71.0,Public,13,Married,White,Female,6,<=50K
3037,42.0,Private,9,Single,White,Female,40,<=50K
3038,44.0,Public,8,Married,White,Male,55,<=50K
3039,46.0,Self-emp,10,Married,White,Male,60,>50K
3040,50.0,Public,15,Single,Black,Female,52,>50K
3041,27.0,Public,13,Single,White,Male,9,<=50K
3042,40.0,Unknown,11,Married,White,Male,15,<=50K
3043,21.0,Private,10,Single,White,Female,40,<=50K
3044,25.0,Private,9,Single,White,Male,35,<=50K
3045,61.0,Private,3,Single,White,Male,56,<=50K
3046,54.0,Private,10,Single,White,Male,30,<=50K
3047,31.0,Private,13,Single,White,Male,40,<=50K
3048,53.0,Self-emp,10,Married,White,Male,30,<=50K
3049,39.0,Self-emp,12,Married,White,Male,55,>50K
3050,57.0,Self-emp,15,Married,White,Male,50,>50K
3051,48.0,Private,13,Single,White,Female,44,<=50K
3052,30.0,Private,10,Married,White,Male,56,>50K
3053,35.0,Private,9,Married,White,Male,60,<=50K
3054,42.0,Self-emp,9,Married,White,Male,50,<=50K
3055,34.0,Self-emp,9,Married,White,Male,40,<=50K
3056,59.0,Private,9,Married,White,Male,40,>50K
3057,69.0,Public,6,Married,White,Male,20,<=50K
3058,29.0,Private,10,Single,White,Female,40,<=50K
3059,40.0,Private,9,Married,White,Male,40,<=50K
3060,21.0,Private,10,Single,White,Male,15,<=50K
3061,40.0,Private,12,Single,White,Female,40,<=50K
3062,43.0,Private,10,Married,White,Male,40,<=50K
3063,36.0,Private,9,Single,White,Male,40,<=50K
3064,41.0,Private,9,Married,Asian,Male,40,>50K
3065,72.0,Unknown,9,Married,White,Male,30,<=50K
3066,20.0,Private,10,Single,White,Male,30,<=50K
3067,41.0,Public,13,Married,White,Female,40,<=50K
3068,34.0,Private,10,Single,White,Male,50,<=50K
3069,48.0,Private,7,Single,Black,Female,40,<=50K
3070,27.0,Private,9,Single,White,Female,40,<=50K
3071,35.0,Private,10,Married,White,Male,60,>50K
3072,28.0,Unknown,9,Single,Black,Male,40,<=50K
3073,27.0,Private,9,Single,Black,Male,40,<=50K
3074,20.0,Private,10,Single,White,Male,40,<=50K
3075,18.0,Private,10,Single,White,Female,15,<=50K
3076,32.0,Private,13,Married,White,Male,40,<=50K
3077,38.0,Private,14,Married,White,Male,60,>50K
3078,23.0,Public,10,Single,White,Male,40,<=50K
3079,28.0,Private,13,Married,White,Male,45,>50K
3080,40.0,Public,15,Married,White,Male,38,>50K
3081,35.0,Private,9,Single,White,Female,40,<=50K
3082,74.0,Self-emp,10,Married,White,Male,40,<=50K
3083,28.0,Private,9,Single,White,Male,40,<=50K
3084,23.0,Private,10,Single,White,Male,30,<=50K
3085,20.0,Self-emp,10,Single,White,Male,10,<=50K
3087,46.0,Public,9,Single,White,Female,25,<=50K
3088,20.0,Unknown,10,Single,White,Male,40,<=50K
3089,51.0,Self-emp,13,Married,White,Male,50,>50K
3090,40.0,Private,10,Single,White,Female,40,<=50K
3091,48.0,Private,15,Married,White,Male,40,>50K
3092,60.0,Self-emp,5,Married,White,Male,84,<=50K
3093,48.0,Self-emp,13,Married,White,Male,40,>50K
3094,46.0,Public,13,Married,White,Female,70,<=50K
3095,48.0,Self-emp,13,Married,White,Male,40,>50K
3096,22.0,Unknown,9,Single,Black,Female,35,<=50K
3097,24.0,Public,13,Single,White,Female,40,<=50K
3098,45.0,Public,10,Single,White,Female,40,<=50K
3099,18.0,Private,8,Single,White,Female,35,<=50K
3100,39.0,Private,9,Married,White,Male,40,<=50K
3101,65.0,Self-emp,9,Married,White,Male,65,<=50K
3102,22.0,Private,10,Single,White,Female,40,<=50K
3103,20.0,Private,10,Single,White,Female,20,<=50K
3104,28.0,Private,10,Married,White,Male,40,<=50K
3105,46.0,Private,15,Married,White,Male,50,>50K
3106,42.0,Public,13,Married,White,Male,48,>50K
3107,61.0,Public,16,Married,White,Male,40,>50K
3108,28.0,Private,10,Married,White,Male,50,>50K
3109,18.0,Private,10,Single,White,Female,20,<=50K
3110,24.0,Public,13,Single,Asian,Male,40,<=50K
3111,45.0,Private,16,Married,White,Male,56,>50K
3112,24.0,Private,9,Single,White,Male,40,<=50K
3113,44.0,Private,13,Married,White,Male,50,>50K
3114,20.0,Private,10,Single,White,Male,30,<=50K
3116,52.0,Self-emp,13,Married,White,Male,60,<=50K
3117,25.0,Private,12,Single,White,Male,45,<=50K
3118,19.0,Private,3,Single,White,Male,36,<=50K
3119,35.0,Unknown,13,Married,White,Male,20,<=50K
3120,54.0,Private,10,Single,White,Female,40,<=50K
3121,21.0,Private,10,Single,White,Male,40,<=50K
3122,26.0,Private,9,Married,White,Female,40,>50K
3123,42.0,Private,11,Single,White,Female,40,<=50K
3124,19.0,Private,10,Single,White,Female,40,<=50K
3125,55.0,Private,14,Married,White,Male,50,>50K
3126,44.0,Public,9,Married,White,Male,40,<=50K
3127,25.0,Private,13,Single,White,Male,55,<=50K
3128,26.0,Private,10,Married,White,Male,40,<=50K
3129,64.0,Public,12,Single,White,Female,40,>50K
3130,41.0,Private,7,Single,Hispanic,Female,40,<=50K
3131,25.0,Unknown,10,Single,Black,Male,40,<=50K
3132,43.0,Private,10,Married,White,Male,40,<=50K
3133,45.0,Private,9,Single,White,Male,48,>50K
3135,60.0,Private,9,Married,White,Male,40,<=50K
3136,45.0,Self-emp,10,Single,White,Male,50,<=50K
3137,51.0,Private,6,Married,White,Male,40,>50K
3138,37.0,Public,9,Single,White,Female,40,<=50K
3139,22.0,Private,10,Single,White,Male,30,<=50K
3140,44.0,Private,9,Married,White,Male,65,>50K
3141,27.0,Private,9,Married,White,Male,50,<=50K
3142,47.0,Public,9,Married,White,Male,40,<=50K
3143,32.0,Private,14,Married,Black,Male,40,>50K
3144,40.0,Private,13,Married,White,Male,50,>50K
3145,41.0,Private,9,Married,White,Male,40,<=50K
3146,32.0,Unknown,6,Single,White,Female,40,<=50K
3147,26.0,Private,13,Single,White,Female,40,<=50K
3148,47.0,Private,10,Married,Asian,Male,40,<=50K
3149,55.0,Self-emp,9,Married,White,Male,45,<=50K
3150,38.0,Private,9,Married,White,Male,40,<=50K
3151,24.0,Public,13,Single,White,Male,15,<=50K
3152,64.0,Self-emp,16,Married,White,Male,25,>50K
3153,56.0,Public,13,Married,White,Male,40,>50K
3154,41.0,Private,9,Married,White,Male,49,>50K
3155,33.0,Private,9,Married,White,Male,45,>50K
3156,33.0,Private,15,Single,White,Male,42,>50K
3157,21.0,Private,10,Married,White,Male,40,<=50K
3158,59.0,Public,9,Married,Black,Male,40,<=50K
3159,58.0,Private,11,Married,White,Male,40,>50K
3160,43.0,Public,14,Single,White,Male,40,<=50K
3161,21.0,Private,9,Single,Black,Male,40,<=50K
3162,45.0,Private,9,Single,White,Male,40,<=50K
3163,53.0,Public,9,Married,White,Female,50,>50K
3165,27.0,Private,6,Married,White,Female,40,<=50K
3166,53.0,Private,10,Married,White,Male,50,>50K
3167,38.0,Private,14,Married,White,Male,35,>50K
3168,31.0,Private,13,Married,White,Male,70,>50K
3169,41.0,Private,9,Married,White,Male,35,<=50K
3170,22.0,Public,10,Single,White,Female,40,<=50K
3171,43.0,Self-emp,14,Married,White,Male,60,<=50K
3172,41.0,Public,10,Single,White,Male,40,<=50K
3173,27.0,Private,10,Married,White,Female,35,<=50K
3174,41.0,Public,10,Married,White,Male,40,<=50K
3175,36.0,Private,15,Single,White,Male,45,>50K
3176,49.0,Private,13,Married,White,Female,40,>50K
3177,20.0,Private,9,Single,White,Male,45,<=50K
3178,58.0,Self-emp,9,Married,White,Female,45,<=50K
3179,35.0,Self-emp,8,Single,Black,Female,40,<=50K
3180,30.0,Public,9,Married,White,Male,40,>50K
3181,21.0,Private,9,Single,White,Male,40,<=50K
3182,29.0,Private,12,Single,White,Male,45,<=50K
3183,40.0,Private,9,Married,White,Female,40,<=50K
3184,54.0,Public,13,Single,Asian,Female,40,>50K
3185,35.0,Private,13,Married,White,Male,60,>50K
3186,35.0,Private,13,Married,White,Male,50,<=50K
3187,40.0,Private,13,Married,White,Female,40,<=50K
3188,59.0,Private,9,Single,Black,Female,40,<=50K
3189,43.0,Self-emp,10,Married,White,Male,50,<=50K
3190,39.0,Private,6,Married,White,Male,60,>50K
3191,51.0,Private,4,Single,Black,Female,30,<=50K
3192,71.0,Private,10,Single,White,Female,60,<=50K
3193,33.0,Private,8,Single,Black,Female,40,<=50K
3194,28.0,Private,9,Single,Black,Male,35,<=50K
3195,30.0,Private,9,Married,White,Male,40,<=50K
3196,20.0,Private,3,Married,White,Male,40,<=50K
3197,51.0,Self-emp,9,Married,White,Male,50,<=50K
3198,39.0,Private,9,Married,White,Female,40,>50K
3199,62.0,Private,10,Married,Asian,Male,40,>50K
3200,37.0,Private,9,Single,White,Male,60,<=50K
3201,28.0,Private,5,Single,White,Male,50,<=50K
3202,23.0,Private,9,Single,Asian,Male,48,<=50K
3203,39.0,Private,13,Married,White,Female,30,<=50K
3204,50.0,Self-emp,13,Married,White,Male,65,>50K
3205,31.0,Private,4,Single,White,Male,40,<=50K
3206,45.0,Public,13,Married,White,Male,50,>50K
3207,23.0,Unknown,13,Single,Hispanic,Male,40,<=50K
3208,47.0,Private,6,Married,White,Male,40,<=50K
3209,59.0,Private,9,Married,White,Female,18,<=50K
3210,32.0,Private,12,Married,White,Male,40,<=50K
3211,82.0,Unknown,4,Married,White,Male,5,<=50K
3212,49.0,Private,13,Married,White,Male,55,>50K
3213,74.0,Public,9,Married,White,Male,17,<=50K
3214,22.0,Private,10,Single,White,Male,35,<=50K
3215,32.0,Private,10,Married,White,Male,55,<=50K
3216,34.0,Private,13,Married,White,Male,50,>50K
3217,59.0,Private,13,Married,White,Male,60,>50K
3218,36.0,Private,13,Married,White,Male,50,>50K
3219,59.0,Private,7,Single,White,Female,40,<=50K
3220,47.0,Self-emp,13,Single,White,Male,70,>50K
3221,53.0,Public,9,Married,White,Male,45,<=50K
3222,25.0,Self-emp,10,Single,White,Male,35,<=50K
3223,44.0,Private,13,Single,Black,Male,65,<=50K
3224,57.0,Self-emp,15,Married,White,Female,35,>50K
3225,42.0,Self-emp,13,Married,White,Male,80,>50K
3226,58.0,Public,6,Married,White,Male,40,<=50K
3227,39.0,Private,13,Married,White,Male,40,<=50K
3228,32.0,Unknown,9,Single,Black,Male,40,<=50K
3229,45.0,Private,4,Single,White,Male,48,<=50K
3230,47.0,Private,13,Married,Black,Female,35,>50K
3231,52.0,Unknown,10,Married,White,Male,50,<=50K
3232,56.0,Self-emp,2,Single,White,Male,25,<=50K
3233,52.0,Private,9,Single,White,Female,40,<=50K
3234,34.0,Private,9,Single,Black,Female,35,<=50K
3235,36.0,Self-emp,4,Married,White,Male,35,<=50K
3236,41.0,Private,9,Married,White,Male,40,<=50K
3237,30.0,Private,10,Single,White,Male,40,<=50K
3238,44.0,Private,13,Married,Hispanic,Male,40,<=50K
3239,17.0,Unknown,10,Single,Asian,Female,40,<=50K
3240,34.0,Private,10,Single,White,Female,40,<=50K
3241,41.0,Private,10,Single,Black,Male,40,<=50K
3242,29.0,Private,9,Single,White,Male,40,<=50K
3243,25.0,Private,5,Single,White,Male,48,<=50K
3244,42.0,Public,13,Single,White,Male,40,<=50K
3245,48.0,Private,10,Married,White,Male,40,>50K
3246,26.0,Private,11,Single,White,Male,55,<=50K
3247,64.0,Self-emp,9,Married,White,Female,40,>50K
3248,46.0,Self-emp,13,Married,White,Male,45,<=50K
3249,38.0,Private,13,Married,White,Male,50,>50K
3250,49.0,Public,7,Married,White,Male,40,<=50K
3251,23.0,Private,10,Single,Black,Female,20,<=50K
3252,46.0,Public,13,Single,White,Female,40,>50K
3253,30.0,Private,9,Single,White,Male,55,<=50K
3254,49.0,Self-emp,9,Married,White,Male,40,>50K
3255,47.0,Unknown,11,Single,White,Male,40,<=50K
3256,44.0,Private,13,Married,White,Male,50,>50K
3257,31.0,Private,9,Single,White,Male,50,<=50K
3258,19.0,Private,9,Single,White,Male,50,<=50K
3259,45.0,Private,12,Single,White,Female,38,<=50K
3260,34.0,Private,13,Married,White,Male,40,>50K
3261,26.0,Private,9,Single,White,Male,40,<=50K
3262,38.0,Self-emp,9,Married,White,Male,40,>50K
3263,31.0,Private,10,Single,White,Female,43,<=50K
3264,36.0,Self-emp,12,Single,White,Male,50,<=50K
3265,31.0,Private,13,Married,White,Male,60,>50K
3266,30.0,Private,13,Married,White,Male,40,<=50K
3267,37.0,Private,9,Married,White,Male,40,>50K
3268,30.0,Private,13,Single,Black,Male,50,>50K
3269,21.0,Unknown,9,Married,Black,Female,30,<=50K
3270,73.0,Private,6,Married,White,Female,10,<=50K
3271,38.0,Public,14,Married,White,Male,40,>50K
3272,30.0,Private,6,Single,White,Male,50,<=50K
3273,33.0,Private,9,Married,White,Male,50,>50K
3274,52.0,Public,13,Married,White,Male,40,>50K
3275,58.0,Private,10,Single,White,Female,46,<=50K
3276,34.0,Public,14,Single,White,Female,50,<=50K
3277,35.0,Private,9,Married,White,Male,40,<=50K
3278,59.0,Public,9,Married,White,Male,40,>50K
3279,45.0,Private,13,Single,White,Female,40,<=50K
3280,27.0,Private,10,Single,White,Male,48,<=50K
3281,31.0,Public,16,Single,White,Male,50,>50K
3282,45.0,Private,10,Single,White,Male,50,<=50K
3283,40.0,Private,9,Single,White,Female,25,<=50K
3284,27.0,Private,15,Married,White,Male,40,<=50K
3285,19.0,Private,9,Single,White,Male,20,<=50K
3286,29.0,Private,3,Single,White,Male,25,<=50K
3287,34.0,Self-emp,10,Married,White,Male,72,<=50K
3288,32.0,Public,12,Married,White,Male,40,<=50K
3289,49.0,Private,7,Married,White,Male,40,<=50K
3291,74.0,Unknown,4,Married,White,Male,2,<=50K
3292,62.0,Private,13,Married,White,Male,50,>50K
3293,39.0,Self-emp,9,Married,White,Male,40,<=50K
3294,43.0,Private,9,Single,White,Female,40,<=50K
3295,22.0,Private,10,Single,White,Female,60,<=50K
3296,24.0,Private,9,Married,White,Male,45,<=50K
3297,76.0,Unknown,9,Married,White,Male,40,>50K
3298,25.0,Private,10,Single,Black,Female,40,<=50K
3299,19.0,Private,10,Single,White,Female,28,<=50K
3300,31.0,Private,12,Single,White,Female,41,<=50K
3301,53.0,Private,7,Single,White,Female,40,<=50K
3302,61.0,Private,9,Married,White,Male,3,<=50K
3303,47.0,Private,13,Married,White,Male,40,<=50K
3304,37.0,Private,9,Single,White,Female,45,<=50K
3305,50.0,Self-emp,13,Single,White,Male,30,<=50K
3306,27.0,Private,10,Single,White,Male,44,<=50K
3307,58.0,Private,9,Single,White,Female,40,<=50K
3309,39.0,Private,12,Married,White,Male,40,<=50K
3310,36.0,Private,10,Single,White,Female,35,<=50K
3311,56.0,Private,13,Married,White,Male,50,<=50K
3312,26.0,Private,9,Married,White,Male,55,<=50K
3313,23.0,Private,13,Single,White,Female,38,<=50K
3314,47.0,Private,7,Single,Black,Male,40,<=50K
3315,68.0,Private,8,Married,White,Female,30,<=50K
3316,47.0,Public,10,Single,Black,Male,40,<=50K
3317,45.0,Public,10,Married,White,Male,40,>50K
3318,26.0,Private,10,Married,White,Male,60,<=50K
3319,20.0,Private,9,Single,White,Male,40,<=50K
3320,46.0,Private,10,Single,White,Female,40,<=50K
3321,37.0,Private,12,Married,White,Male,50,>50K
3322,37.0,Private,10,Married,White,Male,45,<=50K
3323,43.0,Private,10,Married,White,Male,42,<=50K
3324,59.0,Private,14,Married,White,Female,40,<=50K
3325,39.0,Private,9,Single,White,Female,40,<=50K
3326,32.0,Private,10,Single,White,Female,54,<=50K
3327,63.0,Private,10,Married,White,Male,16,<=50K
3328,45.0,Private,13,Married,White,Male,60,>50K
3330,36.0,Unknown,8,Single,White,Male,35,<=50K
3331,26.0,Private,9,Single,White,Male,40,<=50K
3332,34.0,Private,9,Single,White,Female,40,<=50K
3333,41.0,Private,9,Married,White,Male,40,>50K
3334,26.0,Private,9,Single,Black,Male,40,<=50K
3335,53.0,Private,9,Single,White,Female,40,<=50K
3336,33.0,Private,9,Married,White,Female,35,>50K
3337,46.0,Private,13,Married,White,Male,50,>50K
3338,79.0,Unknown,9,Married,Black,Female,30,<=50K
3339,31.0,Private,9,Married,White,Female,40,<=50K
3340,24.0,Private,9,Single,White,Male,40,<=50K
3341,57.0,Public,9,Single,White,Female,62,<=50K
3342,40.0,Private,9,Single,White,Female,47,<=50K
3343,41.0,Self-emp,11,Married,Hispanic,Male,84,<=50K
3344,20.0,Private,10,Single,White,Male,26,<=50K
3345,45.0,Private,7,Single,Black,Female,40,<=50K
3346,27.0,Private,11,Single,White,Female,40,<=50K
3347,36.0,Private,3,Married,White,Male,40,<=50K
3348,30.0,Private,9,Married,White,Male,40,<=50K
3349,36.0,Private,13,Married,White,Female,40,>50K
3350,25.0,Private,9,Married,Hispanic,Male,40,<=50K
3351,30.0,Unknown,10,Single,White,Female,25,<=50K
3352,31.0,Private,9,Married,White,Female,40,<=50K
3353,49.0,Private,9,Married,White,Male,45,>50K
3354,26.0,Private,7,Single,White,Male,20,<=50K
3355,25.0,Private,13,Single,White,Male,40,<=50K
3356,29.0,Private,11,Single,White,Female,40,<=50K
3357,24.0,Private,10,Single,White,Female,52,<=50K
3358,41.0,Private,9,Married,White,Male,40,>50K
3359,35.0,Private,14,Single,White,Male,40,>50K
3360,57.0,Self-emp,13,Married,White,Female,40,>50K
3361,21.0,Private,7,Single,White,Female,40,<=50K
3362,29.0,Private,6,Single,Black,Female,32,<=50K
3363,36.0,Private,10,Married,White,Male,40,<=50K
3364,20.0,Private,10,Single,White,Female,25,<=50K
3365,51.0,Private,13,Married,White,Male,40,>50K
3366,39.0,Private,7,Married,White,Male,40,<=50K
3367,36.0,Private,13,Married,White,Male,50,<=50K
3368,40.0,Self-emp,15,Married,White,Male,70,>50K
3369,61.0,Private,9,Married,White,Male,50,<=50K
3370,38.0,Private,15,Married,White,Male,60,<=50K
3372,21.0,Private,9,Single,White,Female,35,<=50K
3373,40.0,Private,9,Single,White,Female,40,<=50K
3374,46.0,Private,6,Married,White,Male,45,<=50K
3375,21.0,Private,10,Married,White,Male,54,<=50K
3376,35.0,Self-emp,6,Married,Black,Male,50,<=50K
3377,39.0,Private,13,Married,White,Male,40,<=50K
3378,38.0,Self-emp,9,Married,White,Male,60,<=50K
3379,30.0,Private,9,Single,White,Female,40,<=50K
3380,28.0,Private,5,Single,Hispanic,Male,40,<=50K
3381,32.0,Private,13,Married,White,Male,40,>50K
3382,46.0,Self-emp,11,Married,White,Male,40,>50K
3383,40.0,Private,11,Married,White,Male,40,<=50K
3384,47.0,Private,9,Married,Black,Female,40,>50K
3385,44.0,Private,6,Married,White,Male,40,<=50K
3386,38.0,Private,9,Married,White,Male,40,<=50K
3387,51.0,Unknown,9,Married,White,Male,20,>50K
3388,46.0,Self-emp,13,Married,White,Male,40,>50K
3389,51.0,Private,16,Married,White,Male,60,>50K
3390,45.0,Private,16,Married,White,Male,40,>50K
3391,20.0,Private,10,Single,White,Female,20,<=50K
3392,44.0,Private,13,Married,White,Male,45,<=50K
3393,33.0,Private,11,Married,White,Male,45,<=50K
3394,18.0,Private,9,Single,White,Female,30,<=50K
3395,61.0,Self-emp,15,Single,White,Male,40,>50K
3396,50.0,Public,13,Single,White,Female,40,<=50K
3397,47.0,Public,9,Single,Black,Male,40,<=50K
3398,34.0,Private,13,Married,White,Male,50,>50K
3399,53.0,Private,9,Married,Black,Male,60,<=50K
3400,39.0,Self-emp,10,Married,White,Male,40,<=50K
3401,58.0,Private,9,Married,White,Male,40,>50K
3402,66.0,Unknown,9,Married,Black,Male,18,<=50K
3403,26.0,Private,7,Single,White,Male,50,<=50K
3404,41.0,Private,3,Married,White,Male,40,<=50K
3405,47.0,Public,10,Married,White,Male,40,<=50K
3406,31.0,Private,11,Married,Amer-Indian,Male,40,<=50K
3407,52.0,Private,10,Married,White,Male,40,>50K
3408,29.0,Private,12,Married,White,Male,50,>50K
3409,43.0,Private,5,Single,Black,Female,50,<=50K
3410,42.0,Public,14,Married,White,Male,40,>50K
3411,35.0,Private,10,Single,Black,Female,30,<=50K
3412,41.0,Private,9,Married,White,Male,40,<=50K
3413,34.0,Private,13,Married,White,Male,60,>50K
3414,52.0,Self-emp,10,Married,White,Male,40,<=50K
3415,61.0,Private,10,Married,White,Male,40,<=50K
3416,39.0,Public,9,Single,White,Male,40,<=50K
3417,19.0,Private,10,Single,White,Female,25,<=50K
3418,46.0,Public,13,Married,White,Male,40,>50K
3419,39.0,Private,10,Single,White,Male,45,<=50K
3420,22.0,Private,10,Single,White,Male,50,<=50K
3421,30.0,Public,9,Single,White,Female,40,<=50K
3423,43.0,Private,13,Married,White,Male,40,<=50K
3424,37.0,Private,3,Married,White,Male,36,<=50K
3425,23.0,Private,12,Single,White,Male,20,<=50K
3426,39.0,Public,12,Single,White,Male,59,<=50K
3427,54.0,Private,14,Married,White,Male,40,<=50K
3428,46.0,Self-emp,10,Married,White,Male,60,<=50K
3429,20.0,Private,10,Single,White,Female,40,<=50K
3430,50.0,Self-emp,13,Married,White,Female,50,>50K
3431,17.0,Private,6,Single,White,Female,15,<=50K
3432,36.0,Private,9,Married,White,Male,40,<=50K
3433,37.0,Private,9,Married,White,Male,45,<=50K
3434,53.0,Private,9,Single,White,Female,38,<=50K
3435,50.0,Private,9,Married,White,Male,40,>50K
3436,38.0,Private,9,Married,White,Male,40,<=50K
3437,63.0,Self-emp,9,Married,White,Male,32,<=50K
3438,53.0,Private,9,Married,White,Male,50,>50K
3439,40.0,Unknown,13,Single,White,Female,50,<=50K
3441,20.0,Private,9,Single,White,Male,43,<=50K
3442,46.0,Private,10,Married,Black,Male,40,>50K
3443,28.0,Private,6,Single,Amer-Indian,Male,40,<=50K
3444,59.0,Private,14,Single,White,Male,50,<=50K
3445,41.0,Private,13,Married,White,Male,40,>50K
3446,33.0,Private,1,Married,White,Male,40,<=50K
3447,56.0,Private,8,Married,White,Male,40,<=50K
3448,50.0,Self-emp,9,Married,White,Male,55,>50K
3449,31.0,Public,13,Single,White,Female,50,<=50K
3450,41.0,Private,11,Single,White,Male,50,<=50K
3451,38.0,Private,13,Married,White,Female,40,>50K
3452,25.0,Public,12,Single,White,Female,40,<=50K
3453,18.0,Unknown,9,Single,Hispanic,Female,12,<=50K
3454,49.0,Public,13,Single,Black,Female,40,<=50K
3455,39.0,Private,10,Single,White,Male,40,<=50K
3456,22.0,Unknown,10,Single,White,Female,20,<=50K
3457,21.0,Private,10,Single,White,Female,25,<=50K
3458,35.0,Private,13,Married,White,Male,40,<=50K
3459,21.0,Unknown,9,Single,White,Female,40,<=50K
3460,38.0,Private,9,Married,White,Male,40,>50K
3461,55.0,Private,4,Married,White,Female,20,<=50K
3462,31.0,Private,9,Single,White,Male,55,<=50K
3463,17.0,Self-emp,7,Single,White,Male,20,<=50K
3464,31.0,Private,13,Married,White,Male,50,>50K
3465,25.0,Public,13,Single,White,Male,40,<=50K
3466,39.0,Private,14,Married,White,Male,55,>50K
3467,50.0,Private,4,Married,White,Male,40,<=50K
3468,38.0,Public,13,Married,White,Female,20,>50K
3469,50.0,Private,10,Married,White,Male,60,<=50K
3470,63.0,Private,6,Married,White,Male,40,<=50K
3471,31.0,Private,9,Married,White,Male,50,<=50K
3472,23.0,Private,13,Single,White,Female,40,<=50K
3473,18.0,Private,10,Single,White,Male,20,<=50K
3474,43.0,Public,13,Single,White,Female,48,<=50K
3475,34.0,Private,10,Married,White,Male,50,>50K
3476,18.0,Private,7,Single,White,Male,35,<=50K
3477,46.0,Private,9,Married,Black,Male,40,>50K
3478,35.0,Private,13,Single,White,Female,40,>50K
3480,59.0,Private,11,Married,White,Male,40,>50K
3481,31.0,Private,4,Single,White,Female,30,<=50K
3482,27.0,Private,9,Single,White,Female,37,<=50K
3483,41.0,Private,14,Married,White,Male,40,<=50K
3484,42.0,Private,9,Single,Black,Male,40,<=50K
3485,55.0,Private,13,Married,White,Male,40,>50K
3486,34.0,Unknown,9,Single,Black,Female,40,<=50K
3487,44.0,Private,9,Single,White,Female,40,<=50K
3488,26.0,Private,13,Single,White,Female,50,<=50K
3489,36.0,Private,11,Married,White,Female,40,>50K
3490,69.0,Private,5,Married,White,Male,35,<=50K
3491,33.0,Private,10,Single,White,Female,40,<=50K
3492,30.0,Private,11,Married,White,Male,40,<=50K
3493,35.0,Private,9,Married,White,Female,16,>50K
3494,25.0,Private,13,Single,White,Female,40,>50K
3495,21.0,Private,10,Single,Black,Male,40,<=50K
3496,18.0,Private,7,Single,Black,Male,15,<=50K
3497,35.0,Self-emp,10,Married,White,Male,60,>50K
3498,20.0,Private,9,Married,White,Male,50,<=50K
3499,26.0,Private,14,Married,White,Male,40,<=50K
3501,31.0,Private,13,Single,White,Female,36,<=50K
3502,40.0,Private,15,Married,White,Male,40,>50K
3503,40.0,Private,9,Single,White,Female,52,<=50K
3504,31.0,Private,13,Single,White,Female,40,<=50K
3505,32.0,Self-emp,16,Married,White,Male,40,<=50K
3506,23.0,Self-emp,10,Single,White,Male,40,<=50K
3507,25.0,Public,14,Single,White,Male,40,<=50K
3508,37.0,Private,10,Married,White,Male,50,<=50K
3509,18.0,Private,10,Single,White,Female,20,<=50K
3510,55.0,Private,9,Married,White,Female,38,<=50K
3511,52.0,Private,5,Single,White,Female,40,<=50K
3512,26.0,Private,9,Single,White,Female,40,<=50K
3513,37.0,Private,10,Single,White,Male,40,>50K
3514,39.0,Private,9,Single,White,Female,45,<=50K
3515,62.0,Self-emp,13,Single,White,Female,40,>50K
3516,19.0,Unknown,10,Single,White,Female,25,<=50K
3517,47.0,Private,9,Married,White,Male,45,>50K
3518,51.0,Public,13,Married,White,Male,40,>50K
3519,55.0,Private,9,Single,White,Female,40,<=50K
3520,30.0,Private,9,Married,White,Male,35,<=50K
3521,59.0,Public,10,Married,White,Male,36,<=50K
3522,45.0,Self-emp,6,Married,White,Male,65,<=50K
3523,52.0,Private,10,Married,White,Male,45,>50K
3524,21.0,Private,9,Single,White,Male,20,<=50K
3525,31.0,Private,9,Married,White,Male,55,<=50K
3526,29.0,Private,10,Single,Black,Male,40,<=50K
3527,24.0,Private,9,Married,White,Male,40,<=50K
3528,17.0,Private,6,Single,White,Male,24,<=50K
3529,47.0,Private,9,Single,Black,Female,40,<=50K
3530,46.0,Private,10,Married,White,Male,50,>50K
3531,32.0,Unknown,9,Single,White,Female,28,<=50K
3532,34.0,Private,6,Single,White,Male,44,<=50K
3533,63.0,Private,8,Married,White,Male,40,<=50K
3534,21.0,Private,10,Single,White,Male,25,<=50K
3535,18.0,Private,9,Single,Black,Male,36,<=50K
3536,49.0,Public,16,Married,White,Male,50,>50K
3537,81.0,Self-emp,9,Married,White,Female,20,<=50K
3538,36.0,Self-emp,12,Married,White,Male,40,>50K
3539,47.0,Private,9,Married,White,Male,40,>50K
3540,36.0,Private,14,Married,White,Male,50,>50K
3541,39.0,Self-emp,11,Married,White,Male,60,<=50K
3542,46.0,Private,13,Single,White,Female,35,<=50K
3543,43.0,Public,10,Married,White,Female,40,>50K
3544,39.0,Public,13,Single,White,Female,35,<=50K
3545,29.0,Private,10,Single,White,Female,40,<=50K
3546,23.0,Private,9,Single,Black,Female,16,<=50K
3547,57.0,Private,6,Married,White,Male,43,<=50K
3548,38.0,Self-emp,9,Single,Black,Female,42,<=50K
3549,25.0,Private,13,Single,White,Female,40,<=50K
3550,39.0,Public,10,Married,White,Male,40,<=50K
3551,24.0,Private,10,Single,Black,Male,40,<=50K
3552,56.0,Private,14,Married,White,Male,44,>50K
3553,39.0,Private,8,Single,White,Female,40,<=50K
3554,23.0,Private,11,Single,White,Female,60,<=50K
3555,17.0,Unknown,7,Single,Hispanic,Female,20,<=50K
3556,67.0,Self-emp,9,Single,White,Female,16,<=50K
3557,41.0,Private,13,Single,Asian,Male,50,<=50K
3558,24.0,Public,13,Single,White,Female,50,<=50K
3559,51.0,Private,13,Single,Black,Male,40,>50K
3560,30.0,Self-emp,9,Single,White,Female,60,<=50K
3561,47.0,Self-emp,9,Married,White,Male,40,>50K
3562,56.0,Private,9,Single,White,Male,32,<=50K
3563,51.0,Private,9,Single,White,Male,38,<=50K
3564,57.0,Self-emp,10,Married,White,Male,55,<=50K
3565,34.0,Private,10,Single,White,Female,40,<=50K
3566,24.0,Private,13,Single,White,Male,40,<=50K
3567,57.0,Private,9,Married,White,Male,40,<=50K
3568,38.0,Private,9,Married,White,Male,40,>50K
3569,23.0,Private,9,Single,White,Female,40,<=50K
3570,35.0,Private,4,Married,White,Male,40,<=50K
3571,58.0,Private,9,Married,White,Male,52,<=50K
3572,19.0,Unknown,9,Single,White,Female,12,<=50K
3573,19.0,Unknown,4,Single,White,Male,40,<=50K
3574,68.0,Public,16,Married,White,Male,60,>50K
3575,43.0,Private,10,Married,White,Male,40,>50K
3576,17.0,Private,7,Single,White,Female,20,<=50K
3577,53.0,Public,16,Married,White,Male,50,>50K
3578,37.0,Self-emp,16,Married,Black,Male,99,>50K
3579,21.0,Unknown,13,Single,Asian,Male,25,<=50K
3580,63.0,Private,9,Married,White,Male,40,>50K
3581,31.0,Private,10,Married,White,Male,50,<=50K
3582,29.0,Private,9,Married,White,Male,40,<=50K
3583,43.0,Public,10,Married,White,Male,40,>50K
3584,27.0,Private,15,Single,White,Female,65,>50K
3585,25.0,Self-emp,9,Single,White,Male,32,<=50K
3586,28.0,Private,9,Single,White,Female,40,<=50K
3587,54.0,Private,9,Single,White,Female,35,<=50K
3588,74.0,Unknown,10,Married,White,Female,12,<=50K
3589,31.0,Public,10,Single,Amer-Indian,Female,32,<=50K
3590,23.0,Private,10,Single,White,Male,48,<=50K
3591,19.0,Private,13,Single,White,Female,30,<=50K
3592,39.0,Unknown,1,Married,White,Female,20,<=50K
3593,61.0,Self-emp,9,Married,White,Female,40,<=50K
3594,59.0,Unknown,9,Married,White,Female,40,>50K
3595,27.0,Self-emp,11,Married,White,Female,36,>50K
3596,19.0,Private,10,Single,Black,Female,20,<=50K
3597,23.0,Unknown,9,Single,White,Male,40,<=50K
3598,25.0,Public,9,Single,Amer-Indian,Female,35,<=50K
3599,40.0,Private,10,Married,White,Male,48,>50K
3600,53.0,Private,7,Single,White,Female,37,<=50K
3601,32.0,Private,13,Single,White,Male,45,<=50K
3603,61.0,Private,4,Married,White,Male,40,<=50K
3604,42.0,Private,9,Married,White,Male,40,<=50K
3605,17.0,Private,6,Single,Amer-Indian,Female,20,<=50K
3606,73.0,Private,9,Married,White,Male,16,<=50K
3607,41.0,Self-emp,10,Single,White,Male,40,<=50K
3608,23.0,Private,10,Single,Black,Female,20,<=50K
3609,23.0,Private,9,Single,White,Female,40,<=50K
3610,65.0,Private,11,Married,White,Male,15,<=50K
3611,45.0,Self-emp,9,Married,White,Female,50,<=50K
3612,52.0,Public,13,Married,Black,Male,40,>50K
3613,24.0,Public,13,Single,Black,Female,27,<=50K
3614,23.0,Private,11,Married,White,Male,40,<=50K
3615,30.0,Private,10,Single,White,Female,40,<=50K
3616,26.0,Private,13,Single,White,Male,40,<=50K
3617,37.0,Self-emp,9,Single,White,Male,56,<=50K
3618,17.0,Private,9,Single,White,Male,40,<=50K
3619,31.0,Private,9,Married,White,Male,40,<=50K
3620,52.0,Private,9,Single,White,Female,40,<=50K
3621,63.0,Private,13,Single,White,Male,27,<=50K
3622,27.0,Private,9,Single,White,Female,60,<=50K
3624,71.0,Self-emp,9,Married,White,Female,35,<=50K
3625,35.0,Private,13,Married,White,Male,60,<=50K
3626,44.0,Private,9,Married,White,Female,38,<=50K
3627,36.0,Private,14,Married,Asian,Male,40,<=50K
3628,22.0,Private,13,Single,White,Female,20,<=50K
3629,32.0,Private,9,Married,White,Male,48,<=50K
3630,30.0,Public,13,Single,White,Female,40,<=50K
3631,60.0,Unknown,9,Married,White,Male,40,<=50K
3632,25.0,Private,10,Single,White,Female,40,<=50K
3633,76.0,Private,4,Married,White,Female,12,<=50K
3634,41.0,Private,9,Single,White,Male,40,<=50K
3635,26.0,Private,4,Married,Hispanic,Male,40,<=50K
3636,45.0,Private,8,Married,Asian,Male,40,<=50K
3637,32.0,Private,10,Single,White,Female,40,<=50K
3638,22.0,Private,9,Single,White,Male,40,<=50K
3639,39.0,Private,13,Married,White,Male,40,>50K
3640,63.0,Self-emp,13,Single,White,Male,40,<=50K
3641,23.0,Private,12,Single,White,Female,40,<=50K
3642,61.0,Private,6,Married,White,Male,40,<=50K
3643,31.0,Public,11,Married,White,Male,40,<=50K
3644,25.0,Private,5,Married,White,Male,45,<=50K
3645,33.0,Private,9,Single,White,Female,40,<=50K
3646,39.0,Private,9,Married,White,Female,36,<=50K
3647,53.0,Private,13,Married,Asian,Female,40,<=50K
3648,26.0,Public,13,Single,White,Female,40,<=50K
3649,21.0,Private,10,Single,White,Male,32,<=50K
3650,18.0,Private,9,Single,Black,Male,40,<=50K
3651,34.0,Private,13,Married,White,Male,60,>50K
3652,44.0,Public,14,Married,Black,Male,40,>50K
3653,31.0,Private,9,Single,White,Male,50,<=50K
3654,44.0,Private,9,Married,White,Male,40,>50K
3655,42.0,Private,15,Married,White,Male,60,>50K
3656,43.0,Private,9,Married,White,Male,44,<=50K
3657,33.0,Private,13,Married,Asian,Male,38,>50K
3658,21.0,Private,10,Single,Black,Female,30,<=50K
3659,30.0,Private,9,Married,White,Male,40,>50K
3660,55.0,Private,9,Married,White,Male,60,<=50K
3661,57.0,Private,10,Single,White,Female,40,<=50K
3663,32.0,Private,9,Married,White,Male,40,>50K
3664,62.0,Self-emp,13,Married,White,Male,60,>50K
3665,31.0,Self-emp,13,Single,Black,Male,40,>50K
3666,51.0,Private,13,Married,White,Male,50,>50K
3667,37.0,Private,14,Single,White,Female,45,<=50K
3668,45.0,Private,3,Married,White,Male,38,<=50K
3669,47.0,Private,10,Married,White,Male,40,<=50K
3670,31.0,Unknown,9,Single,White,Male,75,<=50K
3671,75.0,Self-emp,7,Married,White,Male,30,<=50K
3672,43.0,Private,14,Married,Hispanic,Male,50,<=50K
3673,39.0,Private,12,Married,White,Male,60,>50K
3674,30.0,Private,13,Married,White,Male,40,>50K
3675,27.0,Private,3,Single,White,Male,40,<=50K
3676,44.0,Private,9,Married,Amer-Indian,Male,40,<=50K
3677,53.0,Public,14,Single,White,Female,35,>50K
3678,40.0,Private,13,Married,White,Male,40,<=50K
3679,18.0,Private,7,Single,White,Female,20,<=50K
3680,33.0,Private,13,Married,Black,Male,40,<=50K
3681,20.0,Private,9,Single,White,Male,40,<=50K
3682,38.0,Private,10,Married,Black,Male,50,<=50K
3683,48.0,Private,9,Single,White,Female,35,<=50K
3684,46.0,Self-emp,9,Married,White,Male,40,<=50K
3685,51.0,Private,9,Married,White,Male,40,<=50K
3686,35.0,Self-emp,9,Single,White,Female,30,<=50K
3687,24.0,Private,4,Single,White,Male,40,<=50K
3688,30.0,Private,10,Single,White,Male,50,<=50K
3689,70.0,Private,9,Married,White,Male,30,<=50K
3690,26.0,Private,9,Married,White,Male,44,<=50K
3691,34.0,Private,9,Married,White,Male,40,<=50K
3694,37.0,Public,10,Married,White,Male,40,<=50K
3695,36.0,Self-emp,10,Single,White,Female,35,<=50K
3696,23.0,Private,5,Single,White,Female,40,<=50K
3697,28.0,Private,9,Married,White,Male,40,<=50K
3698,44.0,Self-emp,10,Married,White,Male,50,>50K
3699,58.0,Private,9,Single,White,Male,30,<=50K
3700,53.0,Private,10,Married,White,Male,60,>50K
3701,23.0,Private,10,Married,White,Male,40,<=50K
3702,26.0,Private,9,Single,Black,Male,40,<=50K
3703,21.0,Unknown,10,Married,White,Male,40,<=50K
3704,34.0,Public,14,Single,White,Female,50,<=50K
3705,43.0,Private,7,Married,White,Male,40,<=50K
3706,22.0,Private,10,Single,Black,Male,20,<=50K
3707,41.0,Private,10,Married,Amer-Indian,Male,50,>50K
3708,36.0,Private,9,Married,Asian,Male,40,<=50K
3709,41.0,Public,13,Married,White,Female,20,<=50K
3710,27.0,Private,9,Single,White,Male,40,<=50K
3711,42.0,Self-emp,10,Married,White,Male,60,<=50K
3712,27.0,Private,11,Single,White,Female,35,<=50K
3713,41.0,Private,9,Single,White,Male,40,<=50K
3714,32.0,Private,13,Married,Asian,Female,40,>50K
3715,21.0,Private,10,Single,Asian,Male,20,<=50K
3716,44.0,Private,13,Married,Black,Male,50,>50K
3717,29.0,Private,13,Single,White,Male,40,<=50K
3718,19.0,Self-emp,10,Single,White,Female,22,<=50K
3720,46.0,Private,9,Married,White,Male,40,<=50K
3721,38.0,Private,13,Married,White,Male,55,>50K
3722,43.0,Private,10,Single,White,Male,48,>50K
3723,54.0,Self-emp,9,Married,White,Male,50,>50K
3724,38.0,Private,14,Married,White,Male,60,>50K
3725,18.0,Unknown,10,Single,White,Male,40,<=50K
3726,50.0,Private,9,Married,White,Female,40,>50K
3727,30.0,Private,11,Married,White,Female,36,>50K
3728,30.0,Private,5,Married,White,Male,40,<=50K
3729,28.0,Public,9,Single,Amer-Indian,Female,35,<=50K
3730,26.0,Private,11,Single,White,Female,45,<=50K
3731,37.0,Public,10,Married,White,Male,43,<=50K
3732,32.0,Private,9,Married,White,Male,50,>50K
3733,64.0,Public,14,Married,White,Female,5,>50K
3734,18.0,Private,9,Single,White,Female,28,<=50K
3735,30.0,Private,10,Married,White,Male,30,<=50K
3736,36.0,Unknown,11,Married,White,Female,8,<=50K
3737,18.0,Private,7,Single,Black,Male,30,<=50K
3738,27.0,Private,9,Married,White,Male,40,<=50K
3739,49.0,Private,5,Married,White,Male,40,<=50K
3740,46.0,Public,9,Married,White,Male,43,>50K
3741,37.0,Private,9,Married,White,Male,40,<=50K
3742,30.0,Private,10,Single,White,Male,40,<=50K
3743,29.0,Private,9,Single,Hispanic,Female,30,<=50K
3744,22.0,Unknown,9,Single,White,Male,40,<=50K
3745,25.0,Self-emp,9,Married,White,Male,30,<=50K
3746,38.0,Private,9,Single,Black,Female,30,<=50K
3747,32.0,Unknown,13,Single,White,Female,40,<=50K
3748,35.0,Private,10,Married,White,Male,50,<=50K
3749,56.0,Private,14,Married,White,Male,80,>50K
3750,29.0,Private,10,Single,White,Female,40,<=50K
3751,41.0,Private,9,Married,White,Male,40,<=50K
3752,47.0,Private,9,Married,White,Male,40,<=50K
3753,23.0,Private,13,Single,Asian,Female,40,<=50K
3754,46.0,Self-emp,13,Married,White,Male,45,>50K
3755,28.0,Public,9,Single,Black,Male,40,<=50K
3756,39.0,Private,13,Single,White,Female,20,<=50K
3757,42.0,Self-emp,10,Married,White,Female,50,<=50K
3758,39.0,Private,9,Married,White,Male,48,>50K
3759,68.0,Unknown,4,Married,White,Male,30,<=50K
3760,37.0,Self-emp,13,Married,White,Male,55,>50K
3761,57.0,Private,15,Single,White,Female,40,<=50K
3762,22.0,Private,10,Single,Black,Female,30,<=50K
3763,24.0,Private,11,Single,White,Male,30,>50K
3764,19.0,Private,10,Single,White,Male,50,<=50K
3765,55.0,Private,12,Single,Black,Female,30,<=50K
3766,37.0,Public,9,Married,White,Male,40,<=50K
3767,37.0,Public,10,Single,Black,Female,40,<=50K
3768,28.0,Private,13,Married,White,Male,50,<=50K
3769,27.0,Private,9,Single,White,Female,40,<=50K
3770,40.0,Public,13,Single,White,Female,20,<=50K
3771,51.0,Private,9,Single,White,Female,40,<=50K
3772,52.0,Private,11,Married,White,Male,56,<=50K
3773,74.0,Unknown,10,Married,White,Female,3,<=50K
3774,49.0,Self-emp,10,Married,White,Male,50,>50K
3775,20.0,Unknown,10,Single,White,Female,40,<=50K
3776,40.0,Public,10,Single,White,Female,50,<=50K
3777,80.0,Private,10,Single,White,Male,60,<=50K
3778,63.0,Private,10,Married,White,Male,40,<=50K
3779,63.0,Private,9,Single,White,Male,45,>50K
3780,51.0,Private,10,Single,White,Female,40,<=50K
3781,23.0,Private,9,Single,White,Female,40,<=50K
3782,66.0,Self-emp,9,Married,White,Male,20,<=50K
3783,33.0,Self-emp,9,Married,White,Male,66,<=50K
3784,49.0,Private,9,Married,White,Male,43,<=50K
3785,20.0,Private,10,Single,White,Male,32,<=50K
3786,33.0,Self-emp,12,Married,White,Male,60,>50K
3787,26.0,Private,10,Married,White,Male,40,<=50K
3788,52.0,Private,9,Married,White,Male,50,>50K
3789,33.0,Private,13,Married,White,Male,50,>50K
3790,47.0,Private,13,Single,White,Male,45,<=50K
3791,23.0,Private,9,Single,Black,Male,75,<=50K
3792,53.0,Public,12,Married,White,Male,40,<=50K
3793,19.0,Private,10,Single,White,Male,20,<=50K
3794,26.0,Public,10,Single,White,Male,40,<=50K
3795,53.0,Private,4,Married,White,Male,60,>50K
3796,65.0,Private,9,Single,White,Male,10,<=50K
3797,68.0,Private,13,Married,White,Male,30,<=50K
3798,30.0,Private,6,Single,White,Male,18,<=50K
3799,28.0,Private,7,Married,White,Male,45,<=50K
3800,54.0,Public,6,Married,White,Male,45,<=50K
3801,30.0,Private,9,Single,White,Male,10,<=50K
3802,22.0,Private,10,Single,White,Male,50,<=50K
3803,25.0,Private,9,Single,White,Male,30,<=50K
3804,19.0,Private,7,Single,White,Male,20,<=50K
3805,19.0,Unknown,10,Single,White,Female,35,<=50K
3807,23.0,Private,13,Single,White,Female,40,<=50K
3808,51.0,Public,13,Married,White,Male,45,<=50K
3809,25.0,Private,10,Married,White,Male,44,>50K
3810,46.0,Public,13,Single,Black,Female,40,<=50K
3811,38.0,Private,10,Single,White,Female,50,<=50K
3812,26.0,Public,9,Married,Asian,Male,40,>50K
3813,46.0,Private,9,Single,White,Female,40,<=50K
3814,25.0,Private,13,Single,White,Female,40,<=50K
3815,20.0,Private,10,Single,White,Female,16,<=50K
3816,29.0,Public,14,Married,White,Male,35,<=50K
3817,51.0,Self-emp,14,Married,White,Male,50,>50K
3818,40.0,Private,10,Married,White,Male,52,<=50K
3819,24.0,Private,10,Single,White,Female,40,<=50K
3820,24.0,Self-emp,13,Single,White,Male,50,<=50K
3821,31.0,Private,11,Married,Amer-Indian,Female,24,<=50K
3822,54.0,Unknown,9,Single,White,Female,30,<=50K
3823,34.0,Private,12,Single,White,Male,60,<=50K
3824,19.0,Private,10,Single,White,Male,66,<=50K
3825,21.0,Private,9,Single,Black,Male,40,<=50K
3826,21.0,Private,6,Married,White,Male,70,<=50K
3827,23.0,Private,10,Married,White,Male,24,<=50K
3828,37.0,Public,10,Single,White,Male,40,<=50K
3829,40.0,Private,14,Married,White,Male,46,>50K
3830,57.0,Private,9,Married,White,Male,30,<=50K
3831,48.0,Private,13,Married,White,Male,40,>50K
3832,24.0,Private,7,Married,Asian,Male,40,<=50K
3833,43.0,Private,10,Married,White,Male,40,<=50K
3834,32.0,Unknown,13,Single,White,Female,20,<=50K
3835,40.0,Private,9,Single,White,Female,40,<=50K
3836,52.0,Self-emp,15,Married,White,Male,35,>50K
3837,49.0,Private,9,Single,White,Male,40,<=50K
3838,45.0,Self-emp,10,Married,Amer-Indian,Male,40,<=50K
3839,62.0,Public,9,Single,White,Male,40,<=50K
3840,29.0,Private,11,Married,White,Male,40,<=50K
3841,49.0,Private,9,Single,White,Female,40,<=50K
3842,55.0,Public,10,Single,Black,Female,40,<=50K
3843,20.0,Unknown,10,Single,Amer-Indian,Male,72,<=50K
3844,37.0,Self-emp,13,Single,White,Male,40,<=50K
3845,43.0,Public,13,Married,White,Male,40,>50K
3846,29.0,Private,10,Single,White,Female,40,<=50K
3847,44.0,Private,9,Married,White,Female,40,>50K
3848,28.0,Private,10,Single,White,Male,40,>50K
3849,38.0,Private,10,Single,White,Female,45,<=50K
3850,45.0,Private,11,Married,White,Male,50,>50K
3851,22.0,Unknown,10,Single,White,Male,40,<=50K
3852,19.0,Private,10,Single,White,Female,20,<=50K
3853,20.0,Private,8,Single,White,Male,40,<=50K
3854,60.0,Private,9,Married,White,Male,40,<=50K
3855,30.0,Private,9,Single,White,Female,40,<=50K
3856,22.0,Private,10,Single,Asian,Male,40,<=50K
3857,51.0,Private,10,Single,White,Female,60,<=50K
3858,31.0,Private,13,Single,Black,Female,40,<=50K
3859,48.0,Private,9,Single,White,Female,40,<=50K
3860,43.0,Private,13,Married,White,Male,40,>50K
3861,51.0,Public,9,Single,Black,Male,40,<=50K
3862,41.0,Private,11,Married,White,Male,48,>50K
3863,62.0,Unknown,11,Married,White,Male,40,<=50K
3864,50.0,Public,9,Married,Black,Male,40,>50K
3865,46.0,Private,9,Married,White,Female,40,>50K
3866,54.0,Private,10,Married,White,Male,60,>50K
3867,68.0,Private,9,Married,White,Male,45,>50K
3868,23.0,Self-emp,12,Single,White,Male,30,<=50K
3869,49.0,Private,14,Single,White,Female,35,<=50K
3870,24.0,Private,6,Married,White,Male,40,<=50K
3871,30.0,Public,9,Married,Black,Male,40,<=50K
3872,38.0,Private,9,Married,White,Male,45,<=50K
3874,22.0,Private,10,Single,White,Male,40,<=50K
3875,30.0,Private,4,Single,White,Male,40,<=50K
3876,61.0,Private,4,Married,White,Male,31,<=50K
3878,51.0,Self-emp,11,Married,White,Male,40,<=50K
3879,43.0,Private,3,Married,Asian,Female,40,>50K
3880,54.0,Public,10,Married,White,Male,48,>50K
3881,63.0,Private,9,Married,White,Female,25,<=50K
3882,51.0,Private,10,Married,White,Male,40,>50K
3883,63.0,Self-emp,6,Married,White,Male,40,<=50K
3884,51.0,Public,14,Married,White,Male,60,>50K
3885,27.0,Private,9,Single,White,Female,35,<=50K
3886,35.0,Private,12,Married,White,Male,40,>50K
3887,31.0,Unknown,13,Married,White,Female,25,>50K
3888,46.0,Self-emp,9,Single,White,Male,40,<=50K
3889,53.0,Private,11,Married,Black,Male,40,>50K
3890,26.0,Public,10,Single,White,Male,24,<=50K
3891,43.0,Private,9,Single,White,Male,40,<=50K
3892,39.0,Private,9,Married,White,Male,50,>50K
3893,50.0,Public,9,Single,White,Male,40,<=50K
3894,54.0,Public,9,Married,White,Male,40,>50K
3895,62.0,Unknown,10,Married,White,Female,45,>50K
3896,57.0,Public,10,Single,White,Female,40,<=50K
3897,19.0,Unknown,10,Single,Black,Male,24,<=50K
3898,29.0,Public,9,Single,White,Male,20,<=50K
3899,20.0,Private,9,Single,Black,Male,40,<=50K
3900,53.0,Private,13,Married,White,Male,55,>50K
3901,18.0,Unknown,10,Single,White,Male,40,<=50K
3902,22.0,Unknown,10,Single,White,Male,40,<=50K
3903,23.0,Private,9,Single,White,Male,40,<=50K
3904,69.0,Private,7,Married,White,Male,20,<=50K
3905,56.0,Private,4,Married,White,Male,40,<=50K
3906,53.0,Public,13,Married,Black,Male,35,<=50K
3907,28.0,Private,9,Single,White,Male,40,<=50K
3908,28.0,Private,13,Married,Black,Male,40,<=50K
3909,33.0,Self-emp,9,Married,Asian,Male,84,>50K
3910,48.0,Private,9,Single,White,Female,30,<=50K
3912,49.0,Private,13,Married,White,Male,45,<=50K
3913,48.0,Private,10,Married,White,Male,40,<=50K
3914,32.0,Private,4,Married,White,Male,40,<=50K
3915,51.0,Private,9,Married,White,Male,40,>50K
3916,27.0,Unknown,13,Single,White,Male,40,<=50K
3917,19.0,Private,10,Single,White,Male,14,<=50K
3918,47.0,Private,9,Married,White,Male,50,<=50K
3919,25.0,Private,13,Single,White,Male,60,<=50K
3920,72.0,Private,10,Married,Black,Male,40,<=50K
3921,29.0,Private,7,Single,White,Male,40,<=50K
3922,22.0,Private,9,Single,White,Female,40,<=50K
3923,57.0,Private,9,Married,Black,Male,48,<=50K
3924,50.0,Private,12,Married,White,Male,60,<=50K
3925,45.0,Self-emp,10,Married,White,Male,30,<=50K
3926,52.0,Private,10,Single,White,Male,40,>50K
3927,53.0,Private,14,Married,White,Male,48,>50K
3928,36.0,Private,9,Married,White,Male,48,<=50K
3929,46.0,Private,9,Married,White,Male,40,>50K
3930,20.0,Private,9,Single,White,Female,20,<=50K
3931,75.0,Private,3,Married,Black,Male,10,<=50K
3933,28.0,Private,9,Married,White,Male,40,<=50K
3934,53.0,Private,14,Single,White,Female,40,<=50K
3935,17.0,Private,7,Single,White,Female,35,<=50K
3936,46.0,Public,11,Single,White,Female,38,<=50K
3937,39.0,Private,12,Single,White,Female,30,<=50K
3938,38.0,Private,10,Single,White,Male,40,<=50K
3939,36.0,Private,9,Married,White,Male,60,<=50K
3940,63.0,Public,13,Single,Black,Female,21,<=50K
3941,28.0,Private,2,Married,White,Male,43,<=50K
3942,28.0,Unknown,13,Single,White,Male,45,<=50K
3943,49.0,Private,9,Single,White,Female,35,<=50K
3944,43.0,Private,10,Married,White,Male,40,<=50K
3945,38.0,Private,13,Married,White,Male,45,>50K
3946,39.0,Private,9,Single,White,Male,62,<=50K
3947,42.0,Unknown,9,Single,Black,Female,40,<=50K
3948,40.0,Private,9,Married,White,Male,40,<=50K
3949,45.0,Unknown,9,Single,White,Female,10,<=50K
3950,29.0,Unknown,9,Single,White,Female,40,<=50K
3951,24.0,Public,13,Single,White,Male,45,<=50K
3952,30.0,Private,10,Married,White,Male,50,>50K
3953,44.0,Private,10,Married,Black,Male,40,<=50K
3954,40.0,Private,9,Married,White,Male,24,<=50K
3955,30.0,Private,9,Single,White,Female,35,<=50K
3956,42.0,Private,14,Single,White,Female,40,<=50K
3957,52.0,Self-emp,11,Single,White,Female,35,<=50K
3958,42.0,Private,10,Married,Black,Male,40,>50K
3959,39.0,Private,10,Married,White,Male,52,>50K
3960,43.0,Private,10,Single,White,Male,45,<=50K
3962,30.0,Private,11,Married,White,Male,40,<=50K
3963,83.0,Unknown,9,Married,White,Female,20,<=50K
3964,39.0,Private,13,Married,White,Male,55,>50K
3965,41.0,Private,9,Married,White,Female,20,<=50K
3966,49.0,Private,14,Married,White,Female,40,>50K
3967,25.0,Private,7,Married,White,Male,40,<=50K
3968,48.0,Private,7,Married,White,Male,40,<=50K
3969,59.0,Unknown,12,Single,White,Male,8,<=50K
3970,44.0,Public,13,Single,White,Male,40,<=50K
3971,36.0,Private,5,Single,White,Male,56,<=50K
3972,40.0,Private,9,Single,White,Male,40,<=50K
3973,21.0,Private,9,Single,Black,Female,35,<=50K
3974,41.0,Private,10,Single,White,Female,38,<=50K
3975,24.0,Private,13,Single,White,Female,50,<=50K
3976,67.0,Self-emp,9,Married,White,Male,60,<=50K
3977,24.0,Private,13,Single,White,Male,38,<=50K
3978,50.0,Self-emp,13,Married,White,Male,60,<=50K
3979,48.0,Private,14,Single,White,Male,35,<=50K
3980,55.0,Unknown,12,Married,Black,Male,20,>50K
3982,50.0,Private,13,Single,White,Female,36,<=50K
3983,64.0,Public,6,Married,White,Male,40,>50K
3984,49.0,Private,5,Single,Black,Male,37,<=50K
3985,20.0,Private,9,Single,Black,Male,52,<=50K
3986,30.0,Private,9,Single,White,Female,40,<=50K
3987,37.0,Private,13,Married,Asian,Male,30,<=50K
3988,52.0,Private,9,Married,White,Male,40,>50K
3989,22.0,Private,10,Single,White,Male,25,<=50K
3990,77.0,Unknown,9,Married,White,Female,14,<=50K
3991,19.0,Public,10,Single,White,Male,15,<=50K
3992,52.0,Private,9,Single,White,Male,55,>50K
3993,42.0,Private,13,Married,Asian,Female,40,<=50K
3994,35.0,Private,9,Single,White,Female,36,<=50K
3995,27.0,Private,10,Single,White,Female,50,<=50K
3996,54.0,Public,9,Single,Black,Female,38,<=50K
3997,37.0,Private,9,Married,White,Male,40,<=50K
3998,37.0,Private,6,Married,White,Male,35,<=50K
3999,28.0,Private,4,Married,White,Male,30,<=50K
4000,63.0,Private,13,Married,White,Male,40,<=50K
4001,19.0,Private,9,Single,White,Male,42,<=50K
4002,28.0,Private,13,Single,White,Female,40,<=50K
4003,23.0,Unknown,10,Single,White,Male,40,<=50K
4004,44.0,Private,15,Single,White,Female,40,>50K
4006,35.0,Private,13,Single,Asian,Male,50,>50K
4007,64.0,Private,9,Single,White,Female,50,<=50K
4008,40.0,Private,9,Married,White,Male,40,>50K
4009,59.0,Public,12,Single,White,Female,50,<=50K
4010,22.0,Private,10,Single,White,Female,40,<=50K
4011,40.0,Private,10,Single,White,Female,44,<=50K
4012,35.0,Private,4,Married,White,Male,40,<=50K
4013,20.0,Private,10,Single,White,Female,15,<=50K
4014,35.0,Public,9,Single,White,Male,40,<=50K
4015,28.0,Private,10,Married,White,Male,48,<=50K
4016,28.0,Private,9,Single,White,Male,40,<=50K
4017,37.0,Unknown,10,Married,White,Male,20,<=50K
4018,72.0,Unknown,16,Married,White,Male,6,>50K
4019,25.0,Self-emp,12,Single,White,Male,60,<=50K
4020,37.0,Private,9,Single,White,Female,40,<=50K
4021,19.0,Unknown,10,Single,White,Female,45,<=50K
4022,31.0,Private,11,Single,White,Female,38,<=50K
4023,41.0,Private,9,Single,White,Female,40,<=50K
4024,31.0,Private,6,Married,White,Male,40,>50K
4025,44.0,Private,9,Married,White,Male,40,<=50K
4026,20.0,Private,10,Single,Black,Male,47,<=50K
4027,57.0,Self-emp,10,Married,White,Male,50,<=50K
4028,26.0,Private,9,Single,White,Female,12,<=50K
4029,44.0,Self-emp,9,Married,White,Male,60,<=50K
4030,29.0,Public,9,Single,White,Male,40,<=50K
4031,36.0,Private,9,Married,White,Male,40,>50K
4032,40.0,Private,11,Married,White,Male,40,>50K
4033,21.0,Private,12,Single,Black,Male,35,<=50K
4034,21.0,Private,10,Single,White,Male,70,<=50K
4035,34.0,Self-emp,15,Single,White,Male,48,>50K
4036,24.0,Private,13,Single,White,Female,15,<=50K
4037,28.0,Private,6,Single,White,Female,40,<=50K
4038,35.0,Private,9,Single,White,Male,50,<=50K
4039,35.0,Private,9,Single,White,Male,40,<=50K
4040,38.0,Public,13,Single,White,Female,40,<=50K
4041,44.0,Public,9,Single,Black,Female,40,<=50K
4042,39.0,Private,13,Married,White,Female,40,>50K
4043,57.0,Public,9,Single,White,Female,40,<=50K
4044,19.0,Private,10,Single,White,Female,40,<=50K
4045,29.0,Private,11,Married,White,Male,48,<=50K
4046,23.0,Private,9,Single,Black,Male,40,<=50K
4047,50.0,Private,9,Married,White,Female,40,<=50K
4048,51.0,Self-emp,10,Married,White,Male,20,<=50K
4049,28.0,Private,11,Single,Amer-Indian,Male,40,<=50K
4050,44.0,Private,13,Married,White,Male,60,<=50K
4051,29.0,Self-emp,13,Single,Black,Male,40,<=50K
4052,31.0,Private,9,Single,White,Male,45,<=50K
4053,27.0,Private,13,Married,White,Male,45,>50K
4054,34.0,Private,13,Married,White,Male,45,<=50K
4055,50.0,Self-emp,15,Married,Asian,Male,50,>50K
4056,27.0,Private,10,Married,White,Male,40,>50K
4057,31.0,Private,11,Single,Black,Female,40,<=50K
4058,46.0,Private,12,Married,White,Male,40,>50K
4059,39.0,Private,10,Single,Asian,Female,40,<=50K
4060,40.0,Private,13,Married,White,Male,55,>50K
4061,28.0,Private,7,Single,White,Male,40,<=50K
4062,18.0,Private,9,Single,White,Female,40,<=50K
4063,51.0,Private,9,Single,White,Female,40,<=50K
4064,58.0,Self-emp,9,Single,White,Male,50,<=50K
4065,66.0,Private,9,Married,White,Male,40,<=50K
4066,36.0,Self-emp,9,Married,Asian,Female,20,<=50K
4067,38.0,Private,7,Single,White,Female,60,<=50K
4068,25.0,Private,12,Single,White,Male,40,<=50K
4069,25.0,Private,9,Single,White,Female,22,<=50K
4070,90.0,Private,7,Single,White,Male,40,<=50K
4071,41.0,Public,10,Single,White,Female,40,<=50K
4072,34.0,Unknown,9,Single,Black,Female,40,<=50K
4073,33.0,Private,13,Single,White,Female,40,<=50K
4074,33.0,Private,9,Single,White,Female,40,<=50K
4075,35.0,Private,13,Married,White,Male,45,>50K
4076,39.0,Self-emp,9,Single,Black,Female,20,<=50K
4078,19.0,Private,10,Single,White,Male,16,<=50K
4079,39.0,Private,9,Married,White,Male,38,<=50K
4081,27.0,Private,9,Single,White,Female,40,<=50K
4082,52.0,Private,4,Married,White,Male,40,<=50K
4083,59.0,Self-emp,9,Single,White,Female,24,<=50K
4084,28.0,Private,10,Single,White,Female,40,<=50K
4085,37.0,Private,9,Single,White,Female,50,<=50K
4087,36.0,Private,13,Married,White,Male,50,>50K
4088,34.0,Private,13,Married,White,Male,60,>50K
4089,23.0,Private,10,Single,White,Male,40,<=50K
4090,19.0,Unknown,7,Single,White,Female,30,<=50K
4091,33.0,Private,9,Single,White,Male,84,<=50K
4092,27.0,Public,14,Single,White,Male,52,<=50K
4093,31.0,Public,14,Married,White,Male,40,<=50K
4094,21.0,Private,6,Married,White,Male,36,<=50K
4095,31.0,Private,9,Married,White,Male,54,<=50K
4096,59.0,Private,9,Married,White,Male,40,>50K
4097,40.0,Public,14,Married,White,Male,48,>50K
4099,47.0,Private,9,Married,White,Male,50,<=50K
4100,34.0,Private,13,Single,White,Male,40,<=50K
4101,57.0,Private,9,Married,White,Male,78,<=50K
4102,51.0,Public,5,Married,Black,Male,40,<=50K
4103,21.0,Private,10,Single,White,Male,20,<=50K
4104,30.0,Self-emp,10,Married,White,Male,50,<=50K
4105,46.0,Private,10,Single,White,Male,45,<=50K
4106,40.0,Private,13,Single,White,Female,45,<=50K
4107,52.0,Private,1,Married,White,Male,40,<=50K
4108,23.0,Private,13,Single,Asian,Male,50,<=50K
4109,90.0,Unknown,13,Married,White,Female,10,<=50K
4111,43.0,Private,10,Single,White,Male,45,<=50K
4112,38.0,Public,10,Single,Amer-Indian,Female,40,>50K
4113,22.0,Private,11,Single,White,Female,30,<=50K
4114,33.0,Public,13,Single,White,Female,40,<=50K
4115,34.0,Private,10,Married,White,Male,40,>50K
4116,65.0,Private,11,Married,White,Male,20,<=50K
4117,50.0,Private,9,Single,White,Male,15,<=50K
4118,29.0,Private,13,Single,White,Male,48,<=50K
4119,25.0,Private,9,Married,White,Male,40,<=50K
4120,54.0,Private,10,Single,White,Female,40,<=50K
4121,49.0,Private,9,Married,White,Male,40,>50K
4123,24.0,Private,5,Single,White,Female,40,<=50K
4124,25.0,Private,13,Single,White,Male,38,<=50K
4125,65.0,Public,9,Married,White,Male,20,<=50K
4126,56.0,Self-emp,9,Married,Black,Male,45,<=50K
4127,39.0,Self-emp,15,Married,White,Male,60,>50K
4128,23.0,Private,13,Single,White,Female,40,<=50K
4129,20.0,Private,10,Single,White,Female,20,<=50K
4130,24.0,Private,3,Single,White,Male,40,<=50K
4131,41.0,Private,10,Married,White,Male,50,>50K
4132,40.0,Self-emp,10,Married,White,Male,50,<=50K
4133,55.0,Private,9,Married,White,Male,50,>50K
4134,38.0,Private,9,Single,White,Female,48,<=50K
4135,23.0,Private,9,Single,Black,Female,40,<=50K
4136,44.0,Private,13,Married,White,Male,50,<=50K
4137,45.0,Private,10,Married,White,Male,40,>50K
4138,20.0,Self-emp,10,Single,White,Female,12,<=50K
4139,29.0,Private,9,Single,White,Male,40,<=50K
4140,43.0,Public,9,Married,White,Male,40,<=50K
4141,30.0,Private,8,Single,White,Male,40,<=50K
4142,28.0,Public,10,Single,White,Female,38,<=50K
4143,31.0,Private,9,Married,White,Male,40,>50K
4144,52.0,Private,9,Single,White,Female,40,<=50K
4145,36.0,Private,13,Married,White,Female,50,>50K
4146,38.0,Private,9,Married,White,Male,45,<=50K
4147,66.0,Unknown,10,Married,White,Male,40,<=50K
4148,63.0,Self-emp,11,Married,White,Male,40,<=50K
4149,21.0,Private,10,Single,White,Male,35,<=50K
4150,33.0,Public,9,Single,White,Male,40,<=50K
4151,46.0,Public,10,Single,White,Female,50,<=50K
4152,20.0,Unknown,10,Single,White,Male,20,<=50K
4154,33.0,Private,16,Married,White,Male,55,>50K
4155,66.0,Unknown,4,Single,Black,Male,30,<=50K
4156,20.0,Private,10,Single,White,Female,30,<=50K
4157,28.0,Private,9,Single,White,Male,40,<=50K
4158,46.0,Private,9,Single,White,Female,28,<=50K
4159,25.0,Private,10,Married,Black,Male,45,<=50K
4160,37.0,Private,9,Married,White,Male,40,<=50K
4161,31.0,Self-emp,5,Married,White,Male,60,<=50K
4162,49.0,Private,9,Married,White,Male,40,<=50K
4163,22.0,Public,10,Married,White,Male,20,<=50K
4164,52.0,Private,11,Married,White,Female,20,>50K
4165,29.0,Private,12,Married,White,Female,50,<=50K
4166,18.0,Private,7,Single,White,Female,20,<=50K
4167,31.0,Public,10,Married,White,Male,35,<=50K
4168,23.0,Private,10,Single,Asian,Female,35,<=50K
4169,27.0,Unknown,11,Married,Amer-Indian,Female,40,>50K
4170,54.0,Self-emp,6,Married,White,Male,65,<=50K
4171,50.0,Public,9,Single,White,Female,49,<=50K
4172,46.0,Private,14,Married,White,Male,40,>50K
4173,24.0,Private,13,Single,White,Female,40,<=50K
4174,17.0,Unknown,7,Single,White,Female,18,<=50K
4175,49.0,Self-emp,9,Single,White,Male,45,<=50K
4176,54.0,Public,9,Married,White,Male,40,>50K
4177,41.0,Private,13,Married,White,Male,60,>50K
4178,49.0,Private,9,Married,White,Male,40,<=50K
4179,36.0,Public,13,Single,White,Female,35,<=50K
4180,23.0,Private,9,Single,Black,Male,40,<=50K
4181,63.0,Private,10,Married,White,Female,40,<=50K
4182,67.0,Private,9,Married,White,Male,40,>50K
4183,23.0,Private,9,Single,White,Male,40,<=50K
4184,22.0,Private,13,Single,White,Male,40,<=50K
4185,66.0,Private,11,Married,White,Male,30,<=50K
4186,25.0,Private,7,Married,White,Male,50,<=50K
4187,30.0,Private,10,Single,White,Female,20,<=50K
4188,35.0,Private,9,Married,White,Male,40,<=50K
4189,67.0,Self-emp,4,Married,White,Male,40,<=50K
4190,30.0,Private,8,Single,Black,Male,40,<=50K
4191,26.0,Private,10,Single,Black,Female,38,<=50K
4192,34.0,Private,9,Married,White,Male,40,<=50K
4193,21.0,Private,10,Single,White,Male,40,<=50K
4194,18.0,Private,8,Single,White,Male,10,<=50K
4195,21.0,Private,9,Single,White,Male,40,<=50K
4196,76.0,Self-emp,5,Married,White,Male,40,<=50K
4197,51.0,Public,10,Married,Asian,Male,70,<=50K
4198,26.0,Private,9,Married,White,Female,56,<=50K
4199,18.0,Private,8,Single,White,Female,25,<=50K
4200,18.0,Unknown,7,Single,White,Male,40,<=50K
4201,34.0,Private,11,Married,White,Male,50,<=50K
4202,59.0,Private,9,Single,White,Female,40,<=50K
4203,55.0,Private,13,Single,White,Male,45,>50K
4204,33.0,Self-emp,10,Single,White,Male,72,<=50K
4205,25.0,Private,9,Single,White,Female,10,<=50K
4206,48.0,Private,9,Married,White,Female,10,<=50K
4207,64.0,Private,13,Single,White,Female,5,<=50K
4208,47.0,Public,14,Single,White,Female,45,>50K
4209,26.0,Private,10,Single,White,Female,40,<=50K
4210,36.0,Private,12,Married,White,Male,48,>50K
4211,21.0,Private,9,Married,White,Male,40,<=50K
4212,54.0,Unknown,4,Single,White,Female,25,<=50K
4213,30.0,Private,9,Single,White,Male,44,<=50K
4214,41.0,Self-emp,9,Single,White,Male,40,<=50K
4215,53.0,Unknown,14,Single,White,Female,35,>50K
4216,34.0,Private,10,Single,Black,Male,30,<=50K
4217,20.0,Unknown,10,Single,White,Female,35,<=50K
4218,24.0,Private,6,Single,White,Male,49,<=50K
4219,26.0,Private,13,Single,White,Female,20,<=50K
4220,25.0,Private,9,Single,White,Female,48,<=50K
4221,35.0,Private,10,Single,White,Female,36,<=50K
4222,41.0,Private,10,Single,White,Male,40,>50K
4223,33.0,Private,7,Single,White,Male,40,<=50K
4224,18.0,Private,10,Single,White,Female,25,<=50K
4225,27.0,Self-emp,9,Single,White,Male,38,<=50K
4226,32.0,Private,9,Single,White,Female,35,<=50K
4227,51.0,Public,9,Single,Black,Male,40,<=50K
4228,38.0,Private,11,Single,Black,Female,40,<=50K
4229,41.0,Public,10,Married,White,Female,25,<=50K
4230,26.0,Private,10,Married,White,Male,40,<=50K
4231,38.0,Self-emp,11,Single,White,Male,35,<=50K
4232,54.0,Private,5,Married,White,Male,45,>50K
4233,30.0,Private,13,Single,White,Female,60,<=50K
4234,31.0,Private,10,Married,White,Female,30,<=50K
4235,26.0,Public,13,Single,White,Male,40,<=50K
4236,75.0,Self-emp,16,Married,White,Male,3,<=50K
4237,29.0,Private,14,Single,Black,Male,40,<=50K
4238,61.0,Private,9,Married,White,Male,50,>50K
4239,24.0,Private,10,Single,White,Female,45,<=50K
4240,22.0,Unknown,8,Single,White,Male,30,<=50K
4241,34.0,Private,12,Single,White,Male,40,<=50K
4242,42.0,Private,10,Single,White,Male,40,<=50K
4243,24.0,Private,7,Single,White,Male,40,<=50K
4244,42.0,Self-emp,12,Married,White,Male,40,<=50K
4245,27.0,Public,9,Single,Black,Male,40,<=50K
4246,39.0,Public,13,Married,White,Female,50,>50K
4247,20.0,Private,9,Single,White,Male,40,<=50K
4248,51.0,Private,7,Single,Black,Female,40,<=50K
4249,68.0,Private,13,Married,White,Male,30,<=50K
4250,28.0,Public,9,Single,White,Male,48,<=50K
4251,43.0,Private,9,Single,White,Female,40,<=50K
4252,35.0,Private,10,Married,White,Male,40,<=50K
4253,44.0,Private,9,Single,Black,Female,40,<=50K
4254,41.0,Private,13,Single,White,Male,40,<=50K
4255,44.0,Private,9,Married,White,Male,45,>50K
4256,20.0,Private,9,Married,White,Female,40,<=50K
4257,46.0,Private,9,Married,White,Male,75,>50K
4258,27.0,Self-emp,12,Married,White,Male,70,>50K
4259,32.0,Private,10,Single,White,Male,50,<=50K
4260,46.0,Private,10,Single,White,Male,50,<=50K
4261,26.0,Private,9,Single,White,Male,24,<=50K
4262,20.0,Private,10,Single,Asian,Female,40,<=50K
4263,36.0,Private,9,Married,White,Female,40,<=50K
4264,49.0,Private,13,Married,White,Male,40,>50K
4265,32.0,Private,9,Married,White,Male,55,>50K
4266,32.0,Private,13,Married,White,Male,50,>50K
4267,49.0,Private,13,Married,White,Male,40,>50K
4268,36.0,Private,9,Single,White,Male,45,<=50K
4269,22.0,Private,10,Single,White,Male,25,<=50K
4270,52.0,Public,9,Single,White,Female,40,<=50K
4271,42.0,Private,9,Married,White,Male,50,>50K
4272,22.0,Unknown,10,Single,White,Male,40,<=50K
4273,72.0,Private,9,Married,White,Female,16,<=50K
4274,30.0,Public,13,Single,White,Female,40,<=50K
4275,44.0,Private,10,Married,White,Male,40,<=50K
4276,23.0,Private,13,Single,White,Female,45,<=50K
4277,22.0,Private,10,Single,White,Male,20,<=50K
4278,59.0,Private,13,Single,White,Male,60,<=50K
4279,46.0,Private,9,Single,White,Female,40,<=50K
4280,30.0,Private,11,Married,White,Male,40,<=50K
4281,64.0,Public,4,Married,White,Female,30,<=50K
4282,31.0,Private,10,Married,Black,Female,40,<=50K
4283,64.0,Private,9,Married,White,Male,20,<=50K
4284,45.0,Private,9,Single,White,Female,40,<=50K
4285,59.0,Private,9,Married,White,Male,40,>50K
4286,32.0,Private,9,Single,Black,Female,40,<=50K
4287,43.0,Private,13,Married,Amer-Indian,Male,40,<=50K
4288,66.0,Unknown,6,Single,White,Female,20,<=50K
4289,23.0,Private,10,Single,White,Male,45,<=50K
4290,49.0,Self-emp,9,Married,White,Male,40,<=50K
4291,32.0,Private,8,Married,White,Male,40,<=50K
4292,49.0,Private,11,Single,White,Female,40,<=50K
4293,33.0,Private,10,Single,White,Male,40,<=50K
4294,28.0,Private,15,Single,White,Female,85,<=50K
4295,47.0,Private,9,Married,Black,Male,40,<=50K
4296,41.0,Private,9,Single,White,Male,40,<=50K
4297,34.0,Public,14,Married,White,Male,40,>50K
4298,25.0,Private,9,Single,White,Female,35,<=50K
4299,20.0,Unknown,10,Single,White,Female,40,<=50K
4300,21.0,Private,10,Single,White,Female,15,<=50K
4301,25.0,Private,9,Single,White,Male,30,<=50K
4302,46.0,Private,5,Married,White,Male,40,<=50K
4303,37.0,Private,2,Married,Asian,Male,40,<=50K
4304,41.0,Private,10,Married,White,Male,56,>50K
4305,44.0,Private,9,Single,White,Male,50,<=50K
4306,30.0,Private,9,Married,White,Male,40,>50K
4307,54.0,Private,10,Married,White,Male,40,<=50K
4309,58.0,Unknown,9,Married,White,Female,12,<=50K
4310,21.0,Private,10,Single,White,Female,25,<=50K
4311,35.0,Self-emp,14,Married,White,Male,40,>50K
4312,35.0,Private,15,Married,White,Male,80,>50K
4313,19.0,Private,10,Single,White,Male,20,<=50K
4314,48.0,Private,9,Single,White,Female,40,<=50K
4315,56.0,Unknown,10,Married,White,Male,40,<=50K
4316,65.0,Self-emp,10,Married,White,Female,35,<=50K
4317,40.0,Private,13,Single,Black,Male,35,<=50K
4318,26.0,Private,9,Single,White,Female,40,<=50K
4319,45.0,Private,10,Married,White,Male,40,<=50K
4320,26.0,Private,10,Single,White,Male,40,<=50K
4321,32.0,Private,9,Married,White,Male,40,<=50K
4322,35.0,Private,13,Single,White,Male,50,>50K
4323,22.0,Self-emp,10,Single,White,Male,48,<=50K
4324,37.0,Private,11,Single,White,Female,38,<=50K
4325,25.0,Private,13,Single,White,Male,40,<=50K
4326,64.0,Private,2,Married,White,Male,53,<=50K
4327,46.0,Private,11,Married,White,Male,48,>50K
4328,30.0,Private,9,Single,White,Male,27,<=50K
4329,63.0,Private,12,Single,White,Male,40,>50K
4330,51.0,Public,9,Married,White,Male,40,>50K
4331,68.0,Self-emp,4,Married,White,Male,16,<=50K
4332,36.0,Private,16,Married,White,Male,50,<=50K
4333,28.0,Self-emp,10,Single,White,Male,50,<=50K
4334,41.0,Public,10,Married,White,Male,40,<=50K
4335,47.0,Private,10,Married,White,Male,40,<=50K
4336,22.0,Private,10,Single,Black,Female,30,<=50K
4337,33.0,Unknown,13,Single,Asian,Male,80,<=50K
4338,34.0,Self-emp,15,Married,White,Male,40,>50K
4339,46.0,Public,13,Married,White,Male,40,>50K
4340,28.0,Private,10,Married,White,Female,40,<=50K
4341,36.0,Private,9,Married,White,Male,52,>50K
4342,18.0,Private,10,Single,White,Female,20,<=50K
4343,33.0,Public,14,Married,White,Male,50,>50K
4344,51.0,Private,9,Married,White,Male,60,>50K
4345,56.0,Self-emp,9,Married,White,Male,35,<=50K
4346,54.0,Private,9,Single,White,Female,40,<=50K
4347,29.0,Private,9,Single,Black,Female,40,<=50K
4348,40.0,Private,10,Single,Amer-Indian,Female,84,<=50K
4349,53.0,Private,14,Married,White,Male,65,>50K
4350,22.0,Private,9,Single,White,Male,35,<=50K
4351,33.0,Private,9,Married,White,Male,40,>50K
4352,28.0,Private,9,Single,White,Male,50,<=50K
4354,53.0,Public,16,Married,White,Male,60,>50K
4355,37.0,Private,6,Married,White,Male,50,<=50K
4357,22.0,Private,9,Single,White,Male,40,<=50K
4358,40.0,Public,12,Single,White,Female,40,<=50K
4359,22.0,Private,13,Single,White,Female,40,>50K
4360,21.0,Private,10,Single,White,Male,40,<=50K
4361,25.0,Private,12,Married,Black,Male,40,<=50K
4362,20.0,Private,10,Single,White,Female,40,<=50K
4363,43.0,Public,9,Married,White,Male,40,<=50K
4364,29.0,Private,11,Single,White,Female,50,<=50K
4365,32.0,Private,13,Married,White,Male,40,>50K
4366,42.0,Private,14,Married,White,Male,50,>50K
4367,33.0,Private,9,Married,Asian,Male,40,<=50K
4368,27.0,Private,10,Married,White,Female,40,>50K
4369,22.0,Unknown,10,Single,White,Female,40,<=50K
4370,29.0,Private,10,Married,White,Male,38,<=50K
4371,29.0,Private,9,Married,White,Male,40,<=50K
4372,20.0,Private,10,Single,White,Female,20,<=50K
4373,35.0,Private,6,Single,White,Male,40,<=50K
4374,31.0,Self-emp,13,Married,White,Male,50,>50K
4375,33.0,Private,9,Single,White,Male,50,<=50K
4376,67.0,Private,10,Married,White,Male,40,<=50K
4377,46.0,Private,10,Married,White,Male,10,<=50K
4379,17.0,Public,7,Single,White,Male,20,<=50K
4380,35.0,Private,13,Married,White,Male,70,>50K
4381,48.0,Self-emp,13,Married,Black,Male,40,>50K
4382,49.0,Private,9,Single,Black,Female,40,<=50K
4383,20.0,Private,10,Single,White,Female,40,<=50K
4384,27.0,Private,9,Married,White,Male,46,<=50K
4385,64.0,Private,10,Married,White,Male,20,<=50K
4386,53.0,Public,10,Single,Black,Male,40,<=50K
4387,52.0,Private,9,Single,White,Female,40,<=50K
4388,29.0,Private,9,Married,White,Male,55,<=50K
4389,32.0,Self-emp,9,Married,White,Male,40,>50K
4390,48.0,Self-emp,13,Married,White,Female,20,>50K
4391,30.0,Private,10,Single,White,Male,40,<=50K
4392,34.0,Private,9,Married,White,Male,20,<=50K
4393,19.0,Unknown,10,Single,White,Male,50,<=50K
4394,39.0,Private,9,Single,White,Male,50,<=50K
4395,28.0,Private,7,Single,White,Male,40,<=50K
4396,17.0,Private,8,Single,White,Female,10,<=50K
4397,54.0,Private,13,Single,White,Female,50,<=50K
4398,24.0,Private,10,Single,White,Male,40,<=50K
4399,25.0,Private,9,Single,White,Female,40,<=50K
4400,25.0,Private,7,Single,White,Female,12,<=50K
4401,48.0,Public,10,Married,White,Female,40,>50K
4402,24.0,Private,13,Single,White,Female,40,<=50K
4403,31.0,Private,10,Married,Asian,Male,50,<=50K
4404,47.0,Private,10,Married,White,Male,40,>50K
4405,45.0,Private,13,Married,White,Male,40,>50K
4406,19.0,Private,10,Single,White,Female,25,<=50K
4407,52.0,Self-emp,10,Married,White,Male,50,>50K
4408,52.0,Private,9,Married,White,Male,40,<=50K
4409,19.0,Unknown,9,Single,Asian,Female,12,<=50K
4410,60.0,Private,9,Married,White,Male,28,<=50K
4411,43.0,Private,14,Married,White,Male,50,>50K
4412,24.0,Private,12,Single,White,Female,30,<=50K
4413,20.0,Unknown,10,Single,White,Female,40,<=50K
4414,51.0,Private,9,Single,White,Female,40,<=50K
4415,38.0,Self-emp,5,Single,White,Male,40,<=50K
4416,21.0,Private,10,Single,White,Female,10,<=50K
4417,40.0,Self-emp,9,Married,White,Male,50,>50K
4418,54.0,Private,10,Married,White,Female,40,<=50K
4419,35.0,Private,13,Single,White,Male,50,<=50K
4421,53.0,Private,9,Married,White,Male,40,>50K
4422,56.0,Unknown,10,Married,Black,Female,40,<=50K
4423,35.0,Private,9,Single,Black,Male,40,<=50K
4424,43.0,Self-emp,10,Single,White,Female,42,<=50K
4425,29.0,Private,13,Married,White,Male,40,<=50K
4426,29.0,Private,9,Married,Amer-Indian,Male,65,<=50K
4427,27.0,Private,9,Single,White,Female,40,<=50K
4428,58.0,Private,13,Married,White,Male,40,<=50K
4429,64.0,Private,9,Married,White,Male,18,<=50K
4430,53.0,Private,9,Married,Black,Female,32,<=50K
4431,21.0,Private,9,Single,White,Female,30,<=50K
4432,40.0,Self-emp,12,Single,White,Male,30,<=50K
4433,52.0,Public,16,Married,White,Male,40,>50K
4434,38.0,Private,11,Single,White,Male,50,<=50K
4435,40.0,Unknown,10,Single,White,Female,30,<=50K
4436,39.0,Private,9,Married,White,Male,40,<=50K
4437,56.0,Unknown,14,Single,White,Female,50,>50K
4438,68.0,Private,16,Married,White,Male,55,>50K
4439,24.0,Private,9,Single,White,Male,38,<=50K
4441,43.0,Self-emp,15,Married,Black,Male,99,>50K
4442,38.0,Private,13,Single,White,Female,70,<=50K
4443,45.0,Private,9,Married,White,Male,40,>50K
4444,18.0,Private,7,Single,White,Male,55,<=50K
4445,57.0,Public,14,Married,White,Male,50,>50K
4446,49.0,Private,9,Single,Black,Female,35,<=50K
4447,25.0,Private,10,Single,White,Female,40,<=50K
4448,52.0,Public,10,Single,White,Male,40,<=50K
4449,56.0,Private,6,Single,White,Male,56,<=50K
4450,26.0,Self-emp,10,Single,White,Male,48,<=50K
4451,19.0,Private,9,Single,White,Female,40,<=50K
4452,25.0,Self-emp,13,Single,Asian,Female,40,<=50K
4453,25.0,Private,9,Married,White,Female,30,<=50K
4454,21.0,Private,9,Single,White,Male,45,<=50K
4455,48.0,Self-emp,4,Married,White,Male,40,<=50K
4456,33.0,Public,14,Married,White,Male,60,<=50K
4457,31.0,Public,9,Single,Hispanic,Male,40,<=50K
4458,26.0,Self-emp,9,Single,White,Male,65,<=50K
4459,37.0,Public,13,Single,White,Male,38,<=50K
4460,29.0,Unknown,10,Single,White,Female,30,<=50K
4461,20.0,Private,10,Single,White,Male,20,<=50K
4462,28.0,Private,10,Married,Hispanic,Male,60,<=50K
4463,49.0,Private,9,Married,White,Female,20,<=50K
4464,73.0,Unknown,6,Single,White,Male,4,<=50K
4465,49.0,Private,14,Married,White,Male,40,>50K
4466,51.0,Private,10,Married,White,Female,40,>50K
4467,40.0,Private,10,Married,White,Male,40,<=50K
4468,24.0,Private,11,Single,White,Female,40,<=50K
4469,18.0,Private,8,Single,White,Male,24,<=50K
4470,41.0,Private,6,Married,Black,Male,40,>50K
4471,46.0,Private,9,Married,White,Male,40,>50K
4472,46.0,Private,9,Married,White,Female,40,<=50K
4473,64.0,Private,6,Married,White,Male,40,>50K
4474,50.0,Self-emp,15,Married,White,Male,40,>50K
4475,53.0,Public,14,Married,White,Male,36,>50K
4476,21.0,Private,9,Single,White,Male,40,<=50K
4477,22.0,Public,10,Married,White,Male,25,<=50K
4478,37.0,Private,13,Single,White,Female,45,>50K
4479,39.0,Public,15,Single,White,Male,55,>50K
4480,30.0,Private,13,Married,Asian,Male,40,<=50K
4481,25.0,Private,13,Single,White,Male,40,<=50K
4482,26.0,Private,10,Single,Black,Female,40,<=50K
4483,43.0,Private,13,Single,White,Male,50,<=50K
4484,59.0,Private,9,Married,White,Female,60,<=50K
4485,27.0,Private,9,Married,White,Female,40,<=50K
4486,55.0,Private,6,Married,Black,Male,40,>50K
4487,20.0,Private,10,Single,White,Male,12,<=50K
4488,25.0,Private,11,Single,White,Female,36,<=50K
4489,28.0,Private,12,Single,White,Male,40,<=50K
4490,29.0,Private,13,Single,White,Male,50,<=50K
4491,60.0,Private,7,Married,White,Male,40,>50K
4492,37.0,Public,13,Married,White,Female,50,>50K
4493,25.0,Private,7,Single,White,Female,40,<=50K
4494,27.0,Private,10,Married,White,Male,60,<=50K
4495,50.0,Public,13,Married,White,Male,40,>50K
4496,41.0,Self-emp,10,Married,White,Male,70,<=50K
4497,46.0,Private,4,Married,White,Male,47,<=50K
4498,35.0,Private,11,Single,Black,Female,40,<=50K
4499,21.0,Unknown,10,Single,White,Male,40,<=50K
4500,35.0,Unknown,7,Single,White,Female,60,<=50K
4501,40.0,Private,9,Single,Black,Male,40,<=50K
4502,49.0,Private,13,Married,White,Male,40,>50K
4503,29.0,Private,13,Single,White,Female,50,<=50K
4504,43.0,Public,13,Single,White,Female,40,<=50K
4505,39.0,Private,12,Single,Black,Male,60,<=50K
4506,35.0,Private,9,Single,White,Male,60,<=50K
4507,52.0,Private,10,Married,White,Male,40,<=50K
4508,25.0,Private,10,Single,Black,Male,40,<=50K
4509,20.0,Self-emp,9,Single,White,Female,30,<=50K
4510,46.0,Private,10,Single,White,Female,10,<=50K
4511,24.0,Private,13,Single,White,Male,40,<=50K
4512,29.0,Private,13,Married,Asian,Male,30,<=50K
4513,21.0,Private,10,Single,White,Male,40,<=50K
4514,37.0,Public,13,Single,White,Female,50,<=50K
4515,43.0,Public,9,Single,White,Male,40,<=50K
4516,19.0,Private,9,Single,White,Female,26,<=50K
4517,47.0,Private,9,Married,White,Male,45,<=50K
4518,61.0,Private,9,Married,White,Male,45,>50K
4519,21.0,Unknown,12,Single,White,Male,55,<=50K
4520,35.0,Private,9,Married,White,Male,60,<=50K
4521,60.0,Private,6,Married,Black,Male,40,<=50K
4522,27.0,Private,10,Single,White,Female,40,<=50K
4523,57.0,Public,13,Married,Asian,Male,35,<=50K
4524,56.0,Private,2,Married,White,Male,40,<=50K
4525,27.0,Private,9,Single,White,Female,40,<=50K
4526,47.0,Private,4,Married,Black,Female,35,<=50K
4527,19.0,Private,9,Single,White,Male,30,<=50K
4528,28.0,Self-emp,8,Single,White,Female,30,<=50K
4529,43.0,Private,6,Married,White,Male,40,<=50K
4530,63.0,Public,10,Single,White,Female,35,<=50K
4531,22.0,Unknown,10,Single,White,Male,40,<=50K
4532,25.0,Private,9,Single,Asian,Female,40,<=50K
4533,35.0,Self-emp,9,Single,White,Male,40,>50K
4534,20.0,Private,9,Single,White,Female,40,<=50K
4535,48.0,Private,6,Married,White,Male,70,<=50K
4536,30.0,Public,13,Single,Black,Female,40,<=50K
4537,31.0,Private,13,Married,White,Male,40,>50K
4538,20.0,Private,9,Single,Asian,Female,24,<=50K
4539,57.0,Public,14,Married,White,Male,50,>50K
4540,41.0,Private,11,Married,White,Female,44,>50K
4541,33.0,Private,9,Single,White,Female,40,<=50K
4542,27.0,Private,11,Married,White,Male,40,<=50K
4543,34.0,Private,9,Married,White,Male,60,>50K
4544,22.0,Private,6,Single,White,Male,30,<=50K
4545,50.0,Private,12,Married,Black,Female,40,>50K
4546,40.0,Self-emp,13,Married,White,Male,45,>50K
4547,37.0,Private,9,Married,White,Male,51,<=50K
4548,40.0,Unknown,12,Single,White,Male,40,<=50K
4549,53.0,Private,14,Married,White,Male,55,>50K
4550,38.0,Self-emp,10,Married,White,Male,40,>50K
4552,51.0,Private,9,Married,Black,Male,40,<=50K
4553,22.0,Unknown,8,Single,Black,Male,40,<=50K
4554,18.0,Private,10,Single,White,Male,16,<=50K
4555,41.0,Private,7,Married,White,Male,40,>50K
4556,33.0,Private,9,Single,White,Female,40,<=50K
4557,33.0,Private,13,Single,White,Female,40,<=50K
4558,67.0,Public,10,Married,White,Male,40,<=50K
4559,47.0,Self-emp,9,Married,White,Male,50,>50K
4560,24.0,Private,10,Single,White,Male,40,<=50K
4561,32.0,Public,4,Married,White,Male,40,<=50K
4562,29.0,Private,9,Single,White,Female,40,<=50K
4563,25.0,Private,11,Single,White,Male,45,<=50K
4564,33.0,Private,10,Single,White,Female,40,<=50K
4565,55.0,Private,13,Married,White,Male,40,<=50K
4566,31.0,Private,10,Married,White,Male,40,>50K
4567,32.0,Public,14,Married,White,Male,50,<=50K
4568,18.0,Private,9,Single,White,Male,3,<=50K
4569,36.0,Private,9,Single,White,Female,50,<=50K
4570,58.0,Private,9,Married,White,Female,27,<=50K
4571,34.0,Private,14,Married,White,Male,50,>50K
4573,21.0,Private,9,Single,Black,Female,40,<=50K
4574,36.0,Self-emp,9,Single,White,Male,50,<=50K
4575,37.0,Private,13,Married,Black,Female,40,>50K
4576,43.0,Private,9,Married,Black,Female,21,<=50K
4577,52.0,Public,13,Married,White,Male,40,<=50K
4578,48.0,Private,11,Single,White,Female,40,<=50K
4579,43.0,Private,10,Single,White,Female,38,<=50K
4580,22.0,Private,9,Single,White,Male,40,<=50K
4581,57.0,Private,3,Single,White,Male,40,<=50K
4582,37.0,Private,12,Single,White,Female,40,<=50K
4583,39.0,Private,10,Single,Asian,Female,38,<=50K
4584,54.0,Private,10,Married,White,Male,40,>50K
4585,27.0,Private,12,Single,White,Male,40,<=50K
4586,21.0,Private,9,Single,White,Female,35,<=50K
4588,30.0,Private,10,Married,White,Female,40,<=50K
4589,22.0,Private,5,Single,White,Female,40,<=50K
4590,26.0,Private,13,Married,White,Male,50,<=50K
4591,25.0,Private,7,Single,White,Male,40,<=50K
4592,35.0,Unknown,11,Married,White,Female,40,>50K
4593,47.0,Private,11,Married,White,Male,50,>50K
4594,23.0,Private,12,Single,White,Male,60,<=50K
4595,42.0,Private,9,Married,Black,Male,40,>50K
4596,39.0,Self-emp,10,Single,Asian,Male,30,<=50K
4597,55.0,Private,16,Married,White,Male,60,>50K
4598,24.0,Public,14,Married,Asian,Female,10,<=50K
4599,46.0,Self-emp,13,Married,White,Male,40,>50K
4600,53.0,Private,9,Married,White,Male,40,>50K
4601,44.0,Private,7,Single,Black,Female,60,<=50K
4602,40.0,Private,9,Single,Black,Female,40,<=50K
4603,48.0,Private,10,Married,White,Male,40,>50K
4604,26.0,Private,11,Single,White,Female,35,<=50K
4605,22.0,Private,9,Single,White,Female,40,<=50K
4606,35.0,Unknown,9,Married,White,Female,12,<=50K
4607,20.0,Unknown,10,Single,White,Female,20,<=50K
4608,43.0,Private,9,Single,White,Female,40,<=50K
4609,37.0,Public,9,Married,White,Female,25,<=50K
4610,30.0,Private,9,Married,Asian,Male,40,<=50K
4611,41.0,Private,9,Married,Amer-Indian,Male,50,<=50K
4612,38.0,Private,15,Married,White,Male,60,>50K
4613,77.0,Unknown,5,Married,Black,Male,40,<=50K
4614,42.0,Self-emp,9,Married,White,Male,50,<=50K
4615,20.0,Private,9,Single,Black,Male,40,<=50K
4616,36.0,Private,13,Single,White,Female,40,<=50K
4617,32.0,Public,11,Single,Asian,Male,40,<=50K
4618,27.0,Private,13,Married,White,Male,40,>50K
4619,25.0,Public,10,Single,White,Male,45,<=50K
4620,40.0,Private,14,Single,White,Male,40,<=50K
4621,18.0,Unknown,7,Single,White,Male,25,<=50K
4622,49.0,Private,13,Married,White,Male,45,>50K
4623,17.0,Private,7,Single,White,Female,16,<=50K
4624,29.0,Private,9,Single,White,Female,40,<=50K
4625,47.0,Private,15,Married,Asian,Male,55,>50K
4626,24.0,Self-emp,10,Single,White,Male,45,<=50K
4627,58.0,Unknown,4,Married,White,Male,24,<=50K
4628,29.0,Private,9,Single,White,Male,40,<=50K
4629,45.0,Private,10,Married,White,Female,24,>50K
4630,30.0,Private,8,Married,White,Male,50,<=50K
4631,19.0,Private,10,Single,White,Male,20,<=50K
4632,59.0,Private,6,Married,White,Male,40,>50K
4633,47.0,Private,4,Married,White,Female,30,<=50K
4634,41.0,Private,10,Married,Black,Male,40,<=50K
4635,28.0,Private,12,Single,White,Male,40,<=50K
4636,46.0,Private,12,Married,White,Male,40,>50K
4637,40.0,Self-emp,10,Married,White,Male,60,<=50K
4638,66.0,Public,6,Single,Black,Female,40,<=50K
4639,30.0,Public,13,Single,Black,Male,45,>50K
4640,44.0,Self-emp,10,Single,White,Male,12,<=50K
4641,58.0,Self-emp,9,Married,White,Male,60,>50K
4642,21.0,Private,4,Single,White,Male,48,<=50K
4643,59.0,Private,5,Married,Black,Female,40,<=50K
4644,35.0,Public,10,Married,White,Male,40,<=50K
4645,45.0,Private,5,Married,Black,Male,40,>50K
4646,30.0,Private,9,Married,White,Male,40,<=50K
4647,33.0,Private,9,Single,Black,Male,40,<=50K
4648,26.0,Private,10,Single,White,Female,15,<=50K
4649,48.0,Private,10,Single,Black,Female,35,<=50K
4650,31.0,Private,9,Single,Asian,Female,40,<=50K
4651,36.0,Private,9,Married,White,Male,45,<=50K
4652,48.0,Private,9,Single,White,Female,38,<=50K
4653,30.0,Private,9,Married,White,Male,40,<=50K
4654,33.0,Private,9,Married,White,Male,50,>50K
4655,19.0,Unknown,5,Single,White,Female,25,<=50K
4656,37.0,Public,12,Married,Black,Female,40,>50K
4657,53.0,Private,13,Married,White,Male,45,>50K
4658,18.0,Private,10,Single,White,Female,40,<=50K
4659,38.0,Private,10,Married,White,Male,50,>50K
4660,34.0,Private,10,Single,White,Male,50,<=50K
4661,45.0,Private,13,Married,White,Male,52,>50K
4662,33.0,Public,11,Married,White,Male,60,<=50K
4663,35.0,Private,11,Married,White,Female,44,<=50K
4664,22.0,Private,9,Single,Black,Male,40,<=50K
4665,35.0,Private,9,Single,White,Female,30,<=50K
4666,45.0,Private,9,Married,Amer-Indian,Male,8,<=50K
4667,17.0,Private,7,Single,White,Male,45,<=50K
4668,50.0,Private,9,Married,White,Male,45,<=50K
4669,38.0,Public,13,Married,White,Male,50,>50K
4670,33.0,Private,10,Married,White,Male,50,>50K
4671,46.0,Private,9,Married,White,Male,35,<=50K
4672,25.0,Private,13,Single,White,Female,50,<=50K
4673,64.0,Private,9,Married,White,Male,40,<=50K
4674,62.0,Self-emp,10,Married,White,Male,10,<=50K
4675,32.0,Private,9,Married,White,Male,60,>50K
4676,17.0,Private,7,Single,White,Male,20,<=50K
4677,61.0,Private,9,Married,White,Male,55,<=50K
4678,40.0,Public,16,Single,Black,Female,40,<=50K
4679,21.0,Private,9,Single,White,Female,40,<=50K
4680,39.0,Private,13,Married,White,Male,50,>50K
4681,35.0,Self-emp,10,Married,White,Male,45,<=50K
4682,29.0,Private,11,Married,White,Male,40,<=50K
4683,27.0,Public,12,Single,Black,Male,40,<=50K
4684,20.0,Private,12,Single,White,Female,40,<=50K
4685,34.0,Unknown,10,Married,White,Female,20,>50K
4686,51.0,Public,14,Single,White,Male,40,<=50K
4687,45.0,Private,9,Single,Black,Female,15,<=50K
4688,20.0,Unknown,10,Single,White,Female,40,<=50K
4689,31.0,Private,10,Married,White,Male,40,<=50K
4690,29.0,Private,9,Single,Black,Male,40,<=50K
4691,56.0,Private,13,Married,White,Male,30,<=50K
4692,55.0,Self-emp,10,Single,White,Female,12,>50K
4693,26.0,Private,10,Single,White,Male,20,<=50K
4694,46.0,Private,10,Married,White,Male,45,>50K
4696,28.0,Private,9,Married,White,Male,40,<=50K
4697,27.0,Private,4,Single,White,Male,35,<=50K
4698,23.0,Private,5,Married,White,Male,40,<=50K
4699,59.0,Private,6,Married,White,Male,40,<=50K
4700,26.0,Private,8,Single,Hispanic,Male,48,<=50K
4701,36.0,Private,6,Single,White,Male,40,<=50K
4702,18.0,Private,9,Single,White,Female,15,<=50K
4703,33.0,Private,5,Single,White,Male,70,<=50K
4704,60.0,Self-emp,11,Married,White,Female,15,>50K
4705,40.0,Private,9,Single,White,Female,48,<=50K
4706,48.0,Private,9,Married,White,Male,43,<=50K
4707,27.0,Self-emp,6,Married,White,Male,48,<=50K
4708,19.0,Private,10,Single,White,Male,20,<=50K
4709,38.0,Private,13,Married,White,Male,50,>50K
4711,45.0,Public,11,Married,White,Male,40,<=50K
4712,20.0,Private,10,Single,White,Female,20,<=50K
4713,32.0,Public,9,Single,White,Male,40,<=50K
4714,22.0,Private,10,Single,White,Female,13,<=50K
4715,22.0,Private,9,Single,White,Male,40,<=50K
4716,38.0,Public,9,Single,Black,Female,38,<=50K
4717,34.0,Private,9,Married,White,Male,50,>50K
4718,46.0,Private,2,Married,Hispanic,Female,30,<=50K
4719,39.0,Private,13,Single,White,Female,25,<=50K
4720,79.0,Self-emp,9,Married,White,Female,24,<=50K
4721,60.0,Unknown,13,Married,White,Male,8,>50K
4722,24.0,Private,9,Single,White,Male,40,<=50K
4723,31.0,Private,10,Married,White,Male,65,<=50K
4724,37.0,Self-emp,13,Married,Asian,Male,77,<=50K
4725,23.0,Private,9,Single,White,Male,40,<=50K
4726,31.0,Private,10,Married,White,Male,45,<=50K
4727,29.0,Private,13,Married,White,Male,40,>50K
4728,22.0,Public,13,Single,White,Female,43,<=50K
4729,69.0,Unknown,10,Married,White,Female,20,<=50K
4730,55.0,Public,9,Single,White,Female,38,<=50K
4731,43.0,Private,9,Single,White,Male,40,<=50K
4732,23.0,Private,4,Single,Hispanic,Male,36,<=50K
4733,29.0,Private,9,Single,White,Male,35,<=50K
4735,22.0,Private,10,Single,White,Male,42,<=50K
4736,25.0,Private,9,Married,White,Male,84,>50K
4737,29.0,Private,10,Single,White,Male,45,<=50K
4738,25.0,Public,10,Single,Black,Male,40,<=50K
4739,33.0,Public,9,Single,White,Female,40,<=50K
4740,33.0,Private,13,Single,White,Male,40,>50K
4741,31.0,Private,16,Single,White,Female,28,<=50K
4742,30.0,Public,14,Married,White,Male,45,>50K
4743,55.0,Private,13,Married,White,Male,40,<=50K
4744,36.0,Private,8,Single,White,Male,50,<=50K
4745,47.0,Unknown,9,Married,White,Female,40,<=50K
4746,28.0,Private,13,Single,White,Male,40,>50K
4747,42.0,Private,14,Married,White,Male,40,>50K
4748,51.0,Private,12,Single,White,Male,55,<=50K
4749,62.0,Public,13,Single,Black,Female,40,<=50K
4750,65.0,Self-emp,10,Married,White,Male,35,>50K
4751,23.0,Private,13,Married,White,Male,40,<=50K
4752,60.0,Unknown,9,Married,White,Male,32,<=50K
4753,47.0,Private,4,Married,Black,Male,60,>50K
4754,50.0,Self-emp,9,Single,White,Female,40,<=50K
4755,70.0,Unknown,13,Married,White,Male,6,<=50K
4756,32.0,Self-emp,13,Married,White,Male,40,<=50K
4757,37.0,Public,10,Married,White,Male,40,<=50K
4759,76.0,Private,6,Married,Black,Female,12,<=50K
4760,54.0,Private,13,Single,Black,Female,60,<=50K
4761,32.0,Public,13,Married,White,Male,40,>50K
4762,31.0,Private,10,Single,White,Female,52,<=50K
4763,31.0,Public,13,Single,White,Male,50,>50K
4764,65.0,Self-emp,15,Single,White,Male,40,<=50K
4765,30.0,Private,9,Married,White,Male,60,>50K
4766,63.0,Unknown,9,Married,White,Male,40,<=50K
4767,21.0,Private,10,Single,White,Female,10,<=50K
4768,40.0,Public,14,Married,Asian,Male,40,>50K
4769,26.0,Public,10,Single,White,Female,40,<=50K
4770,18.0,Private,7,Single,White,Female,8,<=50K
4771,34.0,Public,9,Married,White,Male,50,<=50K
4772,66.0,Public,10,Single,White,Female,40,>50K
4773,44.0,Self-emp,10,Single,White,Male,60,<=50K
4774,30.0,Private,12,Single,White,Female,40,<=50K
4775,36.0,Self-emp,13,Single,White,Male,40,<=50K
4777,22.0,Private,10,Single,White,Male,20,<=50K
4778,28.0,Unknown,4,Single,White,Male,84,<=50K
4779,23.0,Private,9,Single,Asian,Male,40,<=50K
4780,49.0,Private,14,Married,White,Male,50,>50K
4781,39.0,Self-emp,13,Single,White,Male,35,<=50K
4782,67.0,Unknown,13,Married,White,Male,60,>50K
4783,19.0,Private,10,Single,White,Male,16,<=50K
4784,30.0,Private,12,Married,White,Male,50,>50K
4785,25.0,Private,10,Single,Asian,Female,40,<=50K
4786,24.0,Private,9,Single,Asian,Male,30,<=50K
4787,46.0,Private,9,Married,White,Male,40,<=50K
4788,37.0,Private,14,Married,White,Male,45,<=50K
4789,41.0,Public,9,Married,White,Male,40,<=50K
4790,40.0,Self-emp,10,Married,White,Male,20,<=50K
4791,44.0,Private,9,Single,White,Female,40,<=50K
4792,32.0,Private,9,Married,White,Male,40,<=50K
4793,58.0,Private,9,Married,Black,Male,20,>50K
4794,48.0,Private,9,Married,White,Male,48,<=50K
4795,34.0,Private,13,Married,White,Male,40,<=50K
4796,29.0,Private,11,Single,Black,Female,40,<=50K
4798,36.0,Public,9,Single,Asian,Male,40,<=50K
4799,59.0,Public,13,Single,White,Male,38,<=50K
4800,29.0,Private,8,Married,White,Male,40,<=50K
4801,50.0,Unknown,14,Single,White,Male,40,<=50K
4802,25.0,Private,9,Married,White,Male,40,<=50K
4803,27.0,Private,12,Single,Asian,Female,35,<=50K
4804,48.0,Private,9,Married,White,Male,70,<=50K
4805,51.0,Public,16,Single,White,Female,70,>50K
4806,36.0,Private,9,Single,White,Male,45,>50K
4807,42.0,Public,7,Single,White,Male,50,>50K
4808,49.0,Public,13,Married,White,Male,40,>50K
4809,33.0,Private,10,Single,White,Male,20,<=50K
4810,40.0,Private,13,Single,White,Male,60,>50K
4811,26.0,Private,13,Single,White,Female,40,<=50K
4812,69.0,Unknown,9,Single,White,Female,40,>50K
4813,59.0,Private,9,Married,White,Male,30,<=50K
4814,30.0,Private,9,Single,White,Female,40,<=50K
4815,31.0,Public,12,Married,White,Female,35,<=50K
4816,30.0,Private,13,Married,White,Male,50,>50K
4817,27.0,Private,13,Single,White,Female,40,<=50K
4818,20.0,Unknown,10,Single,White,Female,16,<=50K
4819,56.0,Private,12,Single,White,Female,40,<=50K
4820,24.0,Private,9,Married,White,Male,40,<=50K
4821,47.0,Private,13,Single,White,Female,50,<=50K
4822,51.0,Private,13,Single,Black,Male,35,<=50K
4823,34.0,Private,9,Married,White,Male,45,<=50K
4824,47.0,Private,9,Single,Black,Male,9,<=50K
4825,47.0,Private,10,Married,White,Male,44,>50K
4826,20.0,Private,10,Single,Asian,Female,40,<=50K
4827,34.0,Self-emp,9,Married,White,Male,54,>50K
4828,31.0,Private,7,Single,White,Female,40,<=50K
4829,42.0,Private,11,Single,White,Female,32,<=50K
4831,56.0,Private,9,Married,White,Female,40,<=50K
4832,53.0,Private,9,Married,White,Male,40,>50K
4833,26.0,Private,10,Married,White,Male,50,>50K
4834,81.0,Private,10,Single,White,Female,20,<=50K
4835,28.0,Unknown,6,Single,Black,Female,40,<=50K
4836,57.0,Public,10,Single,White,Male,48,>50K
4837,34.0,Private,9,Single,White,Female,40,<=50K
4838,31.0,Unknown,6,Married,White,Male,40,<=50K
4839,24.0,Private,11,Single,Black,Female,40,<=50K
4840,20.0,Private,9,Single,White,Male,40,<=50K
4841,68.0,Public,10,Single,Black,Female,40,<=50K
4842,60.0,Private,9,Single,White,Female,32,<=50K
4843,37.0,Public,10,Married,White,Male,40,<=50K
4844,25.0,Private,4,Single,White,Male,40,<=50K
4845,36.0,Public,9,Married,White,Male,40,<=50K
4846,45.0,Private,12,Married,White,Male,40,<=50K
4847,34.0,Private,10,Married,White,Male,60,>50K
4848,31.0,Private,13,Single,White,Female,70,<=50K
4849,47.0,Self-emp,13,Married,White,Male,60,<=50K
4850,60.0,Self-emp,9,Married,White,Male,42,>50K
4851,75.0,Private,13,Married,White,Male,24,<=50K
4852,43.0,Public,10,Married,White,Male,40,<=50K
4853,18.0,Private,9,Single,White,Male,40,<=50K
4854,25.0,Private,13,Single,Asian,Female,40,<=50K
4855,20.0,Private,9,Single,White,Female,40,<=50K
4856,32.0,Private,9,Single,White,Female,50,<=50K
4857,57.0,Self-emp,13,Married,White,Male,20,<=50K
4858,43.0,Private,10,Married,White,Male,60,>50K
4859,18.0,Self-emp,9,Single,White,Male,40,<=50K
4860,41.0,Public,13,Single,Black,Female,40,<=50K
4861,48.0,Private,9,Single,White,Male,40,<=50K
4862,35.0,Private,9,Married,White,Male,90,>50K
4863,41.0,Public,11,Married,White,Male,40,<=50K
4864,23.0,Private,9,Single,Black,Female,20,<=50K
4865,32.0,Public,13,Married,White,Male,45,>50K
4866,33.0,Private,9,Single,White,Male,40,<=50K
4867,58.0,Private,9,Married,White,Male,40,<=50K
4868,22.0,Private,10,Single,White,Male,65,<=50K
4869,33.0,Private,10,Single,White,Female,50,<=50K
4870,42.0,Self-emp,15,Married,White,Male,38,>50K
4871,25.0,Private,9,Single,White,Female,40,<=50K
4872,39.0,Private,9,Married,White,Male,50,>50K
4873,35.0,Private,13,Married,White,Male,45,>50K
4874,50.0,Private,10,Married,White,Female,38,>50K
4876,25.0,Public,13,Single,White,Male,40,<=50K
4877,47.0,Public,10,Single,Black,Female,40,<=50K
4878,46.0,Private,10,Married,White,Female,40,>50K
4879,42.0,Public,12,Single,Black,Male,40,<=50K
4880,37.0,Private,7,Single,White,Male,60,>50K
4881,25.0,Private,13,Single,White,Male,40,<=50K
4882,29.0,Private,6,Married,White,Male,40,<=50K
4883,26.0,Private,10,Single,White,Male,45,<=50K
4884,26.0,Unknown,10,Single,White,Female,40,<=50K
4885,45.0,Self-emp,13,Married,White,Male,40,>50K
4886,34.0,Private,9,Single,White,Female,30,<=50K
4887,33.0,Public,12,Single,Black,Female,40,<=50K
4888,43.0,Private,13,Married,White,Male,40,>50K
4889,28.0,Private,9,Married,White,Male,45,<=50K
4890,51.0,Self-emp,10,Married,White,Male,75,<=50K
4891,21.0,Private,10,Single,White,Female,35,<=50K
4892,23.0,Private,12,Single,White,Female,35,<=50K
4893,30.0,Private,9,Single,White,Female,40,<=50K
4894,46.0,Private,14,Married,White,Male,45,>50K
4895,38.0,Self-emp,9,Single,White,Male,50,<=50K
4897,36.0,Private,13,Married,White,Male,50,>50K
4898,37.0,Self-emp,15,Married,White,Male,50,>50K
4899,44.0,Public,14,Single,White,Male,42,<=50K
4900,33.0,Private,9,Married,White,Male,40,>50K
4901,45.0,Public,13,Single,White,Male,40,<=50K
4902,47.0,Private,10,Married,White,Male,40,<=50K
4903,54.0,Private,9,Married,Asian,Male,40,>50K
4904,17.0,Private,6,Single,White,Male,30,<=50K
4905,43.0,Private,9,Married,White,Female,36,>50K
4906,45.0,Private,13,Married,White,Female,50,>50K
4907,37.0,Private,10,Single,White,Female,40,<=50K
4908,44.0,Public,11,Married,White,Male,40,>50K
4909,55.0,Public,14,Married,White,Female,50,<=50K
4910,41.0,Private,9,Married,White,Male,48,<=50K
4911,23.0,Private,13,Single,White,Female,40,<=50K
4912,38.0,Private,10,Single,Black,Female,40,<=50K
4913,23.0,Private,13,Single,White,Female,40,<=50K
4914,35.0,Private,9,Married,White,Male,40,>50K
4915,18.0,Private,7,Single,White,Male,20,<=50K
4916,47.0,Private,11,Married,White,Male,40,<=50K
4917,25.0,Private,10,Single,White,Female,8,<=50K
4918,41.0,Self-emp,9,Married,White,Male,50,<=50K
4919,23.0,Private,10,Single,Asian,Female,24,<=50K
4921,26.0,Private,10,Married,White,Male,50,<=50K
4922,30.0,Public,10,Single,White,Male,40,<=50K
4923,42.0,Private,10,Married,White,Male,40,>50K
4924,35.0,Private,9,Single,White,Female,40,<=50K
4925,28.0,Unknown,13,Single,White,Male,18,<=50K
4926,29.0,Private,10,Single,White,Female,40,<=50K
4927,21.0,Private,10,Married,White,Female,15,<=50K
4928,48.0,Public,14,Single,White,Male,40,>50K
4929,44.0,Self-emp,9,Single,White,Male,60,<=50K
4930,34.0,Public,5,Single,White,Male,40,<=50K
4931,19.0,Private,9,Single,White,Female,25,<=50K
4932,32.0,Private,10,Single,White,Male,40,>50K
4933,31.0,Public,12,Single,Black,Female,40,<=50K
4934,25.0,Private,9,Married,White,Male,40,<=50K
4935,47.0,Public,9,Married,Black,Male,40,>50K
4936,46.0,Public,7,Married,White,Female,40,<=50K
4937,18.0,Private,8,Single,White,Male,40,<=50K
4938,31.0,Private,10,Married,White,Female,20,<=50K
4939,28.0,Public,9,Married,White,Female,40,<=50K
4940,38.0,Private,9,Married,White,Male,48,>50K
4942,17.0,Unknown,6,Single,White,Female,15,<=50K
4943,41.0,Private,11,Married,White,Male,40,>50K
4944,46.0,Private,10,Married,White,Male,40,>50K
4945,38.0,Public,10,Married,White,Male,44,<=50K
4946,24.0,Private,13,Single,White,Male,60,<=50K
4947,49.0,Private,9,Married,White,Male,40,>50K
4948,60.0,Public,10,Single,Amer-Indian,Female,40,<=50K
4949,44.0,Private,13,Married,White,Male,60,>50K
4950,63.0,Self-emp,11,Married,White,Male,40,>50K
4951,40.0,Private,9,Married,White,Male,60,>50K
4952,45.0,Self-emp,10,Married,White,Male,50,>50K
4953,49.0,Private,10,Married,White,Male,50,>50K
4954,36.0,Private,9,Single,White,Female,40,<=50K
4955,65.0,Public,9,Married,White,Male,8,<=50K
4956,41.0,Private,13,Married,White,Male,20,<=50K
4957,25.0,Private,14,Single,White,Female,40,<=50K
4958,20.0,Unknown,10,Single,White,Female,35,<=50K
4959,60.0,Private,11,Married,White,Male,40,<=50K
4960,17.0,Public,7,Single,White,Female,20,<=50K
4961,28.0,Private,12,Married,White,Female,16,>50K
4963,47.0,Private,14,Single,White,Female,35,<=50K
4964,45.0,Self-emp,10,Married,White,Male,45,<=50K
4965,51.0,Private,13,Single,White,Male,40,<=50K
4966,23.0,Private,9,Single,Black,Male,40,<=50K
4967,44.0,Self-emp,14,Married,White,Female,60,>50K
4968,34.0,Private,9,Single,White,Male,50,<=50K
4969,19.0,Private,10,Single,White,Male,10,<=50K
4970,51.0,Unknown,9,Married,White,Male,40,>50K
4971,46.0,Public,9,Married,White,Male,40,<=50K
4972,30.0,Private,16,Married,Asian,Male,40,>50K
4973,37.0,Private,6,Married,White,Male,35,<=50K
4974,56.0,Private,15,Married,White,Male,45,>50K
4975,29.0,Private,9,Married,White,Male,45,<=50K
4976,46.0,Self-emp,14,Married,White,Male,50,>50K
4977,55.0,Private,9,Married,White,Male,40,<=50K
4978,45.0,Private,13,Single,White,Male,48,>50K
4979,34.0,Private,9,Married,White,Male,40,<=50K
4980,45.0,Unknown,5,Single,Black,Male,40,<=50K
4981,41.0,Private,13,Single,White,Male,40,<=50K
4982,22.0,Unknown,10,Single,White,Male,20,<=50K
4983,34.0,Private,15,Married,White,Male,50,>50K
4984,27.0,Private,9,Single,Black,Male,40,<=50K
4985,29.0,Private,10,Single,Black,Male,37,<=50K
4986,19.0,Public,8,Single,White,Female,30,<=50K
4987,47.0,Public,13,Married,White,Male,40,<=50K
4988,43.0,Self-emp,10,Married,White,Male,50,>50K
4989,52.0,Private,11,Single,Black,Female,60,<=50K
4990,33.0,Self-emp,12,Single,White,Male,60,<=50K
4991,29.0,Private,5,Married,White,Male,40,<=50K
4992,23.0,Private,9,Married,White,Male,40,<=50K
4993,23.0,Private,10,Single,White,Male,40,<=50K
4994,39.0,Private,13,Married,White,Male,60,<=50K
4995,43.0,Private,3,Single,White,Female,40,<=50K
4996,31.0,Private,9,Married,White,Male,40,>50K
4997,47.0,Self-emp,9,Married,White,Male,40,>50K
4998,26.0,Private,9,Single,White,Male,60,<=50K
4999,58.0,Public,10,Single,White,Female,55,<=50K
5000,47.0,Self-emp,15,Single,White,Male,50,>50K
5001,55.0,Private,13,Single,White,Female,38,<=50K
5002,26.0,Private,9,Married,White,Female,40,<=50K
5003,28.0,Private,9,Single,White,Female,40,<=50K
5004,36.0,Private,9,Married,Black,Male,40,<=50K
5005,40.0,Private,9,Married,White,Male,50,<=50K
5006,19.0,Private,7,Single,White,Male,40,<=50K
5007,63.0,Self-emp,13,Married,White,Male,40,>50K
5008,42.0,Private,13,Married,White,Male,40,<=50K
5009,76.0,Private,5,Married,White,Male,13,<=50K
5010,23.0,Public,11,Single,White,Female,40,<=50K
5011,38.0,Self-emp,3,Single,White,Male,40,<=50K
5012,33.0,Public,14,Single,Asian,Male,30,<=50K
5013,48.0,Public,14,Married,White,Male,40,>50K
5014,56.0,Private,10,Single,White,Male,40,>50K
5015,32.0,Private,9,Married,Black,Male,40,<=50K
5016,44.0,Public,10,Single,White,Female,25,<=50K
5017,27.0,Private,9,Single,Black,Female,40,<=50K
5018,33.0,Public,10,Single,White,Male,50,<=50K
5019,22.0,Private,3,Single,White,Male,40,<=50K
5020,18.0,Unknown,10,Single,White,Female,20,<=50K
5021,44.0,Private,9,Married,White,Male,40,<=50K
5022,42.0,Private,9,Married,Amer-Indian,Male,60,<=50K
5023,34.0,Private,10,Single,White,Female,40,<=50K
5024,45.0,Public,9,Married,White,Male,40,<=50K
5025,57.0,Self-emp,9,Married,White,Male,40,<=50K
5026,59.0,Public,13,Married,White,Male,40,>50K
5027,33.0,Public,10,Married,Black,Female,40,>50K
5028,52.0,Private,9,Married,Hispanic,Male,49,<=50K
5029,17.0,Private,8,Single,White,Female,15,<=50K
5030,29.0,Private,9,Single,White,Male,30,<=50K
5031,63.0,Self-emp,13,Married,White,Male,30,>50K
5032,20.0,Private,10,Single,White,Male,24,<=50K
5033,42.0,Self-emp,15,Married,White,Male,50,>50K
5034,50.0,Self-emp,9,Married,White,Male,50,<=50K
5035,55.0,Private,9,Married,White,Female,30,<=50K
5036,27.0,Private,12,Married,Black,Female,25,<=50K
5037,28.0,Private,13,Married,White,Male,45,<=50K
5038,55.0,Private,11,Married,White,Male,45,<=50K
5039,44.0,Public,10,Married,White,Male,40,<=50K
5040,53.0,Public,10,Single,White,Female,40,<=50K
5041,23.0,Private,9,Married,White,Male,40,<=50K
5042,25.0,Private,9,Single,White,Female,40,<=50K
5043,44.0,Public,13,Single,White,Female,40,<=50K
5044,55.0,Private,14,Married,White,Male,40,>50K
5045,48.0,Self-emp,10,Married,White,Male,35,>50K
5046,46.0,Private,9,Married,White,Male,40,<=50K
5047,26.0,Private,10,Single,White,Male,40,<=50K
5048,30.0,Private,4,Single,White,Male,45,<=50K
5049,32.0,Private,14,Married,White,Male,40,>50K
5050,52.0,Private,9,Married,White,Male,48,<=50K
5051,52.0,Private,9,Married,White,Male,50,>50K
5052,39.0,Private,9,Single,White,Female,47,<=50K
5053,57.0,Public,13,Married,White,Male,40,>50K
5054,21.0,Private,9,Single,White,Male,40,<=50K
5055,22.0,Public,10,Single,White,Male,10,<=50K
5056,26.0,Private,10,Married,White,Male,40,<=50K
5057,26.0,Public,10,Married,White,Male,40,<=50K
5058,44.0,Private,11,Married,Black,Male,40,>50K
5059,42.0,Private,10,Single,White,Female,30,<=50K
5060,40.0,Private,10,Married,White,Male,43,<=50K
5062,62.0,Private,9,Married,White,Male,45,>50K
5063,44.0,Private,10,Married,White,Male,40,<=50K
5064,18.0,Unknown,10,Single,White,Female,40,<=50K
5066,45.0,Private,9,Married,White,Male,50,<=50K
5067,18.0,Private,7,Married,White,Male,40,<=50K
5068,32.0,Public,10,Single,White,Male,40,<=50K
5069,33.0,Private,16,Single,White,Female,60,>50K
5070,20.0,Private,10,Single,White,Male,15,<=50K
5071,68.0,Self-emp,9,Married,White,Male,20,<=50K
5072,61.0,Private,4,Married,White,Male,50,>50K
5073,48.0,Private,16,Married,White,Male,40,>50K
5074,45.0,Private,9,Married,White,Male,40,<=50K
5075,36.0,Self-emp,9,Married,White,Female,40,>50K
5076,32.0,Public,9,Single,Black,Female,32,<=50K
5077,35.0,Private,13,Single,White,Female,40,<=50K
5078,39.0,Private,9,Married,White,Male,40,<=50K
5079,53.0,Private,4,Married,White,Male,40,<=50K
5080,30.0,Private,10,Single,Black,Female,16,<=50K
5081,37.0,Private,9,Single,Asian,Male,40,<=50K
5082,40.0,Private,13,Single,White,Male,45,<=50K
5083,25.0,Private,10,Single,Black,Female,40,<=50K
5084,41.0,Private,9,Single,Black,Female,60,<=50K
5085,52.0,Self-emp,9,Married,White,Male,98,>50K
5086,33.0,Private,9,Married,White,Male,40,<=50K
5087,28.0,Private,9,Single,White,Male,40,<=50K
5088,25.0,Self-emp,9,Married,White,Male,40,>50K
5089,53.0,Private,10,Married,White,Male,55,<=50K
5090,44.0,Private,2,Single,White,Male,10,<=50K
5091,35.0,Private,9,Single,White,Female,40,<=50K
5092,38.0,Private,10,Single,White,Male,58,<=50K
5093,34.0,Private,9,Married,White,Male,40,<=50K
5094,33.0,Private,9,Single,White,Female,40,<=50K
5095,24.0,Public,10,Married,White,Female,45,<=50K
5096,65.0,Public,9,Married,Black,Female,25,<=50K
5097,29.0,Private,12,Married,White,Male,60,<=50K
5098,39.0,Self-emp,15,Married,White,Male,65,>50K
5099,46.0,Public,10,Married,White,Male,40,>50K
5100,37.0,Private,4,Married,White,Male,60,<=50K
5101,47.0,Public,14,Married,White,Male,47,>50K
5102,62.0,Private,10,Married,White,Male,40,<=50K
5103,54.0,Self-emp,9,Married,White,Male,60,<=50K
5104,90.0,Private,10,Single,Asian,Male,35,<=50K
5105,33.0,Private,12,Married,White,Male,20,<=50K
5106,57.0,Private,10,Married,White,Male,45,<=50K
5107,25.0,Private,12,Single,White,Male,40,<=50K
5108,44.0,Self-emp,10,Married,White,Male,50,>50K
5109,52.0,Private,13,Married,White,Male,50,<=50K
5110,21.0,Private,10,Single,White,Male,40,<=50K
5111,31.0,Private,9,Single,Black,Male,18,<=50K
5112,39.0,Private,14,Married,White,Male,40,<=50K
5113,59.0,Public,9,Married,White,Female,40,<=50K
5114,29.0,Self-emp,9,Married,White,Male,55,<=50K
5115,49.0,Private,4,Single,Black,Male,45,<=50K
5116,34.0,Private,5,Married,White,Male,40,<=50K
5117,22.0,Private,13,Single,White,Male,40,<=50K
5118,32.0,Private,13,Married,Hispanic,Male,40,<=50K
5119,39.0,Public,9,Single,Black,Female,40,<=50K
5120,46.0,Private,14,Married,White,Male,60,<=50K
5121,50.0,Private,9,Married,White,Male,40,>50K
5122,34.0,Private,9,Single,White,Male,40,<=50K
5123,28.0,Public,14,Married,White,Female,55,<=50K
5124,18.0,Private,8,Single,White,Female,24,<=50K
5125,20.0,Private,9,Single,White,Male,30,<=50K
5126,20.0,Private,9,Single,White,Female,40,<=50K
5127,55.0,Public,11,Married,Amer-Indian,Female,38,<=50K
5128,22.0,Private,10,Single,Black,Female,40,<=50K
5129,60.0,Self-emp,14,Married,White,Male,40,<=50K
5130,40.0,Private,6,Single,White,Male,50,<=50K
5131,47.0,Public,10,Married,White,Female,30,<=50K
5132,23.0,Private,13,Single,White,Female,35,<=50K
5133,57.0,Public,9,Married,White,Female,40,<=50K
5134,52.0,Private,7,Married,White,Male,40,<=50K
5135,42.0,Private,4,Married,White,Male,40,<=50K
5136,25.0,Private,12,Single,White,Male,20,<=50K
5137,49.0,Self-emp,9,Married,White,Female,40,>50K
5138,41.0,Public,10,Single,White,Male,40,<=50K
5139,40.0,Public,11,Married,Black,Male,30,<=50K
5140,38.0,Private,13,Married,White,Male,55,>50K
5141,58.0,Private,9,Single,White,Male,40,<=50K
5142,26.0,Private,13,Single,Black,Female,35,<=50K
5143,57.0,Private,6,Single,White,Female,70,<=50K
5144,28.0,Private,9,Married,White,Male,60,<=50K
5145,42.0,Private,9,Single,White,Female,40,<=50K
5146,28.0,Private,10,Single,White,Male,55,<=50K
5147,17.0,Unknown,5,Single,Black,Male,40,<=50K
5148,39.0,Self-emp,5,Married,White,Male,40,<=50K
5149,28.0,Private,9,Married,Black,Male,40,<=50K
5150,42.0,Private,9,Married,White,Male,48,>50K
5151,51.0,Self-emp,10,Single,White,Female,50,<=50K
5152,27.0,Private,10,Single,White,Female,39,<=50K
5153,41.0,Private,9,Single,White,Female,43,<=50K
5154,28.0,Private,13,Married,White,Male,40,<=50K
5155,54.0,Self-emp,10,Single,White,Female,30,>50K
5156,73.0,Unknown,9,Married,White,Female,8,<=50K
5157,49.0,Private,9,Married,White,Female,30,<=50K
5158,47.0,Private,14,Married,White,Male,40,>50K
5159,27.0,Private,10,Married,White,Male,49,<=50K
5160,42.0,Public,13,Married,White,Female,45,>50K
5161,32.0,Private,9,Married,Black,Female,40,<=50K
5162,32.0,Public,9,Married,White,Male,41,<=50K
5163,27.0,Private,14,Single,White,Male,40,<=50K
5164,29.0,Private,9,Married,White,Male,40,>50K
5165,22.0,Private,11,Single,White,Male,30,<=50K
5166,41.0,Public,9,Married,White,Male,40,>50K
5167,49.0,Public,10,Married,White,Male,40,>50K
5168,58.0,Self-emp,9,Married,White,Male,50,<=50K
5169,41.0,Self-emp,9,Married,White,Male,40,>50K
5170,26.0,Private,5,Married,White,Male,35,<=50K
5171,21.0,Private,9,Single,White,Male,55,<=50K
5172,32.0,Unknown,9,Married,White,Female,2,>50K
5173,37.0,Private,13,Married,White,Male,50,>50K
5174,23.0,Private,13,Single,White,Male,20,<=50K
5175,42.0,Self-emp,10,Married,White,Male,40,>50K
5176,25.0,Private,9,Married,White,Male,26,>50K
5177,67.0,Private,10,Single,White,Female,40,<=50K
5178,41.0,Public,9,Single,Black,Female,38,<=50K
5179,49.0,Public,14,Married,White,Female,50,>50K
5180,36.0,Private,13,Single,White,Female,45,<=50K
5181,18.0,Private,7,Single,White,Male,35,<=50K
5182,25.0,Private,3,Married,White,Male,40,<=50K
5183,43.0,Public,15,Single,White,Male,50,<=50K
5184,38.0,Private,16,Married,White,Female,36,>50K
5185,21.0,Private,10,Single,White,Male,20,<=50K
5186,65.0,Self-emp,13,Married,White,Male,15,<=50K
5187,66.0,Private,11,Married,White,Female,35,<=50K
5188,33.0,Private,7,Single,Black,Male,60,<=50K
5189,51.0,Private,9,Married,Black,Female,38,<=50K
5190,27.0,Self-emp,9,Married,White,Male,40,<=50K
5191,17.0,Private,8,Single,White,Female,16,<=50K
5192,32.0,Private,13,Married,White,Male,45,>50K
5193,61.0,Unknown,9,Married,White,Female,36,<=50K
5194,38.0,Private,9,Married,White,Male,40,>50K
5195,43.0,Public,10,Single,White,Female,40,<=50K
5196,40.0,Public,16,Married,Asian,Male,40,>50K
5197,63.0,Private,13,Married,White,Male,35,<=50K
5198,76.0,Unknown,10,Married,White,Male,20,>50K
5199,42.0,Private,12,Single,White,Female,40,<=50K
5200,43.0,Public,13,Single,White,Male,40,>50K
5201,76.0,Self-emp,14,Married,White,Male,30,>50K
5202,41.0,Public,15,Married,White,Male,45,>50K
5203,17.0,Private,6,Single,White,Male,20,<=50K
5204,30.0,Self-emp,9,Single,White,Male,40,<=50K
5205,30.0,Private,13,Single,White,Male,50,<=50K
5206,22.0,Private,10,Single,White,Male,25,<=50K
5207,53.0,Unknown,13,Single,Hispanic,Female,20,<=50K
5208,28.0,Private,9,Single,Black,Female,52,<=50K
5209,25.0,Unknown,11,Single,White,Female,40,<=50K
5210,24.0,Private,10,Single,Black,Female,40,<=50K
5211,47.0,Private,6,Married,White,Male,40,>50K
5212,34.0,Self-emp,11,Single,White,Male,50,<=50K
5213,26.0,Private,10,Single,White,Female,20,<=50K
5214,63.0,Unknown,13,Married,Amer-Indian,Female,56,<=50K
5215,25.0,Private,11,Married,White,Male,75,<=50K
5216,28.0,Private,13,Single,White,Male,45,<=50K
5217,36.0,Private,9,Single,White,Female,40,<=50K
5218,24.0,Private,13,Single,White,Male,40,<=50K
5219,51.0,Self-emp,13,Married,Asian,Female,35,<=50K
5220,44.0,Private,13,Married,White,Male,50,>50K
5221,18.0,Private,8,Single,White,Male,12,<=50K
5222,54.0,Public,10,Married,White,Male,40,>50K
5223,61.0,Private,10,Single,White,Female,40,<=50K
5224,51.0,Private,13,Married,White,Male,45,>50K
5225,43.0,Private,4,Married,White,Male,40,<=50K
5226,51.0,Private,9,Married,White,Male,40,<=50K
5227,50.0,Public,9,Married,Black,Female,40,>50K
5228,27.0,Unknown,9,Single,White,Female,25,<=50K
5229,24.0,Private,10,Married,White,Male,30,<=50K
5230,20.0,Public,10,Married,White,Male,20,<=50K
5231,52.0,Private,13,Single,White,Male,40,>50K
5232,57.0,Public,4,Single,White,Male,40,<=50K
5233,49.0,Self-emp,10,Married,White,Male,60,<=50K
5234,42.0,Self-emp,13,Married,White,Female,35,<=50K
5235,22.0,Private,7,Single,White,Female,40,<=50K
5236,38.0,Private,10,Married,White,Male,40,>50K
5237,21.0,Private,10,Single,White,Female,20,<=50K
5238,39.0,Public,13,Married,White,Male,60,>50K
5239,52.0,Self-emp,10,Single,White,Female,35,<=50K
5240,25.0,Private,12,Single,White,Female,40,<=50K
5241,50.0,Private,10,Married,White,Female,40,<=50K
5242,35.0,Public,10,Married,White,Male,80,<=50K
5243,50.0,Private,11,Single,White,Female,40,<=50K
5244,58.0,Private,9,Married,White,Male,25,<=50K
5245,48.0,Public,13,Single,White,Male,45,<=50K
5246,30.0,Private,10,Single,White,Female,35,<=50K
5247,18.0,Private,7,Single,White,Male,12,<=50K
5248,29.0,Self-emp,9,Married,White,Male,40,<=50K
5249,52.0,Self-emp,10,Married,White,Male,45,<=50K
5250,63.0,Private,9,Married,White,Male,40,<=50K
5251,36.0,Public,14,Married,White,Female,40,>50K
5252,24.0,Private,10,Single,White,Female,42,<=50K
5253,30.0,Public,12,Single,Black,Male,40,<=50K
5254,23.0,Private,9,Married,Hispanic,Male,40,<=50K
5255,35.0,Unknown,9,Single,White,Female,20,<=50K
5256,21.0,Private,13,Single,White,Female,20,<=50K
5257,28.0,Private,10,Single,White,Male,43,<=50K
5258,20.0,Private,9,Single,White,Male,40,<=50K
5259,18.0,Private,7,Single,White,Male,20,<=50K
5260,21.0,Private,10,Single,White,Female,15,<=50K
5261,27.0,Private,9,Single,White,Male,40,<=50K
5262,42.0,Private,10,Single,White,Female,40,<=50K
5263,21.0,Private,10,Single,White,Female,30,<=50K
5264,51.0,Private,10,Married,White,Male,40,>50K
5265,27.0,Public,13,Single,White,Female,40,<=50K
5266,23.0,Self-emp,9,Single,White,Male,40,<=50K
5267,57.0,Private,10,Married,White,Male,40,>50K
5268,22.0,Public,13,Single,White,Female,12,<=50K
5269,59.0,Private,5,Married,White,Male,60,>50K
5270,38.0,Private,9,Single,White,Male,40,<=50K
5271,20.0,Private,9,Single,White,Male,40,<=50K
5272,90.0,Private,5,Single,White,Female,40,<=50K
5273,35.0,Private,11,Married,White,Male,40,<=50K
5274,50.0,Private,9,Married,White,Male,38,>50K
5275,45.0,Private,16,Married,White,Male,50,>50K
5276,44.0,Private,14,Married,White,Male,50,>50K
5277,23.0,Private,12,Single,White,Male,40,<=50K
5278,34.0,Private,7,Married,White,Male,40,<=50K
5279,23.0,Self-emp,13,Single,White,Female,43,<=50K
5280,39.0,Public,10,Married,White,Male,40,<=50K
5281,19.0,Private,10,Single,White,Male,55,<=50K
5282,54.0,Private,10,Married,White,Male,40,>50K
5283,40.0,Private,14,Single,White,Male,43,<=50K
5284,44.0,Private,10,Single,White,Male,50,<=50K
5285,31.0,Self-emp,10,Married,White,Female,20,>50K
5286,25.0,Private,5,Single,White,Male,40,<=50K
5287,33.0,Private,13,Married,White,Female,32,>50K
5288,32.0,Private,9,Single,White,Male,60,<=50K
5289,36.0,Private,6,Married,White,Male,40,<=50K
5290,47.0,Self-emp,10,Married,Hispanic,Male,55,>50K
5291,80.0,Private,14,Married,White,Female,10,<=50K
5292,21.0,Private,10,Single,White,Female,8,<=50K
5293,35.0,Self-emp,10,Married,White,Male,60,<=50K
5294,77.0,Unknown,14,Single,White,Male,45,<=50K
5295,30.0,Private,9,Married,White,Male,40,<=50K
5296,35.0,Unknown,9,Married,White,Male,40,<=50K
5297,49.0,Private,4,Married,White,Male,40,<=50K
5298,33.0,Private,9,Married,White,Female,25,<=50K
5299,53.0,Self-emp,10,Married,White,Male,45,<=50K
5300,41.0,Private,9,Single,White,Male,55,<=50K
5301,57.0,Private,13,Married,White,Male,40,>50K
5302,21.0,Unknown,10,Single,White,Female,25,<=50K
5303,19.0,Private,10,Single,White,Female,40,<=50K
5304,28.0,Private,13,Single,White,Female,45,<=50K
5305,42.0,Public,14,Single,White,Male,60,<=50K
5306,29.0,Self-emp,10,Married,White,Male,55,<=50K
5307,38.0,Unknown,11,Single,White,Female,25,<=50K
5308,26.0,Private,10,Single,White,Male,20,<=50K
5309,41.0,Private,10,Single,White,Male,60,>50K
5310,40.0,Private,10,Single,White,Female,40,<=50K
5311,36.0,Self-emp,16,Single,White,Male,40,>50K
5312,28.0,Private,9,Married,White,Male,40,<=50K
5313,25.0,Self-emp,13,Single,Black,Female,20,<=50K
5314,42.0,Self-emp,9,Married,White,Male,60,<=50K
5315,32.0,Private,9,Single,White,Male,40,<=50K
5316,32.0,Private,12,Single,White,Male,30,<=50K
5317,37.0,Private,3,Married,White,Male,40,<=50K
5318,39.0,Public,9,Married,White,Male,56,<=50K
5319,49.0,Private,13,Married,White,Male,40,<=50K
5320,28.0,Unknown,9,Single,Black,Male,40,<=50K
5321,24.0,Unknown,5,Single,White,Female,20,<=50K
5322,19.0,Private,9,Single,White,Female,40,<=50K
5323,31.0,Private,9,Married,White,Male,40,<=50K
5324,40.0,Private,9,Single,White,Female,40,<=50K
5325,29.0,Private,4,Single,White,Male,30,<=50K
5326,59.0,Private,9,Married,White,Male,48,<=50K
5327,52.0,Private,12,Married,White,Male,40,>50K
5328,27.0,Private,13,Single,White,Male,40,<=50K
5329,45.0,Public,13,Married,White,Male,45,>50K
5330,58.0,Private,13,Married,Asian,Male,40,<=50K
5331,53.0,Private,13,Single,White,Male,40,<=50K
5332,23.0,Private,9,Single,White,Male,25,<=50K
5333,35.0,Private,7,Single,White,Male,40,<=50K
5334,49.0,Private,9,Married,White,Male,40,<=50K
5335,49.0,Private,12,Single,White,Female,40,<=50K
5336,25.0,Private,8,Single,White,Male,40,<=50K
5337,47.0,Private,14,Single,White,Female,50,>50K
5338,28.0,Private,12,Single,White,Female,40,<=50K
5339,20.0,Private,10,Single,White,Female,30,<=50K
5340,74.0,Unknown,3,Married,White,Male,56,<=50K
5341,19.0,Private,9,Single,White,Male,24,<=50K
5342,28.0,Private,9,Married,White,Male,40,<=50K
5343,31.0,Private,10,Single,Black,Female,40,<=50K
5344,61.0,Unknown,10,Married,White,Male,40,<=50K
5345,30.0,Private,11,Married,White,Male,53,<=50K
5346,20.0,Unknown,10,Single,White,Male,40,<=50K
5347,35.0,Private,4,Married,White,Male,40,>50K
5348,23.0,Private,13,Single,White,Male,40,<=50K
5349,25.0,Private,13,Married,White,Female,30,>50K
5350,19.0,Private,9,Single,White,Male,30,<=50K
5351,30.0,Private,14,Single,White,Male,45,>50K
5352,26.0,Private,9,Single,White,Male,35,<=50K
5353,34.0,Public,9,Married,White,Male,45,<=50K
5354,49.0,Private,13,Single,Black,Female,40,<=50K
5355,35.0,Private,10,Married,White,Male,40,<=50K
5356,38.0,Private,9,Single,White,Female,40,<=50K
5357,36.0,Private,9,Married,Black,Male,20,<=50K
5358,33.0,Private,9,Married,Amer-Indian,Male,48,>50K
5359,54.0,Private,10,Single,White,Female,40,<=50K
5360,19.0,Public,9,Single,White,Male,40,<=50K
5361,18.0,Unknown,6,Single,White,Male,40,<=50K
5362,60.0,Private,9,Married,White,Male,40,<=50K
5363,28.0,Self-emp,9,Single,White,Male,40,<=50K
5364,43.0,Self-emp,9,Married,White,Male,40,<=50K
5365,49.0,Public,3,Married,White,Male,40,<=50K
5366,25.0,Private,13,Single,White,Male,70,<=50K
5367,17.0,Private,6,Single,White,Male,20,<=50K
5368,41.0,Self-emp,13,Married,White,Male,60,>50K
5369,30.0,Private,10,Married,Black,Male,35,<=50K
5370,90.0,Public,14,Married,White,Male,60,>50K
5371,25.0,Private,9,Single,White,Male,40,<=50K
5372,27.0,Private,11,Married,White,Male,35,<=50K
5373,29.0,Private,9,Married,White,Male,40,<=50K
5374,55.0,Private,10,Married,Black,Male,40,>50K
5375,31.0,Public,13,Single,Black,Female,40,<=50K
5376,43.0,Private,11,Married,White,Male,99,<=50K
5377,63.0,Private,14,Single,White,Female,40,>50K
5378,46.0,Private,4,Married,White,Male,40,<=50K
5379,59.0,Private,9,Married,White,Male,40,<=50K
5380,42.0,Private,13,Married,Black,Female,50,>50K
5381,26.0,Private,13,Single,White,Female,20,<=50K
5382,26.0,Private,10,Married,White,Male,45,<=50K
5383,20.0,Unknown,10,Single,White,Female,30,<=50K
5384,19.0,Unknown,9,Single,Black,Female,40,<=50K
5385,61.0,Private,5,Single,White,Male,40,>50K
5386,23.0,Public,9,Married,White,Male,40,<=50K
5387,24.0,Private,9,Married,White,Female,40,<=50K
5388,35.0,Private,13,Single,White,Male,40,>50K
5389,42.0,Self-emp,9,Married,White,Male,12,<=50K
5390,31.0,Private,8,Single,White,Female,21,<=50K
5391,31.0,Private,9,Married,White,Female,55,<=50K
5392,63.0,Private,13,Married,White,Female,25,<=50K
5393,29.0,Public,11,Single,White,Female,64,<=50K
5394,43.0,Public,13,Married,White,Male,40,<=50K
5395,22.0,Private,13,Single,Asian,Female,10,<=50K
5396,17.0,Private,7,Single,White,Male,25,<=50K
5397,23.0,Self-emp,13,Single,White,Male,40,>50K
5398,35.0,Private,5,Single,White,Male,45,<=50K
5399,32.0,Private,9,Single,Hispanic,Female,28,<=50K
5400,50.0,Self-emp,13,Married,White,Male,60,>50K
5401,25.0,Private,9,Single,White,Male,40,<=50K
5402,26.0,Public,14,Married,White,Female,40,<=50K
5403,32.0,Private,13,Married,White,Male,40,<=50K
5404,29.0,Private,11,Married,White,Male,50,<=50K
5405,57.0,Private,10,Married,White,Male,40,>50K
5406,90.0,Private,14,Single,Black,Male,50,>50K
5407,35.0,Private,11,Single,White,Female,40,>50K
5408,31.0,Self-emp,10,Married,Black,Male,60,>50K
5409,60.0,Private,9,Single,White,Female,33,<=50K
5410,21.0,Private,11,Married,White,Female,40,<=50K
5411,71.0,Public,14,Married,White,Female,40,<=50K
5412,22.0,Private,11,Single,White,Male,30,<=50K
5413,50.0,Public,9,Single,White,Female,40,<=50K
5414,37.0,Private,10,Married,White,Male,45,>50K
5415,23.0,Private,9,Single,Asian,Female,40,<=50K
5416,74.0,Private,9,Married,White,Male,30,<=50K
5417,67.0,Private,10,Married,White,Male,70,<=50K
5418,59.0,Private,10,Married,White,Male,43,>50K
5419,28.0,Private,9,Married,White,Male,40,<=50K
5420,45.0,Private,9,Married,Amer-Indian,Male,40,<=50K
5421,63.0,Self-emp,10,Married,White,Male,20,<=50K
5422,39.0,Private,13,Single,White,Female,63,<=50K
5423,33.0,Public,10,Single,Black,Female,40,<=50K
5424,32.0,Private,13,Single,Asian,Male,40,<=50K
5425,34.0,Private,13,Married,White,Male,45,>50K
5426,39.0,Private,9,Single,White,Male,40,<=50K
5427,29.0,Public,14,Married,White,Male,36,<=50K
5428,22.0,Private,9,Married,White,Male,40,<=50K
5429,53.0,Private,13,Single,White,Female,43,>50K
5430,46.0,Private,11,Married,White,Male,42,<=50K
5431,51.0,Private,10,Married,White,Female,40,>50K
5432,44.0,Private,15,Single,White,Female,99,<=50K
5433,56.0,Public,9,Single,White,Female,40,<=50K
5434,27.0,Private,13,Single,Black,Female,40,<=50K
5435,52.0,Private,5,Married,Asian,Female,30,<=50K
5436,39.0,Private,13,Single,White,Male,40,>50K
5437,45.0,Public,10,Married,White,Male,40,>50K
5438,37.0,Private,10,Married,White,Male,45,<=50K
5439,33.0,Private,9,Single,White,Male,40,<=50K
5440,35.0,Unknown,9,Single,White,Female,4,<=50K
5441,46.0,Private,3,Married,White,Female,45,<=50K
5442,35.0,Private,8,Married,White,Female,50,<=50K
5443,33.0,Private,9,Married,Black,Male,50,<=50K
5444,48.0,Private,13,Married,White,Male,40,<=50K
5445,32.0,Private,9,Single,White,Male,50,<=50K
5446,18.0,Unknown,6,Single,White,Male,40,<=50K
5447,20.0,Private,10,Single,White,Female,32,<=50K
5448,35.0,Private,9,Single,Asian,Male,60,<=50K
5449,19.0,Private,9,Single,White,Female,25,<=50K
5450,21.0,Private,9,Single,White,Female,40,<=50K
5451,56.0,Private,7,Single,White,Female,40,<=50K
5452,28.0,Private,13,Single,White,Female,16,<=50K
5453,45.0,Private,9,Single,White,Female,40,<=50K
5454,32.0,Private,11,Married,White,Female,45,<=50K
5455,44.0,Private,13,Married,White,Male,12,<=50K
5456,55.0,Private,9,Married,White,Male,40,>50K
5457,34.0,Private,10,Married,White,Male,40,>50K
5458,33.0,Private,14,Married,White,Male,40,>50K
5459,36.0,Private,13,Single,White,Male,55,<=50K
5460,25.0,Private,9,Single,White,Female,40,<=50K
5461,28.0,Private,13,Single,White,Male,40,<=50K
5462,39.0,Private,13,Married,White,Male,55,>50K
5463,53.0,Private,6,Married,White,Female,40,<=50K
5464,47.0,Private,9,Single,Amer-Indian,Female,45,<=50K
5465,49.0,Self-emp,11,Single,White,Male,60,<=50K
5466,22.0,Private,9,Single,Amer-Indian,Male,40,<=50K
5467,31.0,Private,10,Single,White,Male,40,<=50K
5468,44.0,Self-emp,10,Single,White,Male,80,<=50K
5469,19.0,Private,9,Single,White,Male,40,<=50K
5470,37.0,Self-emp,9,Single,White,Male,40,<=50K
5471,60.0,Unknown,9,Married,White,Male,35,<=50K
5472,23.0,Private,10,Single,White,Male,25,<=50K
5473,44.0,Private,15,Married,White,Male,65,>50K
5474,54.0,Public,9,Married,White,Female,35,<=50K
5475,23.0,Private,9,Married,White,Male,38,<=50K
5476,21.0,Private,10,Single,White,Female,10,<=50K
5477,19.0,Public,10,Single,White,Male,25,<=50K
5478,51.0,Private,13,Married,White,Male,20,>50K
5479,41.0,Private,13,Married,White,Male,50,>50K
5480,61.0,Private,10,Married,White,Male,18,>50K
5481,19.0,Self-emp,6,Married,Amer-Indian,Female,40,<=50K
5482,22.0,Private,13,Single,White,Male,40,<=50K
5483,22.0,Private,9,Single,White,Female,40,<=50K
5484,49.0,Private,4,Married,White,Male,32,<=50K
5485,35.0,Private,6,Single,White,Male,50,<=50K
5486,38.0,Private,10,Married,White,Male,40,<=50K
5487,29.0,Private,9,Married,White,Male,40,>50K
5488,56.0,Private,11,Married,White,Male,45,>50K
5489,41.0,Private,10,Single,White,Female,80,<=50K
5490,62.0,Self-emp,14,Married,White,Male,45,>50K
5491,27.0,Private,9,Single,White,Male,40,<=50K
5492,55.0,Unknown,9,Single,White,Female,40,<=50K
5493,25.0,Private,9,Single,White,Male,42,<=50K
5494,33.0,Private,13,Married,White,Male,75,>50K
5495,26.0,Private,9,Single,White,Female,40,<=50K
5496,43.0,Private,9,Single,White,Male,45,<=50K
5497,53.0,Public,14,Married,White,Male,40,>50K
5498,43.0,Private,13,Single,White,Female,40,<=50K
5499,56.0,Private,9,Single,White,Male,35,<=50K
5500,25.0,Private,13,Married,White,Male,50,<=50K
5501,60.0,Private,14,Single,Black,Male,40,<=50K
5502,28.0,Private,10,Single,White,Female,40,<=50K
5503,21.0,Private,9,Single,White,Male,40,<=50K
5504,40.0,Private,13,Single,Black,Female,40,<=50K
5505,29.0,Private,9,Married,Black,Male,40,<=50K
5506,20.0,Private,10,Single,White,Female,25,<=50K
5507,25.0,Private,9,Married,White,Male,80,>50K
5508,18.0,Private,7,Single,White,Female,10,<=50K
5509,32.0,Public,12,Married,White,Male,35,<=50K
5510,27.0,Private,2,Single,Hispanic,Male,35,<=50K
5511,48.0,Private,9,Married,White,Female,16,<=50K
5512,20.0,Private,10,Single,White,Female,25,<=50K
5513,55.0,Private,9,Single,White,Female,40,<=50K
5514,33.0,Public,13,Single,White,Female,50,>50K
5515,21.0,Public,10,Single,White,Female,12,<=50K
5516,43.0,Self-emp,9,Married,White,Male,30,<=50K
5517,35.0,Private,10,Married,White,Male,40,<=50K
5518,39.0,Public,13,Married,White,Male,35,>50K
5519,19.0,Private,9,Single,Asian,Female,40,<=50K
5520,25.0,Private,9,Single,Black,Female,40,<=50K
5521,44.0,Private,10,Married,White,Male,72,>50K
5522,27.0,Private,12,Single,White,Male,40,<=50K
5523,39.0,Private,9,Married,White,Female,40,>50K
5524,69.0,Private,6,Single,White,Male,40,<=50K
5525,34.0,Private,13,Single,Asian,Female,40,<=50K
5526,20.0,Unknown,10,Single,White,Male,35,<=50K
5527,37.0,Private,3,Single,White,Female,40,<=50K
5528,43.0,Public,13,Single,White,Female,39,<=50K
5529,62.0,Unknown,9,Married,White,Male,48,<=50K
5530,34.0,Public,14,Married,Black,Female,40,>50K
5531,31.0,Self-emp,10,Married,White,Male,48,<=50K
5532,42.0,Public,16,Single,White,Female,60,>50K
5533,26.0,Private,9,Single,White,Female,30,<=50K
5534,39.0,Private,10,Single,White,Female,75,<=50K
5535,25.0,Private,13,Single,White,Male,40,<=50K
5536,54.0,Public,10,Married,Black,Male,30,<=50K
5537,44.0,Public,14,Married,White,Male,60,>50K
5538,34.0,Public,14,Married,White,Male,38,>50K
5539,21.0,Self-emp,10,Single,White,Male,40,<=50K
5540,50.0,Private,3,Married,White,Male,55,<=50K
5541,33.0,Private,9,Single,White,Male,40,<=50K
5542,40.0,Self-emp,12,Married,White,Female,40,>50K
5543,44.0,Private,14,Married,White,Male,40,>50K
5544,33.0,Public,12,Single,White,Male,56,<=50K
5545,21.0,Public,10,Single,White,Male,40,<=50K
5546,35.0,Self-emp,13,Single,Black,Female,60,<=50K
5547,43.0,Private,10,Married,White,Male,40,>50K
5548,57.0,Unknown,6,Single,White,Male,30,<=50K
5549,51.0,Public,14,Married,White,Male,45,<=50K
5550,29.0,Private,9,Married,White,Male,40,<=50K
5551,51.0,Public,9,Single,Black,Male,40,<=50K
5552,35.0,Private,9,Married,White,Male,40,<=50K
5553,18.0,Private,7,Single,White,Male,20,<=50K
5554,58.0,Private,6,Married,White,Male,50,<=50K
5555,57.0,Self-emp,10,Married,White,Male,40,>50K
5556,19.0,Private,9,Single,White,Female,20,<=50K
5557,37.0,Private,10,Single,White,Female,40,<=50K
5558,38.0,Private,9,Married,White,Male,44,<=50K
5559,45.0,Private,10,Married,White,Female,40,<=50K
5560,27.0,Private,10,Married,Asian,Male,40,>50K
5561,64.0,Unknown,4,Married,White,Female,40,<=50K
5562,38.0,Public,10,Married,White,Male,72,<=50K
5563,30.0,Private,9,Single,White,Male,30,<=50K
5564,46.0,Private,13,Married,White,Male,40,<=50K
5565,18.0,Unknown,6,Single,White,Female,30,<=50K
5566,60.0,Private,9,Married,White,Male,40,>50K
5567,30.0,Private,9,Single,White,Male,44,<=50K
5568,47.0,Private,10,Married,Black,Male,40,>50K
5569,39.0,Private,13,Single,White,Female,40,<=50K
5570,42.0,Private,10,Married,White,Male,45,>50K
5571,27.0,Private,10,Single,White,Female,40,<=50K
5572,44.0,Private,10,Single,White,Male,40,<=50K
5573,33.0,Private,13,Married,White,Male,40,<=50K
5574,54.0,Private,13,Single,White,Male,50,>50K
5575,58.0,Self-emp,10,Married,White,Male,35,<=50K
5576,45.0,Private,13,Single,White,Male,30,<=50K
5577,59.0,Private,10,Married,White,Male,50,<=50K
5578,29.0,Private,12,Single,White,Female,50,<=50K
5579,27.0,Private,9,Single,White,Female,40,<=50K
5580,44.0,Private,14,Married,White,Male,20,>50K
5581,44.0,Private,9,Married,White,Male,40,>50K
5582,33.0,Private,10,Married,White,Male,70,>50K
5583,27.0,Private,9,Single,White,Male,40,<=50K
5584,33.0,Private,13,Married,White,Male,55,>50K
5585,55.0,Private,11,Single,Black,Female,40,<=50K
5586,32.0,Self-emp,11,Married,Hispanic,Male,60,<=50K
5587,31.0,Private,11,Married,White,Male,45,<=50K
5588,57.0,Self-emp,15,Married,White,Male,60,>50K
5589,30.0,Private,13,Married,White,Male,45,>50K
5590,78.0,Unknown,9,Married,White,Female,1,<=50K
5591,28.0,Private,13,Single,White,Female,48,<=50K
5592,30.0,Self-emp,10,Single,Asian,Male,40,<=50K
5593,29.0,Private,14,Married,White,Male,40,>50K
5594,66.0,Private,9,Single,Black,Female,3,<=50K
5596,31.0,Private,13,Married,White,Male,40,<=50K
5597,26.0,Private,9,Single,White,Male,40,<=50K
5598,24.0,Private,9,Single,White,Male,45,<=50K
5599,29.0,Private,13,Single,White,Male,50,>50K
5600,44.0,Private,9,Married,White,Male,45,>50K
5601,34.0,Public,13,Married,White,Male,55,>50K
5602,59.0,Private,13,Married,White,Male,43,>50K
5603,23.0,Private,13,Single,Asian,Male,24,<=50K
5604,23.0,Private,7,Single,White,Male,40,<=50K
5605,55.0,Public,11,Single,Black,Female,35,<=50K
5606,39.0,Self-emp,9,Married,White,Male,40,>50K
5608,57.0,Private,4,Single,White,Male,75,<=50K
5609,35.0,Private,9,Single,White,Female,40,<=50K
5610,39.0,Public,11,Married,White,Male,48,>50K
5611,47.0,Private,9,Married,White,Female,38,>50K
5612,53.0,Public,16,Married,White,Male,50,>50K
5613,23.0,Private,10,Single,Black,Male,25,<=50K
5614,35.0,Private,14,Single,White,Male,50,>50K
5615,44.0,Private,10,Single,White,Female,40,<=50K
5616,28.0,Private,9,Single,White,Female,25,<=50K
5617,26.0,Private,13,Single,Asian,Female,40,<=50K
5618,23.0,Private,9,Single,White,Male,45,<=50K
5619,32.0,Private,9,Married,White,Male,25,<=50K
5620,49.0,Self-emp,10,Married,White,Male,50,>50K
5621,36.0,Private,10,Single,White,Male,60,<=50K
5622,36.0,Private,9,Single,White,Female,36,<=50K
5623,41.0,Unknown,3,Married,Hispanic,Male,40,<=50K
5624,21.0,Private,12,Married,Amer-Indian,Female,46,>50K
5625,54.0,Self-emp,13,Married,White,Male,40,>50K
5626,43.0,Private,10,Married,Black,Female,40,<=50K
5627,35.0,Public,10,Single,White,Female,40,<=50K
5628,31.0,Private,10,Married,White,Male,50,>50K
5629,46.0,Private,10,Married,Asian,Male,40,<=50K
5630,46.0,Private,9,Single,White,Female,40,<=50K
5631,56.0,Private,9,Married,White,Male,40,<=50K
5632,45.0,Unknown,14,Married,White,Female,1,<=50K
5633,21.0,Private,9,Single,White,Male,40,<=50K
5634,51.0,Private,14,Married,White,Male,50,>50K
5635,47.0,Public,10,Single,White,Male,20,<=50K
5636,42.0,Private,3,Married,White,Male,40,<=50K
5637,19.0,Private,10,Single,White,Female,30,<=50K
5638,25.0,Private,13,Single,White,Male,40,<=50K
5639,37.0,Private,14,Married,White,Male,60,>50K
5640,35.0,Private,8,Married,Black,Male,40,<=50K
5641,40.0,Private,9,Married,White,Male,30,<=50K
5642,57.0,Self-emp,7,Married,White,Male,15,<=50K
5643,38.0,Private,9,Married,White,Male,50,>50K
5644,48.0,Private,6,Single,White,Female,38,<=50K
5645,34.0,Private,10,Single,White,Female,34,<=50K
5646,46.0,Public,10,Single,White,Male,40,<=50K
5647,30.0,Private,9,Single,White,Male,38,<=50K
5648,45.0,Public,14,Single,White,Male,50,<=50K
5649,32.0,Self-emp,13,Married,White,Male,50,>50K
5650,35.0,Private,9,Single,White,Male,48,<=50K
5651,62.0,Private,10,Single,White,Female,39,>50K
5652,56.0,Unknown,9,Married,White,Male,40,<=50K
5653,50.0,Private,11,Married,White,Male,40,<=50K
5654,25.0,Private,13,Single,White,Male,40,<=50K
5655,41.0,Private,10,Single,Black,Male,33,<=50K
5656,35.0,Private,9,Single,White,Female,27,<=50K
5657,33.0,Private,10,Married,White,Male,41,>50K
5658,38.0,Private,12,Married,White,Female,40,>50K
5659,37.0,Public,13,Single,White,Male,40,<=50K
5660,56.0,Private,9,Married,White,Male,40,>50K
5661,19.0,Private,4,Single,White,Male,32,<=50K
5662,31.0,Private,5,Married,White,Female,40,<=50K
5663,53.0,Public,9,Single,Hispanic,Male,40,>50K
5664,33.0,Private,9,Single,White,Male,35,<=50K
5665,72.0,Private,2,Single,Black,Male,40,<=50K
5666,54.0,Private,9,Married,White,Male,50,>50K
5667,30.0,Private,13,Single,White,Female,40,<=50K
5668,51.0,Private,16,Single,White,Male,40,>50K
5669,30.0,Private,9,Married,White,Male,50,>50K
5670,30.0,Private,13,Single,White,Male,50,<=50K
5671,32.0,Private,10,Married,Black,Male,16,<=50K
5672,30.0,Private,10,Single,White,Male,50,>50K
5673,35.0,Private,14,Married,White,Male,40,<=50K
5674,40.0,Private,10,Single,White,Female,44,>50K
5675,38.0,Public,13,Single,White,Female,40,<=50K
5676,19.0,Private,6,Single,White,Female,30,<=50K
5677,32.0,Private,10,Single,White,Male,44,<=50K
5678,49.0,Private,14,Married,White,Female,40,<=50K
5679,76.0,Unknown,13,Married,White,Male,10,<=50K
5680,60.0,Private,13,Married,White,Male,35,<=50K
5681,60.0,Private,5,Married,White,Male,40,<=50K
5682,55.0,Private,16,Married,White,Male,80,>50K
5683,41.0,Private,13,Single,White,Female,30,<=50K
5684,24.0,Private,9,Single,White,Male,40,<=50K
5685,53.0,Private,14,Married,White,Male,60,>50K
5686,69.0,Public,10,Married,White,Female,38,<=50K
5687,71.0,Unknown,10,Married,White,Male,30,<=50K
5688,41.0,Private,9,Married,White,Female,40,>50K
5689,32.0,Private,9,Single,White,Female,40,<=50K
5690,45.0,Private,7,Married,White,Male,40,<=50K
5691,59.0,Private,13,Single,White,Male,40,<=50K
5692,31.0,Private,9,Single,White,Female,35,<=50K
5693,40.0,Private,9,Single,White,Female,37,<=50K
5694,44.0,Private,11,Married,White,Male,40,>50K
5695,63.0,Private,10,Single,White,Female,60,<=50K
5696,31.0,Public,10,Married,White,Male,56,>50K
5697,51.0,Private,13,Single,White,Male,20,<=50K
5698,51.0,Private,7,Married,Asian,Male,40,<=50K
5699,23.0,Private,9,Single,White,Male,40,<=50K
5700,49.0,Private,4,Married,White,Male,48,<=50K
5701,56.0,Private,9,Married,White,Male,45,<=50K
5702,39.0,Private,9,Married,White,Male,40,>50K
5703,39.0,Self-emp,15,Married,White,Male,50,>50K
5704,30.0,Self-emp,9,Single,White,Female,40,<=50K
5705,43.0,Self-emp,13,Married,White,Male,50,<=50K
5706,31.0,Private,10,Single,White,Male,50,<=50K
5707,44.0,Public,14,Married,White,Male,35,<=50K
5708,43.0,Self-emp,15,Married,White,Male,30,>50K
5709,37.0,Public,16,Married,White,Male,72,>50K
5710,41.0,Private,10,Married,White,Male,46,>50K
5711,43.0,Private,9,Married,White,Male,40,>50K
5712,47.0,Public,10,Married,White,Male,40,>50K
5713,38.0,Self-emp,15,Single,White,Male,45,>50K
5714,46.0,Private,11,Married,White,Male,40,<=50K
5715,19.0,Public,10,Single,White,Female,40,<=50K
5716,19.0,Private,3,Single,White,Male,50,<=50K
5717,24.0,Private,13,Married,White,Male,45,>50K
5718,39.0,Self-emp,10,Married,White,Male,65,<=50K
5719,37.0,Private,11,Single,White,Female,30,<=50K
5720,28.0,Unknown,13,Single,Black,Female,40,<=50K
5721,40.0,Private,9,Single,White,Male,40,<=50K
5722,27.0,Private,12,Single,White,Female,40,<=50K
5723,22.0,Private,9,Single,White,Female,40,<=50K
5724,21.0,Private,10,Single,White,Male,12,<=50K
5725,32.0,Private,9,Married,White,Female,40,<=50K
5726,20.0,Private,9,Single,White,Male,40,<=50K
5727,45.0,Private,14,Single,White,Male,48,>50K
5728,46.0,Public,15,Married,White,Male,40,>50K
5729,46.0,Private,11,Single,White,Female,45,<=50K
5730,26.0,Private,10,Single,White,Male,44,<=50K
5731,47.0,Self-emp,13,Married,White,Male,60,<=50K
5732,22.0,Private,10,Single,White,Female,10,<=50K
5733,34.0,Self-emp,9,Married,White,Male,60,<=50K
5734,49.0,Private,2,Married,White,Male,40,<=50K
5735,20.0,Private,10,Single,White,Male,25,<=50K
5736,28.0,Private,9,Married,White,Male,45,<=50K
5737,30.0,Private,7,Married,Black,Male,40,<=50K
5738,23.0,Private,9,Married,White,Male,40,<=50K
5739,20.0,Private,5,Single,White,Male,40,<=50K
5740,31.0,Private,10,Married,White,Male,55,<=50K
5741,46.0,Private,2,Single,White,Male,40,<=50K
5742,42.0,Private,9,Single,White,Female,40,<=50K
5743,60.0,Self-emp,4,Married,White,Male,40,<=50K
5744,30.0,Private,13,Single,White,Male,50,<=50K
5745,27.0,Private,10,Married,White,Male,48,<=50K
5746,20.0,Private,5,Single,White,Female,32,<=50K
5747,56.0,Self-emp,13,Married,White,Male,40,>50K
5748,41.0,Private,10,Married,White,Male,60,>50K
5749,61.0,Private,9,Married,White,Male,40,<=50K
5750,47.0,Private,9,Single,Black,Female,40,>50K
5751,60.0,Private,5,Married,White,Male,37,<=50K
5752,33.0,Private,5,Married,White,Male,50,<=50K
5753,40.0,Unknown,10,Married,White,Female,25,<=50K
5754,48.0,Private,13,Married,White,Male,45,>50K
5755,56.0,Private,9,Married,White,Male,40,>50K
5756,50.0,Private,11,Married,White,Male,55,>50K
5757,57.0,Self-emp,14,Married,White,Male,40,>50K
5758,20.0,Private,10,Single,Hispanic,Female,40,<=50K
5759,46.0,Private,11,Single,White,Female,36,<=50K
5760,21.0,Private,10,Single,White,Female,40,<=50K
5761,37.0,Private,9,Married,White,Male,40,<=50K
5762,42.0,Private,10,Married,White,Male,40,<=50K
5763,20.0,Private,9,Single,White,Female,30,<=50K
5764,54.0,Private,16,Married,White,Male,50,>50K
5765,32.0,Public,9,Married,White,Female,22,<=50K
5766,62.0,Unknown,10,Married,White,Female,1,<=50K
5767,50.0,Private,10,Married,White,Male,40,>50K
5768,49.0,Public,10,Single,Black,Female,40,<=50K
5769,48.0,Private,12,Married,White,Male,50,<=50K
5770,24.0,Private,10,Single,Black,Female,40,<=50K
5771,46.0,Private,14,Married,Asian,Male,40,>50K
5772,42.0,Private,9,Single,White,Female,40,<=50K
5773,52.0,Self-emp,10,Married,White,Male,40,<=50K
5774,58.0,Public,12,Married,Black,Female,40,<=50K
5775,37.0,Private,10,Single,Amer-Indian,Female,40,<=50K
5776,34.0,Private,9,Married,White,Male,40,<=50K
5777,26.0,Private,10,Married,White,Male,40,<=50K
5778,18.0,Private,10,Single,White,Female,20,<=50K
5779,33.0,Private,10,Single,Black,Male,40,<=50K
5780,41.0,Private,10,Single,White,Female,15,<=50K
5781,21.0,Private,12,Single,White,Female,20,<=50K
5782,23.0,Private,11,Single,White,Female,40,<=50K
5783,26.0,Public,10,Single,White,Female,40,<=50K
5784,33.0,Private,13,Married,White,Female,40,<=50K
5785,24.0,Private,10,Single,White,Female,45,<=50K
5786,43.0,Private,6,Married,Asian,Male,42,<=50K
5787,52.0,Public,9,Single,White,Female,40,<=50K
5788,27.0,Unknown,10,Single,Black,Female,40,<=50K
5789,61.0,Private,4,Single,White,Female,40,<=50K
5790,35.0,Private,9,Married,White,Male,40,<=50K
5791,35.0,Private,9,Married,White,Male,40,>50K
5792,45.0,Self-emp,9,Married,White,Male,55,>50K
5793,43.0,Public,9,Married,White,Male,40,>50K
5794,51.0,Private,9,Married,White,Male,40,>50K
5795,35.0,Private,13,Married,White,Male,40,<=50K
5796,47.0,Public,13,Married,White,Male,45,>50K
5797,22.0,Private,10,Single,White,Male,40,<=50K
5798,49.0,Self-emp,11,Married,White,Male,60,>50K
5799,20.0,Private,9,Single,White,Male,20,<=50K
5800,19.0,Private,6,Single,White,Female,40,<=50K
5801,27.0,Private,9,Single,White,Male,40,<=50K
5802,42.0,Private,12,Single,White,Female,45,<=50K
5803,27.0,Unknown,10,Single,White,Male,40,<=50K
5804,23.0,Self-emp,10,Single,White,Male,35,<=50K
5805,20.0,Private,10,Single,White,Female,10,<=50K
5806,47.0,Private,9,Married,White,Male,50,<=50K
5807,17.0,Private,8,Single,Black,Male,18,<=50K
5808,76.0,Unknown,6,Married,White,Male,1,<=50K
5809,39.0,Private,10,Single,White,Female,40,<=50K
5810,25.0,Private,5,Married,White,Male,40,<=50K
5811,31.0,Private,11,Married,Black,Female,43,<=50K
5812,44.0,Private,9,Single,Black,Male,20,<=50K
5813,53.0,Private,11,Married,White,Male,40,>50K
5814,34.0,Private,10,Single,White,Male,45,<=50K
5815,45.0,Self-emp,10,Married,White,Male,60,<=50K
5816,34.0,Private,9,Married,White,Male,45,<=50K
5817,35.0,Private,14,Married,White,Male,40,>50K
5818,36.0,Private,10,Single,White,Male,48,<=50K
5819,45.0,Private,10,Married,White,Female,45,<=50K
5820,37.0,Self-emp,10,Married,White,Male,60,<=50K
5821,53.0,Private,12,Married,White,Male,40,>50K
5822,35.0,Private,14,Married,White,Female,50,>50K
5823,38.0,Self-emp,9,Married,White,Male,70,<=50K
5824,65.0,Self-emp,10,Married,White,Male,40,<=50K
5825,49.0,Self-emp,6,Single,White,Male,70,<=50K
5826,24.0,Private,9,Single,White,Male,40,<=50K
5827,54.0,Private,10,Married,White,Male,40,<=50K
5828,17.0,Private,6,Single,White,Female,12,<=50K
5829,19.0,Private,8,Single,White,Male,16,<=50K
5830,60.0,Private,9,Married,White,Female,40,<=50K
5831,46.0,Private,13,Married,White,Male,35,>50K
5832,78.0,Unknown,14,Married,White,Female,15,<=50K
5833,26.0,Private,10,Single,Black,Female,40,<=50K
5834,58.0,Private,2,Married,White,Male,38,<=50K
5835,37.0,Self-emp,9,Single,White,Male,55,<=50K
5837,30.0,Private,13,Single,White,Male,40,<=50K
5838,19.0,Private,10,Single,White,Female,30,<=50K
5839,48.0,Private,13,Married,White,Male,60,>50K
5840,22.0,Private,10,Single,White,Female,24,<=50K
5841,50.0,Private,14,Married,White,Male,60,<=50K
5842,25.0,Private,2,Single,White,Female,40,<=50K
5843,18.0,Private,6,Single,White,Male,6,<=50K
5844,21.0,Private,9,Single,White,Male,40,<=50K
5845,47.0,Private,10,Married,White,Male,50,<=50K
5846,33.0,Private,9,Single,Amer-Indian,Female,36,<=50K
5847,39.0,Private,9,Single,White,Male,40,<=50K
5848,67.0,Self-emp,13,Married,White,Male,8,>50K
5850,18.0,Private,6,Single,White,Male,11,<=50K
5851,36.0,Private,9,Single,Black,Male,40,<=50K
5852,23.0,Private,10,Single,White,Male,25,<=50K
5853,25.0,Unknown,10,Single,White,Female,20,<=50K
5854,40.0,Private,10,Married,White,Male,40,<=50K
5855,73.0,Self-emp,9,Married,White,Male,40,<=50K
5856,35.0,Private,10,Married,White,Male,40,<=50K
5857,31.0,Private,12,Married,White,Male,40,>50K
5858,20.0,Private,6,Single,White,Male,40,<=50K
5859,20.0,Private,9,Single,White,Female,40,<=50K
5860,27.0,Private,9,Married,White,Male,40,<=50K
5861,66.0,Self-emp,6,Married,White,Male,30,<=50K
5862,66.0,Private,14,Married,White,Male,50,<=50K
5863,64.0,Private,14,Single,White,Female,35,<=50K
5864,48.0,Private,10,Single,White,Male,53,<=50K
5865,24.0,Private,13,Single,White,Female,40,<=50K
5866,51.0,Self-emp,9,Married,White,Male,60,<=50K
5867,25.0,Private,13,Married,White,Male,60,>50K
5868,33.0,Private,7,Single,White,Female,20,<=50K
5869,50.0,Private,9,Married,White,Male,50,<=50K
5870,51.0,Private,4,Married,Black,Male,50,<=50K
5871,34.0,Public,13,Married,White,Male,38,>50K
5872,41.0,Public,4,Single,Black,Female,40,<=50K
5873,30.0,Self-emp,10,Married,White,Male,40,<=50K
5874,59.0,Private,10,Single,White,Male,40,<=50K
5875,41.0,Self-emp,10,Married,White,Male,40,>50K
5876,36.0,Self-emp,14,Single,White,Male,45,>50K
5877,37.0,Private,2,Married,White,Male,85,<=50K
5878,28.0,Private,9,Single,Amer-Indian,Male,30,<=50K
5879,19.0,Private,9,Single,White,Male,40,<=50K
5880,28.0,Private,10,Married,White,Male,45,<=50K
5881,62.0,Private,6,Married,Black,Male,40,<=50K
5882,36.0,Private,14,Married,White,Male,45,>50K
5883,58.0,Self-emp,6,Single,White,Male,40,<=50K
5884,42.0,Self-emp,9,Single,White,Male,50,<=50K
5885,43.0,Self-emp,9,Married,White,Male,40,<=50K
5886,29.0,Private,9,Married,White,Male,40,<=50K
5888,64.0,Public,5,Single,White,Male,40,<=50K
5889,39.0,Private,13,Married,White,Female,20,>50K
5890,26.0,Private,13,Single,Black,Female,20,<=50K
5891,19.0,Private,9,Single,White,Male,30,<=50K
5892,21.0,Private,9,Single,White,Female,45,<=50K
5893,32.0,Private,10,Single,White,Female,40,<=50K
5894,30.0,Public,12,Married,White,Male,45,<=50K
5895,26.0,Private,13,Single,White,Female,50,<=50K
5896,20.0,Private,10,Single,Asian,Female,15,<=50K
5897,19.0,Private,10,Single,White,Male,30,<=50K
5898,33.0,Public,13,Married,White,Male,42,>50K
5899,23.0,Private,10,Married,White,Male,40,<=50K
5900,29.0,Private,9,Married,White,Male,45,<=50K
5901,42.0,Private,9,Married,White,Female,40,<=50K
5902,30.0,Self-emp,9,Married,White,Male,50,<=50K
5903,63.0,Private,9,Married,Asian,Female,20,<=50K
5904,34.0,Private,9,Married,White,Male,40,<=50K
5905,60.0,Self-emp,10,Married,White,Male,24,<=50K
5906,48.0,Private,9,Married,White,Male,50,<=50K
5907,25.0,Private,13,Single,White,Male,50,<=50K
5908,27.0,Private,11,Married,Black,Female,40,<=50K
5909,55.0,Self-emp,9,Single,White,Male,55,>50K
5910,32.0,Private,10,Single,Black,Female,40,<=50K
5911,22.0,Private,10,Single,White,Male,25,<=50K
5912,25.0,Private,9,Single,White,Male,50,<=50K
5913,18.0,Private,7,Single,White,Female,16,<=50K
5914,24.0,Public,10,Married,White,Female,44,<=50K
5915,29.0,Private,13,Single,White,Female,40,<=50K
5916,73.0,Unknown,7,Married,White,Male,3,<=50K
5917,39.0,Private,9,Married,White,Male,40,>50K
5918,33.0,Self-emp,14,Married,White,Male,40,<=50K
5919,57.0,Private,9,Single,White,Female,40,>50K
5920,22.0,Private,6,Single,White,Female,40,<=50K
5921,33.0,Unknown,9,Single,White,Female,20,<=50K
5922,33.0,Private,9,Married,White,Male,60,<=50K
5923,42.0,Private,9,Married,White,Male,40,<=50K
5924,43.0,Private,13,Single,White,Male,45,<=50K
5925,57.0,Self-emp,10,Married,White,Male,38,>50K
5926,42.0,Private,14,Single,White,Male,40,<=50K
5927,22.0,Private,10,Single,White,Male,30,<=50K
5928,21.0,Unknown,10,Single,White,Female,35,<=50K
5929,42.0,Self-emp,13,Married,White,Male,50,>50K
5930,39.0,Private,10,Married,White,Male,55,<=50K
5931,41.0,Private,10,Married,White,Female,32,>50K
5932,20.0,Public,9,Single,Black,Male,40,<=50K
5933,47.0,Private,10,Married,White,Male,40,<=50K
5934,44.0,Private,10,Single,White,Female,40,<=50K
5935,29.0,Private,13,Single,Black,Female,40,<=50K
5936,52.0,Private,10,Married,White,Female,16,>50K
5937,71.0,Private,10,Married,White,Male,35,>50K
5938,52.0,Private,9,Single,White,Male,55,<=50K
5939,36.0,Private,9,Married,White,Male,40,<=50K
5940,53.0,Private,10,Single,White,Male,48,>50K
5941,37.0,Private,9,Married,White,Female,30,>50K
5942,26.0,Private,6,Single,White,Male,40,<=50K
5943,34.0,Private,13,Married,White,Male,55,>50K
5944,35.0,Private,13,Single,White,Male,50,>50K
5945,20.0,Private,5,Single,White,Female,40,<=50K
5946,34.0,Public,10,Married,White,Male,40,<=50K
5947,56.0,Self-emp,13,Married,White,Male,60,<=50K
5948,39.0,Private,13,Married,White,Female,36,>50K
5949,24.0,Private,10,Single,White,Female,20,<=50K
5950,24.0,Private,7,Single,White,Female,35,<=50K
5951,23.0,Private,13,Single,White,Male,50,<=50K
5952,27.0,Private,13,Single,White,Male,45,<=50K
5953,25.0,Private,9,Single,White,Female,40,<=50K
5954,29.0,Private,10,Single,White,Female,40,<=50K
5955,42.0,Private,10,Married,White,Female,37,>50K
5956,51.0,Private,9,Married,White,Male,40,<=50K
5957,31.0,Private,11,Married,White,Male,40,<=50K
5958,59.0,Private,2,Married,White,Male,40,<=50K
5959,29.0,Private,9,Married,White,Female,40,<=50K
5960,18.0,Private,9,Single,White,Female,20,<=50K
5961,24.0,Private,9,Married,White,Female,36,<=50K
5962,38.0,Public,10,Single,White,Male,40,<=50K
5963,36.0,Private,9,Single,Black,Female,28,<=50K
5964,34.0,Self-emp,9,Single,White,Male,50,<=50K
5965,42.0,Self-emp,13,Married,White,Male,70,>50K
5966,45.0,Self-emp,8,Single,Black,Male,35,<=50K
5967,21.0,Private,11,Single,White,Male,40,<=50K
5968,64.0,Self-emp,16,Married,White,Male,60,>50K
5969,32.0,Private,9,Single,Black,Male,40,<=50K
5970,45.0,Private,13,Single,White,Male,40,>50K
5971,53.0,Private,3,Married,Asian,Male,40,<=50K
5972,42.0,Private,9,Married,White,Male,16,<=50K
5973,32.0,Private,9,Single,White,Female,40,<=50K
5974,49.0,Private,9,Married,White,Male,40,<=50K
5975,62.0,Private,3,Married,White,Male,24,<=50K
5976,28.0,Private,13,Married,White,Male,45,<=50K
5977,29.0,Unknown,16,Married,White,Male,50,>50K
5978,32.0,Private,9,Single,White,Male,35,<=50K
5979,37.0,Self-emp,6,Single,White,Male,50,>50K
5980,38.0,Private,13,Married,Asian,Male,50,>50K
5981,44.0,Public,9,Single,White,Male,25,<=50K
5982,19.0,Private,9,Single,White,Male,40,<=50K
5983,22.0,Unknown,10,Single,White,Male,40,<=50K
5984,24.0,Private,13,Single,White,Female,40,<=50K
5985,58.0,Private,9,Married,White,Male,50,>50K
5986,56.0,Private,13,Married,White,Female,40,<=50K
5987,37.0,Private,6,Single,White,Female,40,<=50K
5988,43.0,Private,10,Single,White,Male,40,<=50K
5989,32.0,Private,9,Married,White,Male,40,<=50K
5990,34.0,Private,13,Single,Black,Female,40,<=50K
5991,44.0,Private,5,Single,White,Female,50,<=50K
5992,28.0,Private,9,Single,White,Male,40,<=50K
5993,35.0,Private,9,Single,White,Female,35,<=50K
5994,38.0,Private,9,Married,White,Male,40,<=50K
5995,26.0,Private,10,Single,White,Female,40,<=50K
5996,20.0,Private,7,Single,White,Male,60,<=50K
5997,24.0,Private,9,Married,White,Male,60,>50K
5998,40.0,Private,9,Single,White,Male,45,<=50K
5999,23.0,Private,9,Single,White,Male,40,<=50K
6000,79.0,Public,7,Married,White,Male,7,<=50K
6001,44.0,Private,6,Single,Hispanic,Female,42,<=50K
6002,51.0,Private,14,Married,White,Female,50,>50K
6003,30.0,Private,9,Married,White,Male,40,<=50K
6004,52.0,Private,12,Married,White,Male,48,>50K
6005,41.0,Private,13,Married,White,Male,40,>50K
6006,33.0,Private,3,Married,Asian,Male,40,<=50K
6007,50.0,Private,13,Single,White,Male,45,>50K
6008,51.0,Private,11,Married,White,Male,40,>50K
6009,41.0,Private,9,Single,White,Male,40,<=50K
6010,35.0,Private,13,Married,White,Female,30,>50K
6011,34.0,Private,10,Married,White,Male,40,>50K
6012,28.0,Private,13,Single,White,Male,45,<=50K
6013,31.0,Self-emp,11,Single,White,Male,40,<=50K
6014,22.0,Private,9,Single,White,Male,40,<=50K
6015,67.0,Unknown,9,Married,White,Female,15,<=50K
6016,65.0,Private,9,Married,White,Male,40,>50K
6017,39.0,Self-emp,9,Married,White,Male,50,>50K
6018,23.0,Private,10,Single,White,Male,40,<=50K
6019,29.0,Self-emp,12,Married,White,Male,50,<=50K
6020,57.0,Self-emp,6,Single,White,Male,60,>50K
6021,47.0,Private,10,Married,White,Female,35,<=50K
6023,34.0,Private,9,Married,Black,Male,40,<=50K
6024,52.0,Private,9,Married,White,Male,60,>50K
6025,29.0,Private,9,Married,White,Male,40,>50K
6026,29.0,Private,9,Married,White,Male,40,<=50K
6028,21.0,Private,10,Single,White,Female,40,<=50K
6029,38.0,Private,13,Married,White,Female,40,<=50K
6030,55.0,Self-emp,9,Married,White,Male,50,>50K
6031,61.0,Self-emp,13,Single,White,Female,30,<=50K
6032,34.0,Private,12,Single,Asian,Female,60,>50K
6033,41.0,Private,13,Married,White,Male,40,<=50K
6034,27.0,Public,11,Single,White,Male,43,<=50K
6035,78.0,Self-emp,13,Single,White,Male,20,>50K
6036,40.0,Private,9,Married,White,Male,40,>50K
6037,26.0,Self-emp,4,Married,White,Male,75,<=50K
6038,43.0,Private,9,Married,Asian,Male,60,<=50K
6039,55.0,Unknown,9,Married,White,Female,20,<=50K
6040,25.0,Private,11,Married,White,Male,40,<=50K
6041,26.0,Self-emp,10,Single,White,Female,48,<=50K
6042,43.0,Self-emp,9,Married,White,Male,68,>50K
6043,25.0,Private,10,Single,White,Male,40,<=50K
6044,22.0,Private,10,Single,Black,Female,30,<=50K
6045,52.0,Self-emp,9,Married,White,Male,55,>50K
6046,61.0,Private,9,Married,White,Female,5,<=50K
6047,42.0,Private,13,Single,White,Male,40,<=50K
6048,21.0,Private,11,Single,White,Female,40,<=50K
6049,44.0,Private,9,Married,Amer-Indian,Male,40,<=50K
6050,65.0,Private,9,Married,White,Male,40,<=50K
6051,56.0,Unknown,9,Single,White,Male,10,<=50K
6052,33.0,Public,12,Single,White,Male,40,<=50K
6053,22.0,Private,6,Single,White,Female,40,<=50K
6054,43.0,Private,9,Single,White,Female,24,<=50K
6055,45.0,Self-emp,9,Single,White,Male,42,<=50K
6056,42.0,Private,9,Single,White,Female,42,<=50K
6057,37.0,Private,9,Married,Hispanic,Male,40,<=50K
6058,56.0,Private,5,Single,White,Male,40,<=50K
6059,35.0,Unknown,6,Single,White,Female,16,<=50K
6060,40.0,Private,12,Single,Black,Female,32,<=50K
6061,31.0,Private,13,Married,White,Male,55,<=50K
6062,26.0,Private,13,Married,White,Male,40,<=50K
6063,26.0,Public,13,Single,White,Male,40,<=50K
6064,42.0,Self-emp,13,Married,White,Male,70,<=50K
6065,45.0,Self-emp,9,Married,Asian,Male,40,<=50K
6066,47.0,Public,10,Married,Black,Male,50,>50K
6067,22.0,Private,10,Married,White,Male,40,<=50K
6068,33.0,Private,13,Single,White,Male,40,<=50K
6069,37.0,Private,9,Single,Black,Male,50,<=50K
6070,48.0,Self-emp,9,Married,White,Male,98,<=50K
6071,57.0,Self-emp,6,Married,White,Male,8,<=50K
6072,47.0,Private,10,Single,White,Female,60,<=50K
6073,58.0,Public,5,Married,White,Male,40,<=50K
6074,55.0,Private,7,Married,White,Female,40,<=50K
6075,52.0,Private,10,Married,White,Male,55,<=50K
6076,29.0,Private,13,Single,White,Male,40,<=50K
6077,42.0,Private,14,Single,White,Female,40,<=50K
6078,23.0,Private,9,Single,White,Male,60,<=50K
6080,46.0,Self-emp,11,Married,White,Male,60,<=50K
6081,30.0,Private,10,Single,White,Male,40,<=50K
6082,43.0,Self-emp,13,Married,White,Female,70,>50K
6083,25.0,Private,10,Single,White,Female,30,<=50K
6084,32.0,Private,9,Married,White,Male,80,>50K
6085,56.0,Private,5,Married,Black,Male,40,<=50K
6086,33.0,Private,9,Married,White,Male,43,<=50K
6087,19.0,Public,10,Single,White,Male,10,<=50K
6088,20.0,Private,10,Single,White,Female,18,<=50K
6090,34.0,Private,5,Single,White,Female,40,<=50K
6091,55.0,Self-emp,9,Married,White,Male,40,<=50K
6092,55.0,Private,5,Married,White,Female,23,<=50K
6093,31.0,Private,10,Single,White,Male,45,<=50K
6094,30.0,Private,9,Single,White,Female,40,<=50K
6095,31.0,Private,9,Single,White,Male,40,<=50K
6096,51.0,Private,9,Single,White,Male,40,<=50K
6097,59.0,Private,9,Married,White,Male,40,<=50K
6098,58.0,Private,9,Single,Black,Female,36,<=50K
6099,40.0,Private,5,Married,White,Male,40,<=50K
6100,54.0,Private,9,Married,Black,Male,40,<=50K
6101,25.0,Public,13,Married,White,Male,40,>50K
6102,18.0,Self-emp,7,Single,White,Male,30,<=50K
6103,41.0,Private,10,Married,White,Male,40,<=50K
6104,57.0,Private,6,Married,White,Female,40,<=50K
6105,37.0,Private,9,Married,White,Male,40,>50K
6106,46.0,Private,9,Single,White,Female,24,<=50K
6107,39.0,Private,9,Single,White,Female,38,<=50K
6108,19.0,Private,9,Single,White,Female,40,<=50K
6109,41.0,Private,12,Married,White,Male,40,<=50K
6110,54.0,Private,9,Single,White,Male,41,<=50K
6111,39.0,Private,14,Married,White,Male,40,>50K
6112,41.0,Private,9,Married,White,Male,40,>50K
6113,26.0,Private,15,Single,White,Female,30,<=50K
6114,57.0,Self-emp,9,Married,White,Male,50,<=50K
6115,33.0,Public,10,Married,White,Male,40,>50K
6116,56.0,Private,10,Married,White,Male,40,>50K
6117,60.0,Private,9,Married,White,Male,40,<=50K
6118,22.0,Private,9,Single,White,Male,70,<=50K
6119,58.0,Private,8,Married,White,Male,40,<=50K
6120,48.0,Public,14,Married,White,Female,50,>50K
6121,45.0,Public,14,Married,White,Male,55,>50K
6122,18.0,Private,9,Single,Asian,Female,40,<=50K
6123,56.0,Private,9,Married,White,Female,40,<=50K
6124,48.0,Self-emp,9,Married,White,Male,60,>50K
6125,40.0,Private,13,Single,Asian,Female,48,<=50K
6126,38.0,Private,9,Single,White,Male,32,<=50K
6127,58.0,Private,10,Single,White,Female,40,<=50K
6128,23.0,Private,10,Single,White,Male,50,<=50K
6129,63.0,Private,10,Married,White,Male,40,<=50K
6130,51.0,Private,13,Single,White,Male,45,<=50K
6131,22.0,Unknown,3,Married,Hispanic,Female,40,<=50K
6132,44.0,Private,9,Married,White,Male,70,<=50K
6133,46.0,Public,10,Single,White,Male,40,<=50K
6134,64.0,Public,13,Married,White,Male,40,<=50K
6135,32.0,Private,13,Married,Black,Male,40,>50K
6136,31.0,Private,10,Married,White,Male,40,<=50K
6137,36.0,Private,11,Married,White,Male,50,>50K
6138,21.0,Private,9,Single,White,Female,50,<=50K
6139,30.0,Private,10,Married,White,Male,40,<=50K
6140,31.0,Private,11,Single,Black,Female,40,<=50K
6142,59.0,Public,5,Married,White,Male,40,<=50K
6143,28.0,Public,14,Married,White,Female,20,>50K
6144,57.0,Private,9,Single,White,Female,40,<=50K
6145,44.0,Private,9,Married,White,Male,45,<=50K
6146,53.0,Self-emp,10,Single,White,Male,60,<=50K
6147,58.0,Self-emp,10,Married,White,Male,60,>50K
6148,19.0,Private,10,Single,White,Female,20,<=50K
6150,31.0,Self-emp,10,Married,Asian,Female,70,<=50K
6151,27.0,Private,9,Married,White,Male,40,<=50K
6152,46.0,Public,5,Single,Black,Female,40,<=50K
6153,37.0,Self-emp,14,Single,White,Male,40,<=50K
6154,27.0,Private,13,Single,Black,Female,40,<=50K
6155,33.0,Private,10,Single,White,Male,55,<=50K
6156,20.0,Private,10,Single,White,Male,16,<=50K
6157,55.0,Private,9,Single,White,Male,45,<=50K
6158,39.0,Private,12,Single,White,Female,40,<=50K
6159,41.0,Private,9,Single,White,Female,40,<=50K
6160,30.0,Private,13,Single,White,Female,40,<=50K
6161,39.0,Self-emp,13,Married,White,Male,40,<=50K
6162,28.0,Private,9,Single,White,Female,50,<=50K
6163,25.0,Private,10,Single,White,Male,24,<=50K
6164,31.0,Private,9,Married,White,Male,50,<=50K
6165,51.0,Private,9,Married,White,Male,60,<=50K
6166,24.0,Private,13,Single,White,Male,40,<=50K
6167,70.0,Private,9,Single,White,Female,32,<=50K
6168,23.0,Private,10,Single,White,Male,40,<=50K
6169,61.0,Private,9,Married,White,Female,40,<=50K
6170,45.0,Self-emp,4,Married,White,Male,55,>50K
6171,47.0,Private,9,Married,White,Male,60,<=50K
6172,56.0,Private,10,Single,White,Female,50,<=50K
6173,79.0,Private,16,Married,White,Male,35,>50K
6174,20.0,Private,10,Single,White,Female,15,<=50K
6175,30.0,Private,9,Single,Asian,Male,40,<=50K
6176,27.0,Private,13,Married,White,Male,25,<=50K
6177,40.0,Private,13,Married,White,Male,40,>50K
6178,60.0,Unknown,9,Married,White,Male,5,<=50K
6179,58.0,Private,9,Married,White,Male,40,>50K
6180,71.0,Self-emp,15,Married,White,Male,2,<=50K
6181,50.0,Private,15,Married,White,Male,60,>50K
6182,29.0,Public,10,Single,White,Male,40,<=50K
6183,33.0,Private,6,Single,White,Female,35,<=50K
6184,60.0,Public,9,Married,Amer-Indian,Male,40,>50K
6185,33.0,Private,12,Single,White,Male,50,<=50K
6186,43.0,Private,13,Married,White,Female,35,>50K
6187,33.0,Private,6,Single,Black,Male,40,<=50K
6188,33.0,Private,9,Married,White,Female,52,<=50K
6189,32.0,Public,9,Married,White,Male,45,<=50K
6190,21.0,Private,10,Single,White,Female,9,<=50K
6191,38.0,Private,9,Married,White,Female,40,<=50K
6192,38.0,Private,10,Married,White,Female,35,>50K
6193,39.0,Public,10,Single,Black,Female,30,<=50K
6194,17.0,Private,7,Single,White,Female,15,<=50K
6195,21.0,Private,10,Married,White,Male,40,<=50K
6196,42.0,Private,10,Married,White,Male,20,>50K
6197,42.0,Private,9,Married,White,Female,40,>50K
6199,32.0,Private,10,Single,White,Female,50,>50K
6200,37.0,Self-emp,13,Married,White,Male,40,>50K
6201,28.0,Private,13,Single,White,Male,40,<=50K
6202,37.0,Private,11,Married,White,Male,40,<=50K
6203,50.0,Private,9,Single,Hispanic,Female,60,<=50K
6204,49.0,Private,7,Married,White,Male,40,<=50K
6205,40.0,Private,14,Married,White,Male,40,>50K
6206,40.0,Private,10,Married,White,Male,40,<=50K
6207,49.0,Private,10,Married,White,Male,40,<=50K
6208,35.0,Public,14,Single,White,Male,40,>50K
6209,33.0,Public,9,Single,White,Male,40,<=50K
6210,24.0,Private,9,Single,White,Male,40,<=50K
6211,41.0,Private,14,Single,White,Female,40,<=50K
6212,43.0,Private,10,Married,Black,Male,40,>50K
6213,36.0,Self-emp,9,Married,White,Male,60,>50K
6214,84.0,Self-emp,13,Married,White,Male,20,<=50K
6215,23.0,Private,9,Single,White,Male,40,<=50K
6216,41.0,Private,13,Married,White,Male,50,>50K
6217,55.0,Self-emp,9,Married,White,Male,45,>50K
6218,30.0,Self-emp,10,Single,White,Male,45,<=50K
6219,46.0,Private,12,Married,Asian,Male,40,<=50K
6220,55.0,Private,10,Married,White,Male,40,>50K
6221,34.0,Private,10,Single,White,Male,40,<=50K
6222,54.0,Self-emp,14,Single,White,Male,60,<=50K
6223,27.0,Private,10,Single,Black,Male,40,<=50K
6224,52.0,Public,14,Married,White,Female,40,>50K
6225,36.0,Private,10,Married,Black,Female,40,>50K
6226,25.0,Self-emp,9,Single,White,Male,40,<=50K
6227,52.0,Private,13,Married,White,Male,55,>50K
6228,24.0,Private,9,Single,Amer-Indian,Female,50,<=50K
6229,36.0,Private,9,Single,Black,Female,40,<=50K
6230,31.0,Private,9,Married,White,Male,40,<=50K
6231,66.0,Unknown,10,Married,White,Male,20,<=50K
6232,90.0,Self-emp,13,Married,White,Male,50,<=50K
6233,67.0,Private,14,Married,White,Male,60,>50K
6234,22.0,Self-emp,4,Married,White,Male,40,<=50K
6235,47.0,Private,10,Single,White,Female,35,<=50K
6236,32.0,Private,13,Married,White,Male,55,>50K
6237,55.0,Self-emp,4,Married,White,Male,50,<=50K
6238,32.0,Private,9,Single,White,Female,35,<=50K
6239,48.0,Private,10,Single,Black,Female,40,<=50K
6240,21.0,Private,9,Married,Hispanic,Male,35,<=50K
6241,33.0,Private,12,Married,White,Female,40,<=50K
6242,27.0,Private,10,Single,White,Female,48,<=50K
6243,47.0,Private,11,Single,White,Female,40,<=50K
6244,18.0,Private,7,Single,White,Female,24,<=50K
6245,44.0,Self-emp,9,Married,White,Male,60,>50K
6246,23.0,Private,10,Single,White,Male,37,<=50K
6247,18.0,Private,6,Single,White,Female,35,<=50K
6248,56.0,Private,9,Married,White,Male,50,<=50K
6249,24.0,Private,13,Single,White,Male,35,<=50K
6250,43.0,Private,13,Married,White,Male,40,>50K
6251,23.0,Private,13,Single,White,Female,60,<=50K
6252,26.0,Private,10,Single,White,Male,42,<=50K
6253,42.0,Private,9,Married,White,Male,40,<=50K
6254,23.0,Private,9,Single,White,Female,40,<=50K
6255,53.0,Self-emp,6,Married,White,Male,40,<=50K
6256,51.0,Private,9,Married,White,Male,55,>50K
6257,40.0,Private,9,Single,White,Male,25,<=50K
6258,27.0,Private,13,Single,White,Male,50,<=50K
6259,24.0,Public,10,Single,White,Male,60,<=50K
6260,42.0,Private,9,Single,White,Female,40,<=50K
6261,41.0,Private,9,Single,White,Female,40,<=50K
6262,23.0,Private,10,Single,White,Male,10,<=50K
6263,42.0,Self-emp,14,Married,White,Male,65,<=50K
6264,38.0,Private,9,Married,White,Male,40,>50K
6265,63.0,Self-emp,4,Married,White,Male,30,<=50K
6266,31.0,Private,9,Married,White,Male,40,<=50K
6267,18.0,Self-emp,7,Single,White,Female,4,<=50K
6268,21.0,Private,10,Single,White,Male,30,<=50K
6269,24.0,Private,13,Married,Asian,Female,40,<=50K
6271,20.0,Private,5,Single,Black,Female,20,<=50K
6272,31.0,Private,10,Single,White,Female,30,<=50K
6273,23.0,Private,10,Single,White,Female,20,<=50K
6274,35.0,Private,9,Married,White,Male,40,<=50K
6275,51.0,Self-emp,10,Married,White,Male,60,<=50K
6276,19.0,Private,10,Single,White,Female,30,<=50K
6277,38.0,Public,9,Single,White,Male,56,<=50K
6278,52.0,Public,9,Married,White,Male,40,<=50K
6279,70.0,Self-emp,15,Married,White,Male,25,<=50K
6280,53.0,Private,6,Single,White,Male,40,<=50K
6281,59.0,Private,16,Married,White,Male,40,>50K
6282,39.0,Private,10,Married,White,Male,43,<=50K
6283,18.0,Private,8,Single,White,Female,20,<=50K
6284,41.0,Unknown,9,Single,White,Female,30,<=50K
6285,19.0,Unknown,10,Single,White,Male,10,<=50K
6286,24.0,Private,10,Single,White,Female,40,<=50K
6287,25.0,Private,9,Single,White,Female,38,<=50K
6288,32.0,Private,10,Single,Black,Male,40,<=50K
6289,34.0,Self-emp,9,Married,White,Male,60,>50K
6290,35.0,Private,9,Single,White,Female,40,<=50K
6291,50.0,Private,9,Married,White,Male,45,>50K
6292,18.0,Private,9,Single,White,Male,20,<=50K
6293,37.0,Private,9,Single,White,Male,42,<=50K
6294,30.0,Private,10,Single,White,Female,36,<=50K
6295,40.0,Self-emp,14,Married,White,Female,30,>50K
6296,22.0,Private,9,Single,White,Female,40,<=50K
6297,50.0,Public,10,Single,Black,Female,28,<=50K
6298,70.0,Private,9,Single,White,Female,23,<=50K
6299,43.0,Private,14,Married,White,Male,40,>50K
6300,77.0,Self-emp,10,Single,White,Male,40,<=50K
6302,33.0,Private,10,Married,White,Male,39,<=50K
6303,51.0,Private,10,Married,White,Male,50,>50K
6304,58.0,Public,14,Married,White,Male,50,>50K
6305,22.0,Private,10,Single,White,Male,12,<=50K
6306,33.0,Private,9,Married,Black,Male,40,<=50K
6307,27.0,Private,7,Married,White,Male,40,<=50K
6308,35.0,Private,10,Single,White,Male,60,<=50K
6309,32.0,Private,10,Single,White,Female,55,<=50K
6310,41.0,Private,13,Married,White,Female,25,>50K
6311,37.0,Private,10,Married,White,Male,40,<=50K
6312,17.0,Private,7,Single,White,Male,15,<=50K
6313,50.0,Private,13,Single,White,Male,55,>50K
6314,31.0,Unknown,9,Married,Asian,Male,40,<=50K
6315,54.0,Public,9,Single,White,Female,38,<=50K
6316,23.0,Public,9,Single,Black,Male,40,<=50K
6317,40.0,Private,13,Single,White,Female,20,<=50K
6318,29.0,Private,13,Married,White,Male,40,<=50K
6319,38.0,Private,9,Married,White,Male,35,<=50K
6320,30.0,Private,11,Married,White,Male,55,<=50K
6321,20.0,Private,10,Single,Asian,Male,8,<=50K
6322,43.0,Self-emp,10,Married,White,Male,50,<=50K
6323,25.0,Private,10,Single,White,Male,25,<=50K
6324,39.0,Private,14,Married,White,Male,50,>50K
6325,48.0,Private,12,Married,White,Male,50,>50K
6326,41.0,Self-emp,9,Single,White,Female,40,<=50K
6327,24.0,Private,13,Single,White,Male,30,<=50K
6328,20.0,Private,10,Single,White,Male,40,<=50K
6329,25.0,Private,10,Single,White,Female,40,<=50K
6330,57.0,Private,10,Married,White,Male,40,>50K
6331,39.0,Private,10,Married,White,Female,35,>50K
6332,66.0,Private,13,Married,White,Male,40,>50K
6333,34.0,Private,10,Single,White,Female,40,<=50K
6334,36.0,Private,13,Single,White,Male,40,>50K
6335,46.0,Private,9,Married,White,Female,40,<=50K
6336,42.0,Public,14,Single,White,Female,45,<=50K
6337,46.0,Private,9,Married,White,Male,70,>50K
6338,34.0,Public,9,Single,White,Male,40,<=50K
6339,43.0,Private,10,Married,Black,Female,40,<=50K
6340,42.0,Private,10,Single,White,Female,40,<=50K
6341,31.0,Private,13,Single,White,Male,48,<=50K
6342,70.0,Unknown,10,Married,White,Male,30,<=50K
6343,32.0,Private,10,Married,White,Male,40,<=50K
6344,46.0,Public,9,Married,White,Male,40,>50K
6345,42.0,Self-emp,4,Single,White,Male,25,<=50K
6346,21.0,Private,11,Single,White,Male,40,<=50K
6347,24.0,Private,13,Single,White,Female,40,<=50K
6348,23.0,Private,9,Single,White,Male,55,<=50K
6349,50.0,Public,14,Married,White,Male,40,>50K
6350,37.0,Private,10,Single,White,Female,45,<=50K
6351,19.0,Unknown,7,Single,White,Female,30,<=50K
6352,44.0,Public,12,Married,White,Male,40,>50K
6353,29.0,Private,9,Married,Black,Male,40,<=50K
6354,30.0,Private,11,Married,White,Female,24,<=50K
6355,36.0,Private,10,Married,White,Male,44,<=50K
6356,49.0,Self-emp,13,Single,White,Male,45,<=50K
6357,29.0,Private,9,Single,White,Male,40,<=50K
6358,45.0,Public,9,Single,Black,Female,40,<=50K
6359,75.0,Public,16,Married,Black,Male,20,>50K
6360,42.0,Private,9,Single,White,Female,40,<=50K
6361,37.0,Private,12,Single,White,Female,40,<=50K
6362,51.0,Private,13,Married,White,Male,25,<=50K
6363,61.0,Public,9,Married,White,Male,48,<=50K
6364,33.0,Private,12,Single,White,Female,55,<=50K
6365,50.0,Public,9,Married,Black,Male,40,<=50K
6366,59.0,Private,9,Single,White,Male,40,<=50K
6367,25.0,Private,9,Single,White,Female,30,<=50K
6368,22.0,Private,9,Single,White,Male,16,<=50K
6369,56.0,Private,10,Married,White,Male,40,>50K
6370,44.0,Private,13,Single,Black,Female,40,<=50K
6371,35.0,Private,11,Married,White,Male,50,<=50K
6372,57.0,Private,9,Single,White,Male,40,<=50K
6373,47.0,Self-emp,9,Married,White,Male,50,>50K
6374,27.0,Private,13,Single,White,Female,40,<=50K
6375,50.0,Self-emp,9,Married,White,Male,20,<=50K
6376,30.0,Private,13,Single,Black,Male,40,<=50K
6377,46.0,Private,7,Married,Black,Male,40,<=50K
6378,48.0,Self-emp,15,Married,White,Male,60,>50K
6379,61.0,Private,13,Single,White,Male,40,>50K
6380,33.0,Private,9,Single,White,Male,87,<=50K
6381,40.0,Private,9,Married,Black,Male,40,<=50K
6382,58.0,Self-emp,10,Married,White,Male,65,>50K
6383,46.0,Self-emp,14,Married,White,Male,50,>50K
6384,35.0,Private,10,Married,White,Male,40,>50K
6385,51.0,Self-emp,10,Single,White,Female,50,<=50K
6387,64.0,Private,14,Married,Asian,Male,60,<=50K
6388,41.0,Private,9,Single,White,Male,54,<=50K
6389,18.0,Private,7,Single,White,Male,30,<=50K
6390,44.0,Self-emp,7,Married,White,Male,88,<=50K
6391,41.0,Public,13,Married,Amer-Indian,Female,48,>50K
6392,33.0,Public,10,Single,White,Male,40,>50K
6393,37.0,Private,5,Single,White,Female,16,<=50K
6394,34.0,Private,10,Single,White,Female,40,<=50K
6395,24.0,Public,13,Single,White,Female,40,<=50K
6396,20.0,Private,10,Single,White,Male,40,<=50K
6397,38.0,Private,13,Married,White,Male,40,<=50K
6398,28.0,Private,11,Single,White,Female,40,<=50K
6399,20.0,Self-emp,9,Single,White,Male,45,<=50K
6400,22.0,Public,13,Single,White,Male,8,<=50K
6401,55.0,Private,13,Single,White,Female,73,<=50K
6402,20.0,Private,10,Single,White,Male,35,<=50K
6403,26.0,Private,13,Single,White,Female,40,<=50K
6404,20.0,Self-emp,9,Single,White,Male,70,<=50K
6405,40.0,Private,5,Single,White,Female,40,<=50K
6406,33.0,Private,9,Married,White,Male,50,>50K
6407,54.0,Unknown,10,Single,White,Male,50,<=50K
6408,24.0,Private,9,Single,White,Female,40,<=50K
6409,25.0,Private,10,Single,White,Male,46,<=50K
6410,18.0,Private,7,Single,White,Male,8,<=50K
6412,17.0,Private,8,Single,White,Male,17,<=50K
6413,34.0,Self-emp,11,Married,White,Male,45,<=50K
6414,37.0,Private,13,Married,White,Male,45,>50K
6415,49.0,Public,10,Married,White,Male,40,>50K
6416,74.0,Private,9,Married,White,Female,40,>50K
6417,37.0,Private,9,Single,White,Male,40,<=50K
6418,20.0,Private,7,Married,White,Male,40,<=50K
6419,40.0,Private,9,Married,White,Female,35,>50K
6420,34.0,Private,13,Single,White,Male,40,>50K
6421,30.0,Private,15,Married,Black,Male,40,<=50K
6422,44.0,Private,9,Single,White,Female,40,<=50K
6423,40.0,Private,6,Married,Black,Female,32,<=50K
6424,58.0,Private,9,Married,White,Female,40,<=50K
6425,44.0,Private,9,Married,White,Male,40,<=50K
6426,42.0,Private,10,Married,White,Male,25,>50K
6427,39.0,Private,9,Single,White,Male,18,<=50K
6428,19.0,Private,9,Single,Black,Male,40,<=50K
6429,41.0,Private,14,Married,White,Male,70,>50K
6430,29.0,Public,14,Single,White,Male,40,<=50K
6431,34.0,Public,10,Single,White,Male,40,<=50K
6432,38.0,Unknown,10,Married,White,Male,15,<=50K
6433,27.0,Private,1,Married,White,Male,24,<=50K
6434,54.0,Private,10,Single,White,Female,48,<=50K
6435,40.0,Private,9,Married,Black,Female,37,<=50K
6436,19.0,Private,10,Single,White,Female,25,<=50K
6437,17.0,Private,7,Single,White,Male,10,<=50K
6439,80.0,Private,4,Married,White,Female,24,<=50K
6440,24.0,Self-emp,9,Single,White,Male,50,<=50K
6441,28.0,Private,13,Single,White,Male,40,<=50K
6442,55.0,Private,9,Married,White,Female,30,>50K
6443,21.0,Private,10,Single,White,Male,40,<=50K
6444,51.0,Private,9,Single,White,Female,38,<=50K
6445,19.0,Private,9,Single,Black,Female,40,<=50K
6446,42.0,Private,9,Single,White,Female,24,<=50K
6447,60.0,Self-emp,9,Married,White,Male,48,<=50K
6448,20.0,Unknown,10,Single,Black,Female,40,<=50K
6449,51.0,Private,9,Single,White,Female,40,<=50K
6450,21.0,Private,10,Single,White,Female,40,<=50K
6451,37.0,Public,10,Married,White,Male,40,<=50K
6452,26.0,Private,9,Single,White,Male,52,<=50K
6453,42.0,Public,14,Single,White,Female,60,>50K
6454,40.0,Private,10,Married,White,Male,40,<=50K
6455,55.0,Private,14,Married,White,Male,40,>50K
6456,33.0,Private,9,Single,Black,Male,32,<=50K
6457,62.0,Private,9,Married,White,Male,60,>50K
6458,47.0,Private,6,Single,White,Female,30,<=50K
6459,26.0,Private,8,Single,Black,Male,51,<=50K
6460,59.0,Private,9,Married,White,Female,20,<=50K
6461,70.0,Public,10,Married,White,Female,17,<=50K
6462,26.0,Private,10,Single,White,Female,20,<=50K
6463,47.0,Private,6,Married,White,Male,65,<=50K
6464,25.0,Private,14,Single,White,Female,43,<=50K
6465,52.0,Self-emp,15,Married,White,Male,60,>50K
6466,46.0,Private,9,Married,White,Male,40,<=50K
6467,67.0,Private,6,Married,Amer-Indian,Male,20,<=50K
6468,34.0,Private,14,Married,White,Male,50,>50K
6469,53.0,Public,10,Single,White,Female,40,<=50K
6470,22.0,Private,13,Single,White,Female,35,<=50K
6471,39.0,Public,9,Single,White,Male,42,<=50K
6472,54.0,Self-emp,9,Married,White,Male,35,<=50K
6473,24.0,Private,13,Married,White,Male,40,<=50K
6474,37.0,Private,9,Single,White,Female,38,<=50K
6475,38.0,Private,6,Single,White,Male,90,>50K
6476,41.0,Public,14,Single,Black,Female,40,<=50K
6477,36.0,Private,9,Married,White,Male,33,<=50K
6479,39.0,Private,13,Single,White,Male,40,<=50K
6480,26.0,Private,13,Single,White,Male,45,<=50K
6481,49.0,Public,14,Single,White,Female,40,<=50K
6482,37.0,Self-emp,13,Married,White,Male,55,>50K
6483,43.0,Private,10,Married,White,Male,50,>50K
6484,54.0,Public,9,Married,White,Male,40,>50K
6485,53.0,Self-emp,3,Married,White,Male,40,>50K
6486,57.0,Public,14,Married,White,Male,60,<=50K
6487,28.0,Private,13,Married,White,Male,40,>50K
6488,29.0,Private,13,Married,White,Male,40,<=50K
6489,21.0,Private,9,Single,White,Male,40,<=50K
6490,51.0,Private,9,Married,White,Male,40,<=50K
6491,46.0,Public,9,Married,White,Male,40,<=50K
6492,50.0,Self-emp,15,Married,White,Male,75,>50K
6493,50.0,Self-emp,9,Married,Asian,Female,48,<=50K
6494,36.0,Private,9,Single,White,Female,40,<=50K
6495,31.0,Public,13,Married,White,Male,40,<=50K
6496,20.0,Private,9,Single,White,Female,10,<=50K
6497,36.0,Private,9,Married,White,Male,40,<=50K
6498,38.0,Private,9,Single,White,Male,40,<=50K
6499,37.0,Private,13,Married,White,Male,45,>50K
6500,39.0,Private,14,Married,White,Male,40,>50K
6501,18.0,Private,6,Single,White,Male,36,<=50K
6502,33.0,Private,9,Single,White,Male,50,<=50K
6503,35.0,Private,9,Single,White,Female,40,<=50K
6504,23.0,Private,10,Single,Amer-Indian,Male,40,<=50K
6505,37.0,Private,13,Single,Asian,Female,36,<=50K
6506,25.0,Private,9,Married,White,Male,30,<=50K
6507,51.0,Public,12,Married,Black,Male,40,<=50K
6508,35.0,Private,9,Married,White,Male,40,<=50K
6509,54.0,Private,7,Married,White,Male,40,<=50K
6510,66.0,Unknown,9,Married,White,Male,30,<=50K
6511,32.0,Private,9,Single,Black,Female,13,<=50K
6512,37.0,Self-emp,13,Single,White,Male,55,>50K
6513,29.0,Private,13,Married,White,Male,40,>50K
6514,45.0,Private,13,Married,White,Male,37,<=50K
6515,61.0,Self-emp,10,Married,White,Male,40,<=50K
6516,40.0,Private,10,Single,White,Female,40,<=50K
6517,24.0,Private,9,Single,White,Female,49,<=50K
6518,49.0,Private,4,Married,Hispanic,Male,38,<=50K
6519,51.0,Self-emp,14,Single,White,Male,50,>50K
6520,34.0,Private,9,Married,White,Male,40,<=50K
6521,28.0,Unknown,9,Single,White,Female,40,<=50K
6522,20.0,Private,10,Single,White,Male,40,<=50K
6523,30.0,Private,10,Single,Black,Female,37,<=50K
6524,49.0,Self-emp,14,Single,White,Male,80,>50K
6525,26.0,Private,10,Single,White,Male,40,<=50K
6526,63.0,Private,6,Married,White,Male,45,<=50K
6527,36.0,Private,12,Single,White,Male,55,<=50K
6528,63.0,Self-emp,13,Married,White,Male,40,>50K
6529,22.0,Private,9,Single,White,Female,10,<=50K
6530,40.0,Private,9,Married,White,Male,40,>50K
6531,31.0,Private,4,Married,White,Female,35,<=50K
6532,49.0,Private,10,Married,White,Male,50,<=50K
6533,35.0,Private,14,Single,White,Male,55,>50K
6534,23.0,Public,13,Single,White,Female,20,<=50K
6535,25.0,Private,11,Single,White,Male,40,>50K
6536,34.0,Unknown,9,Married,White,Male,40,<=50K
6537,28.0,Private,13,Married,White,Male,45,>50K
6538,44.0,Self-emp,10,Single,White,Male,35,<=50K
6539,33.0,Private,9,Single,White,Male,40,<=50K
6540,21.0,Private,10,Single,White,Male,45,<=50K
6541,55.0,Private,7,Married,Black,Male,40,<=50K
6542,17.0,Unknown,7,Single,White,Female,8,<=50K
6543,75.0,Self-emp,9,Single,White,Male,15,<=50K
6544,61.0,Private,5,Single,Black,Female,40,<=50K
6545,53.0,Private,9,Single,White,Female,40,<=50K
6546,26.0,Public,12,Married,White,Male,45,>50K
6547,48.0,Private,10,Married,White,Male,50,>50K
6548,28.0,Public,14,Married,White,Male,50,>50K
6549,30.0,Unknown,13,Single,Asian,Female,50,<=50K
6550,29.0,Private,9,Married,White,Male,45,<=50K
6551,25.0,Private,10,Single,White,Female,40,<=50K
6552,37.0,Private,9,Married,White,Male,40,<=50K
6553,43.0,Public,13,Single,White,Female,55,<=50K
6554,40.0,Public,9,Married,White,Male,40,<=50K
6555,34.0,Private,6,Married,White,Male,45,>50K
6556,55.0,Private,16,Married,White,Male,30,>50K
6557,31.0,Public,12,Single,White,Male,20,<=50K
6558,21.0,Unknown,10,Single,White,Female,40,<=50K
6559,32.0,Self-emp,9,Married,White,Male,40,<=50K
6560,26.0,Public,15,Single,Asian,Male,50,<=50K
6561,26.0,Private,13,Married,White,Male,50,>50K
6562,44.0,Private,10,Married,White,Male,40,<=50K
6563,49.0,Private,9,Married,White,Male,52,>50K
6564,21.0,Unknown,9,Single,Black,Female,30,<=50K
6565,26.0,Private,9,Single,Black,Female,30,<=50K
6566,40.0,Self-emp,9,Married,White,Male,60,<=50K
6567,19.0,Self-emp,7,Single,White,Female,40,<=50K
6568,58.0,Private,9,Married,White,Male,40,<=50K
6569,61.0,Private,11,Married,White,Male,40,>50K
6570,28.0,Self-emp,10,Married,Asian,Male,63,<=50K
6571,26.0,Private,13,Single,White,Male,40,<=50K
6572,64.0,Private,9,Single,White,Female,25,<=50K
6573,42.0,Self-emp,13,Married,White,Male,60,>50K
6574,41.0,Private,10,Married,White,Male,40,>50K
6575,45.0,Private,9,Single,White,Male,40,<=50K
6576,39.0,Private,13,Married,White,Male,50,>50K
6577,41.0,Public,9,Married,White,Male,40,<=50K
6578,51.0,Private,7,Single,Black,Female,40,<=50K
6579,34.0,Private,11,Single,White,Female,40,<=50K
6580,33.0,Private,14,Married,White,Male,45,>50K
6581,23.0,Private,10,Single,White,Male,40,>50K
6582,35.0,Self-emp,10,Married,Amer-Indian,Male,60,<=50K
6583,41.0,Private,7,Single,White,Female,25,<=50K
6584,39.0,Private,14,Single,White,Female,50,<=50K
6585,41.0,Private,10,Married,White,Male,55,<=50K
6586,33.0,Self-emp,10,Married,White,Male,40,<=50K
6587,22.0,Private,9,Single,White,Male,40,<=50K
6588,25.0,Private,10,Single,White,Female,45,<=50K
6589,25.0,Private,10,Single,White,Female,40,<=50K
6590,77.0,Self-emp,4,Married,White,Male,20,>50K
6591,33.0,Unknown,11,Single,White,Female,40,<=50K
6592,66.0,Private,9,Married,White,Female,40,<=50K
6593,19.0,Private,10,Single,White,Male,35,<=50K
6594,44.0,Private,9,Single,Black,Female,38,<=50K
6595,45.0,Self-emp,14,Single,White,Female,42,>50K
6596,28.0,Private,10,Single,White,Male,50,<=50K
6597,19.0,Private,9,Single,White,Male,40,<=50K
6598,43.0,Private,9,Married,Black,Male,40,>50K
6599,39.0,Private,13,Married,White,Male,40,>50K
6600,33.0,Private,13,Married,White,Male,50,<=50K
6601,44.0,Private,9,Married,Black,Female,40,<=50K
6602,62.0,Private,4,Married,White,Female,40,<=50K
6603,40.0,Private,10,Married,White,Male,50,>50K
6604,41.0,Private,9,Single,White,Male,6,<=50K
6605,23.0,Public,10,Single,Black,Male,30,<=50K
6606,48.0,Private,9,Married,White,Male,40,>50K
6607,38.0,Private,14,Married,White,Male,45,<=50K
6608,37.0,Private,14,Married,White,Male,50,>50K
6609,45.0,Private,14,Married,White,Male,55,>50K
6610,29.0,Private,9,Married,White,Male,40,<=50K
6611,66.0,Public,9,Married,White,Female,25,<=50K
6612,19.0,Private,9,Single,White,Female,50,<=50K
6613,23.0,Private,5,Single,White,Male,39,<=50K
6614,34.0,Private,13,Married,White,Male,40,>50K
6615,39.0,Private,14,Single,White,Female,45,<=50K
6616,33.0,Self-emp,9,Single,White,Male,60,<=50K
6617,43.0,Private,10,Single,White,Female,10,<=50K
6618,27.0,Private,9,Married,White,Male,99,<=50K
6619,33.0,Public,10,Single,Black,Male,35,<=50K
6620,26.0,Private,3,Married,White,Male,30,<=50K
6621,56.0,Self-emp,14,Single,White,Male,60,>50K
6622,46.0,Private,9,Married,White,Male,36,<=50K
6623,38.0,Private,12,Single,White,Female,40,<=50K
6624,90.0,Private,7,Married,White,Male,40,<=50K
6625,72.0,Self-emp,10,Married,White,Male,25,>50K
6626,20.0,Private,9,Single,Asian,Female,15,<=50K
6627,29.0,Private,9,Married,Amer-Indian,Male,48,<=50K
6628,49.0,Private,7,Married,White,Male,75,<=50K
6629,23.0,Private,9,Single,White,Female,35,<=50K
6630,20.0,Private,10,Married,Black,Female,18,<=50K
6631,57.0,Private,13,Married,Asian,Male,40,<=50K
6632,46.0,Private,12,Single,White,Female,40,<=50K
6633,33.0,Private,13,Married,White,Male,40,>50K
6634,24.0,Private,13,Single,White,Male,55,<=50K
6635,49.0,Private,11,Married,White,Male,45,<=50K
6636,54.0,Private,9,Married,White,Male,65,<=50K
6637,46.0,Public,16,Single,White,Female,50,>50K
6638,31.0,Self-emp,11,Married,White,Male,50,<=50K
6639,43.0,Self-emp,15,Married,White,Male,40,>50K
6640,18.0,Unknown,10,Single,White,Female,6,<=50K
6641,19.0,Private,9,Single,White,Male,40,<=50K
6642,46.0,Private,12,Single,White,Male,40,<=50K
6643,43.0,Private,13,Single,White,Male,40,<=50K
6644,58.0,Private,9,Married,White,Male,40,<=50K
6645,43.0,Self-emp,9,Married,White,Male,45,<=50K
6646,37.0,Unknown,10,Single,White,Male,40,<=50K
6647,21.0,Public,8,Single,Black,Male,25,<=50K
6648,52.0,Public,14,Single,White,Male,70,>50K
6649,34.0,Private,11,Married,White,Male,32,>50K
6650,28.0,Private,11,Single,White,Female,40,<=50K
6651,34.0,Private,9,Single,White,Male,40,<=50K
6652,29.0,Private,9,Married,White,Male,40,>50K
6653,39.0,Private,9,Married,White,Male,65,<=50K
6654,49.0,Private,7,Single,Black,Female,35,<=50K
6655,35.0,Private,10,Married,Black,Male,50,>50K
6656,31.0,Private,10,Single,White,Female,20,<=50K
6657,18.0,Private,10,Single,White,Male,30,<=50K
6658,47.0,Public,9,Married,White,Male,40,>50K
6659,46.0,Private,9,Married,White,Male,50,<=50K
6660,43.0,Private,13,Married,White,Male,40,>50K
6661,51.0,Public,9,Married,White,Male,40,>50K
6662,21.0,Private,10,Single,White,Female,40,<=50K
6663,18.0,Unknown,10,Single,White,Male,40,<=50K
6664,31.0,Public,13,Married,White,Female,35,>50K
6665,39.0,Public,9,Married,White,Male,40,>50K
6666,58.0,Private,7,Married,White,Male,48,<=50K
6667,36.0,Private,14,Single,White,Female,40,<=50K
6668,38.0,Private,9,Married,White,Female,40,<=50K
6669,31.0,Private,13,Married,White,Female,35,>50K
6670,19.0,Private,7,Single,White,Male,40,<=50K
6671,38.0,Private,11,Single,White,Female,36,<=50K
6672,26.0,Private,11,Single,Hispanic,Female,60,<=50K
6673,38.0,Private,12,Single,White,Female,16,<=50K
6674,36.0,Private,10,Married,White,Male,45,<=50K
6675,40.0,Private,9,Married,White,Male,45,>50K
6676,25.0,Private,13,Single,Black,Male,40,<=50K
6677,41.0,Private,13,Married,White,Female,25,>50K
6678,33.0,Private,9,Single,White,Male,45,<=50K
6679,63.0,Unknown,9,Married,White,Male,16,<=50K
6680,51.0,Private,9,Married,White,Male,40,<=50K
6681,34.0,Private,9,Married,White,Male,40,<=50K
6682,33.0,Private,11,Single,White,Male,40,<=50K
6683,25.0,Private,6,Married,White,Male,45,<=50K
6684,30.0,Self-emp,9,Single,White,Male,66,<=50K
6685,19.0,Private,10,Single,White,Male,25,<=50K
6686,47.0,Private,9,Married,White,Female,40,>50K
6687,26.0,Private,13,Single,White,Female,40,<=50K
6688,21.0,Public,10,Single,White,Female,14,<=50K
6689,36.0,Private,9,Married,White,Male,60,>50K
6690,60.0,Private,6,Married,White,Male,40,<=50K
6691,28.0,Private,9,Single,Black,Male,40,<=50K
6692,19.0,Private,9,Single,White,Female,14,<=50K
6693,42.0,Private,13,Married,White,Male,90,<=50K
6694,36.0,Private,9,Single,Black,Female,36,<=50K
6695,35.0,Private,9,Married,White,Female,38,<=50K
6696,22.0,Private,10,Single,White,Female,25,<=50K
6697,54.0,Private,9,Married,White,Male,40,>50K
6698,36.0,Private,13,Married,White,Male,45,<=50K
6699,55.0,Private,9,Married,White,Male,65,<=50K
6700,57.0,Private,14,Married,White,Male,40,<=50K
6701,56.0,Private,4,Married,White,Male,36,<=50K
6702,24.0,Private,9,Married,White,Male,50,<=50K
6703,35.0,Public,13,Married,White,Male,40,>50K
6704,51.0,Self-emp,7,Single,White,Male,40,<=50K
6705,34.0,Private,9,Single,White,Male,44,<=50K
6706,36.0,Private,12,Single,White,Female,42,<=50K
6707,51.0,Public,5,Single,White,Female,40,<=50K
6708,46.0,Self-emp,16,Married,White,Male,60,>50K
6709,42.0,Private,9,Single,Black,Female,50,<=50K
6711,22.0,Private,9,Single,White,Male,50,<=50K
6712,37.0,Private,9,Married,White,Male,40,<=50K
6713,48.0,Private,13,Single,White,Male,40,>50K
6714,61.0,Private,13,Married,White,Male,50,>50K
6715,40.0,Private,8,Married,Black,Male,40,<=50K
6716,58.0,Self-emp,9,Married,White,Female,20,>50K
6717,52.0,Private,9,Married,White,Male,20,<=50K
6718,18.0,Private,7,Single,Black,Male,20,<=50K
6719,27.0,Private,6,Married,White,Male,40,<=50K
6720,48.0,Self-emp,10,Married,White,Male,45,<=50K
6721,63.0,Private,5,Married,White,Male,16,<=50K
6722,38.0,Self-emp,9,Married,White,Male,60,<=50K
6723,31.0,Private,10,Married,White,Male,40,<=50K
6724,40.0,Self-emp,10,Married,White,Male,60,<=50K
6725,41.0,Private,9,Single,White,Male,40,<=50K
6726,28.0,Private,13,Single,White,Female,40,<=50K
6727,31.0,Private,15,Single,White,Male,50,>50K
6728,32.0,Private,11,Married,White,Male,55,>50K
6729,30.0,Private,9,Single,Black,Male,72,<=50K
6730,39.0,Public,9,Single,White,Male,40,<=50K
6731,28.0,Private,13,Married,White,Male,50,<=50K
6732,31.0,Private,9,Single,Black,Female,35,<=50K
6733,21.0,Unknown,10,Single,White,Male,20,<=50K
6734,33.0,Unknown,9,Single,White,Female,40,<=50K
6735,44.0,Public,14,Married,White,Male,40,>50K
6738,36.0,Private,12,Married,White,Male,35,<=50K
6739,39.0,Private,14,Single,White,Male,40,<=50K
6740,61.0,Private,10,Married,White,Male,40,<=50K
6741,31.0,Private,9,Single,White,Male,40,<=50K
6742,21.0,Private,10,Single,White,Female,25,<=50K
6743,39.0,Self-emp,10,Married,White,Male,90,<=50K
6744,34.0,Self-emp,9,Married,White,Male,80,<=50K
6745,21.0,Private,10,Single,White,Male,15,<=50K
6746,75.0,Self-emp,13,Married,White,Male,48,>50K
6747,21.0,Private,10,Single,White,Male,24,<=50K
6748,81.0,Private,10,Married,White,Male,15,<=50K
6749,54.0,Self-emp,9,Single,White,Male,40,<=50K
6750,34.0,Private,13,Married,White,Male,65,<=50K
6751,54.0,Self-emp,15,Married,Asian,Male,50,>50K
6752,41.0,Private,9,Married,Amer-Indian,Male,45,<=50K
6753,61.0,Unknown,13,Single,White,Female,40,<=50K
6754,63.0,Private,9,Married,White,Male,20,<=50K
6755,24.0,Private,10,Single,White,Male,40,<=50K
6756,20.0,Private,9,Married,White,Female,40,<=50K
6757,44.0,Public,13,Single,White,Female,60,<=50K
6758,47.0,Self-emp,13,Married,White,Male,40,>50K
6759,31.0,Private,10,Married,White,Male,40,<=50K
6760,41.0,Private,4,Single,White,Male,40,<=50K
6761,53.0,Self-emp,9,Married,White,Male,60,<=50K
6762,63.0,Private,9,Married,White,Female,40,<=50K
6763,44.0,Private,14,Married,White,Male,45,>50K
6764,37.0,Private,9,Married,White,Male,46,>50K
6765,28.0,Private,10,Married,White,Male,50,>50K
6766,71.0,Unknown,10,Married,White,Male,10,<=50K
6767,57.0,Private,9,Single,White,Female,40,<=50K
6768,22.0,Private,10,Single,White,Male,10,<=50K
6769,33.0,Public,13,Married,White,Male,45,>50K
6770,30.0,Private,10,Single,White,Female,55,<=50K
6771,20.0,Private,9,Single,White,Male,40,<=50K
6772,28.0,Private,13,Single,White,Female,45,<=50K
6773,54.0,Private,7,Single,Black,Female,10,<=50K
6774,20.0,Private,9,Single,White,Male,35,<=50K
6775,34.0,Private,9,Married,White,Male,40,<=50K
6776,21.0,Private,10,Single,White,Male,40,<=50K
6777,29.0,Public,10,Single,White,Female,40,<=50K
6778,51.0,Private,10,Single,White,Female,40,<=50K
6779,39.0,Private,9,Single,Black,Female,70,<=50K
6780,19.0,Private,10,Single,Black,Female,38,<=50K
6781,22.0,Public,9,Single,White,Male,40,<=50K
6782,59.0,Public,10,Single,White,Female,38,<=50K
6783,18.0,Private,7,Single,White,Male,13,<=50K
6784,22.0,Private,9,Single,White,Male,20,<=50K
6785,42.0,Public,10,Married,White,Male,40,>50K
6786,39.0,Private,12,Single,White,Male,40,<=50K
6787,31.0,Private,13,Married,White,Male,40,>50K
6788,28.0,Private,7,Single,White,Female,40,<=50K
6789,22.0,Private,13,Single,White,Female,7,<=50K
6790,67.0,Private,14,Single,White,Female,40,<=50K
6791,17.0,Private,7,Single,White,Female,25,<=50K
6792,47.0,Public,12,Married,White,Male,40,>50K
6793,23.0,Private,13,Single,White,Female,5,<=50K
6794,20.0,Private,9,Married,White,Female,40,<=50K
6795,22.0,Private,9,Single,White,Female,40,<=50K
6796,47.0,Public,4,Married,White,Male,40,<=50K
6797,49.0,Private,10,Married,White,Female,40,>50K
6798,64.0,Unknown,10,Married,White,Male,20,<=50K
6799,35.0,Public,10,Single,Black,Female,40,<=50K
6800,52.0,Public,10,Single,White,Female,40,<=50K
6801,29.0,Private,9,Single,White,Female,40,<=50K
6802,73.0,Self-emp,6,Married,White,Female,40,<=50K
6803,38.0,Self-emp,9,Married,White,Male,50,>50K
6804,59.0,Self-emp,9,Married,White,Male,52,>50K
6805,35.0,Private,10,Married,White,Male,35,<=50K
6806,18.0,Private,10,Single,White,Female,15,<=50K
6807,24.0,Private,9,Married,Black,Female,40,<=50K
6808,33.0,Public,13,Married,White,Male,50,<=50K
6809,40.0,Private,10,Single,Black,Female,55,<=50K
6810,55.0,Private,9,Married,White,Female,40,<=50K
6811,44.0,Private,9,Single,White,Male,40,<=50K
6812,40.0,Private,13,Single,White,Female,60,<=50K
6813,22.0,Private,9,Single,White,Male,40,<=50K
6814,55.0,Private,10,Married,White,Female,40,>50K
6815,45.0,Private,9,Single,White,Female,26,<=50K
6816,47.0,Public,13,Single,White,Female,50,>50K
6817,56.0,Private,9,Married,White,Male,40,<=50K
6818,44.0,Private,9,Married,Black,Male,40,<=50K
6819,32.0,Public,10,Single,White,Male,38,<=50K
6820,17.0,Private,6,Single,White,Male,20,<=50K
6821,44.0,Private,10,Single,White,Male,50,<=50K
6822,32.0,Self-emp,12,Single,White,Male,80,<=50K
6823,35.0,Private,13,Married,White,Male,60,>50K
6824,27.0,Private,9,Married,White,Male,40,<=50K
6825,32.0,Private,9,Married,White,Male,50,<=50K
6826,68.0,Private,7,Single,White,Male,70,<=50K
6827,20.0,Private,10,Single,White,Female,20,<=50K
6828,33.0,Private,10,Single,Black,Female,40,<=50K
6829,24.0,Private,5,Single,White,Male,12,<=50K
6830,48.0,Private,9,Married,White,Male,45,<=50K
6831,45.0,Private,14,Single,White,Female,50,<=50K
6832,48.0,Private,10,Married,White,Female,40,<=50K
6833,28.0,Private,14,Married,White,Male,45,>50K
6834,60.0,Unknown,10,Married,White,Male,35,>50K
6835,39.0,Public,14,Single,White,Female,40,<=50K
6836,23.0,Private,10,Single,White,Male,30,<=50K
6837,23.0,Public,8,Single,White,Male,40,<=50K
6838,36.0,Private,10,Single,White,Female,40,<=50K
6839,25.0,Private,13,Married,White,Female,40,<=50K
6840,52.0,Private,9,Single,White,Male,40,<=50K
6841,35.0,Self-emp,9,Married,White,Male,40,<=50K
6842,41.0,Private,9,Married,White,Male,40,<=50K
6843,45.0,Private,13,Married,White,Female,42,>50K
6844,37.0,Public,14,Married,White,Male,40,>50K
6845,58.0,Private,11,Married,White,Female,40,<=50K
6846,67.0,Self-emp,9,Married,White,Female,2,<=50K
6847,48.0,Private,9,Married,White,Female,8,<=50K
6848,63.0,Private,9,Married,White,Male,48,<=50K
6849,24.0,Public,10,Married,White,Male,72,>50K
6850,43.0,Private,10,Married,White,Male,40,>50K
6851,36.0,Private,9,Single,White,Male,60,<=50K
6852,32.0,Private,9,Married,White,Male,72,<=50K
6853,36.0,Private,10,Single,Asian,Male,40,<=50K
6854,43.0,Private,10,Single,White,Female,50,<=50K
6855,27.0,Private,9,Single,Black,Female,40,<=50K
6856,17.0,Private,7,Single,White,Male,12,<=50K
6857,45.0,Private,13,Single,White,Female,46,<=50K
6858,41.0,Self-emp,9,Married,White,Male,40,<=50K
6859,41.0,Self-emp,9,Married,White,Male,38,<=50K
6860,18.0,Unknown,9,Single,White,Female,35,<=50K
6861,48.0,Public,12,Single,Black,Female,40,<=50K
6862,51.0,Unknown,11,Married,White,Male,50,>50K
6863,26.0,Private,10,Single,White,Female,24,<=50K
6864,54.0,Private,1,Married,White,Male,60,<=50K
6865,22.0,Private,10,Single,White,Female,48,<=50K
6866,19.0,Private,9,Single,White,Male,35,<=50K
6867,47.0,Private,4,Single,Black,Male,40,<=50K
6868,32.0,Private,9,Married,White,Female,20,<=50K
6869,46.0,Private,13,Married,White,Male,60,>50K
6870,30.0,Private,13,Single,White,Female,40,>50K
6871,35.0,Private,14,Single,Asian,Male,40,<=50K
6872,52.0,Private,11,Married,White,Male,40,<=50K
6873,73.0,Self-emp,8,Married,White,Male,18,<=50K
6874,17.0,Private,6,Single,White,Male,10,<=50K
6875,32.0,Private,13,Single,White,Female,32,<=50K
6876,43.0,Public,14,Married,White,Male,40,>50K
6877,19.0,Unknown,9,Single,White,Male,40,<=50K
6878,26.0,Private,9,Single,Hispanic,Female,40,<=50K
6879,41.0,Public,14,Married,White,Male,40,>50K
6880,49.0,Private,12,Married,White,Male,60,>50K
6881,52.0,Public,10,Single,White,Male,40,<=50K
6882,35.0,Private,9,Single,White,Female,32,<=50K
6883,57.0,Private,7,Married,White,Male,52,<=50K
6884,35.0,Private,11,Married,White,Female,44,<=50K
6885,33.0,Private,13,Single,White,Male,40,<=50K
6886,56.0,Private,4,Single,White,Male,40,<=50K
6887,42.0,Private,13,Single,White,Male,60,<=50K
6888,17.0,Private,10,Single,White,Male,20,<=50K
6889,49.0,Private,9,Single,White,Female,35,<=50K
6890,39.0,Private,15,Married,White,Male,45,>50K
6891,34.0,Self-emp,10,Single,White,Female,50,<=50K
6892,37.0,Self-emp,10,Single,Black,Male,40,<=50K
6893,22.0,Private,8,Single,White,Male,35,<=50K
6894,27.0,Private,11,Married,White,Male,40,<=50K
6895,21.0,Private,10,Single,White,Female,25,<=50K
6896,59.0,Unknown,10,Married,White,Male,40,<=50K
6897,44.0,Private,13,Married,White,Male,40,>50K
6898,53.0,Self-emp,6,Married,White,Male,99,<=50K
6899,26.0,Private,7,Single,White,Male,40,<=50K
6900,48.0,Private,13,Married,White,Male,45,>50K
6901,39.0,Private,13,Married,White,Male,70,<=50K
6902,34.0,Private,9,Single,Amer-Indian,Female,32,<=50K
6903,54.0,Public,13,Married,White,Male,38,<=50K
6904,36.0,Private,9,Married,White,Male,50,>50K
6905,60.0,Private,9,Married,White,Male,40,<=50K
6906,50.0,Private,9,Married,White,Male,40,>50K
6907,48.0,Public,13,Married,White,Male,45,<=50K
6908,35.0,Private,10,Single,White,Female,40,<=50K
6910,30.0,Private,13,Married,White,Male,70,<=50K
6911,65.0,Self-emp,10,Married,White,Male,40,>50K
6912,31.0,Private,9,Married,White,Male,60,<=50K
6913,46.0,Public,12,Married,White,Male,40,<=50K
6914,67.0,Unknown,5,Single,White,Female,40,<=50K
6916,38.0,Private,13,Single,White,Female,40,<=50K
6917,24.0,Private,13,Single,White,Female,30,<=50K
6918,24.0,Private,10,Single,Asian,Female,50,<=50K
6919,27.0,Private,13,Single,White,Female,48,<=50K
6920,43.0,Public,12,Married,White,Female,30,<=50K
6921,48.0,Private,9,Single,Asian,Female,40,<=50K
6922,41.0,Private,9,Single,Black,Male,40,<=50K
6923,30.0,Private,10,Married,Black,Female,45,<=50K
6924,38.0,Private,13,Married,White,Male,40,>50K
6925,45.0,Private,15,Single,White,Male,40,>50K
6926,45.0,Private,13,Single,White,Male,40,<=50K
6927,55.0,Private,10,Single,White,Female,38,<=50K
6930,31.0,Public,10,Single,Amer-Indian,Female,25,<=50K
6931,35.0,Private,9,Married,White,Male,35,<=50K
6932,37.0,Public,10,Single,White,Female,40,<=50K
6933,29.0,Private,10,Married,White,Male,45,<=50K
6934,56.0,Private,13,Married,White,Male,50,>50K
6935,60.0,Unknown,9,Married,White,Male,40,>50K
6936,25.0,Private,13,Single,White,Male,60,<=50K
6937,33.0,Private,6,Married,White,Male,40,<=50K
6938,44.0,Private,9,Single,White,Female,40,<=50K
6939,21.0,Private,9,Single,White,Male,40,<=50K
6940,21.0,Private,9,Single,White,Male,40,<=50K
6941,46.0,Public,14,Married,White,Male,40,>50K
6942,44.0,Self-emp,10,Married,White,Male,50,>50K
6943,63.0,Private,13,Single,White,Female,40,<=50K
6944,44.0,Private,9,Married,White,Female,30,<=50K
6945,31.0,Private,10,Married,White,Male,45,<=50K
6946,26.0,Private,10,Married,White,Male,42,<=50K
6947,37.0,Self-emp,9,Single,White,Male,50,<=50K
6948,60.0,Unknown,10,Single,White,Female,40,>50K
6949,33.0,Private,13,Married,White,Male,45,<=50K
6950,38.0,Private,13,Married,White,Male,40,<=50K
6951,26.0,Private,11,Single,White,Female,35,<=50K
6953,24.0,Private,9,Single,White,Female,35,<=50K
6954,47.0,Public,14,Married,White,Male,35,>50K
6955,27.0,Private,10,Single,White,Female,30,<=50K
6956,46.0,Private,10,Married,White,Male,40,<=50K
6957,47.0,Public,12,Married,Black,Male,40,>50K
6958,47.0,Private,9,Single,White,Male,40,<=50K
6959,69.0,Private,9,Married,White,Male,40,<=50K
6960,32.0,Private,9,Married,White,Male,40,>50K
6961,51.0,Private,9,Married,Black,Male,40,<=50K
6962,36.0,Private,9,Married,White,Male,40,>50K
6963,50.0,Public,14,Married,White,Female,40,<=50K
6964,29.0,Private,16,Married,Asian,Male,60,<=50K
6965,32.0,Private,15,Married,White,Male,40,<=50K
6966,27.0,Private,6,Single,Amer-Indian,Male,75,<=50K
6967,60.0,Private,4,Single,White,Female,35,<=50K
6968,31.0,Private,9,Married,White,Male,40,<=50K
6969,46.0,Private,12,Married,White,Male,40,<=50K
6970,40.0,Public,9,Single,White,Female,40,<=50K
6971,39.0,Private,10,Married,Black,Male,52,>50K
6972,69.0,Self-emp,4,Married,White,Male,55,<=50K
6974,56.0,Private,9,Single,White,Female,40,<=50K
6975,47.0,Public,10,Single,White,Female,40,<=50K
6976,25.0,Private,12,Single,White,Female,45,<=50K
6977,34.0,Self-emp,9,Married,White,Male,60,<=50K
6978,24.0,Self-emp,4,Single,White,Male,50,<=50K
6979,63.0,Private,10,Married,White,Male,45,<=50K
6980,29.0,Public,14,Married,White,Male,50,<=50K
6981,64.0,Private,10,Married,White,Male,40,<=50K
6982,44.0,Private,13,Single,White,Male,40,<=50K
6983,26.0,Private,9,Single,White,Male,60,<=50K
6984,36.0,Private,6,Single,White,Female,40,<=50K
6985,55.0,Public,13,Married,White,Male,38,>50K
6986,37.0,Private,9,Married,White,Female,40,>50K
6987,37.0,Private,6,Single,White,Male,65,<=50K
6988,63.0,Private,13,Married,White,Female,36,>50K
6989,33.0,Private,9,Married,White,Male,60,<=50K
6990,19.0,Private,10,Single,White,Female,10,<=50K
6991,57.0,Public,14,Married,Black,Female,40,>50K
6992,31.0,Private,12,Married,White,Male,45,>50K
6993,20.0,Unknown,10,Single,White,Female,30,<=50K
6994,58.0,Public,9,Married,White,Male,40,>50K
6995,20.0,Unknown,10,Single,White,Female,20,<=50K
6997,40.0,Private,9,Single,White,Female,40,<=50K
6998,18.0,Private,7,Single,White,Male,20,<=50K
6999,26.0,Private,9,Single,White,Male,40,<=50K
7000,29.0,Private,16,Married,White,Male,50,>50K
7001,45.0,Public,13,Married,Black,Male,40,<=50K
7002,35.0,Public,10,Single,White,Female,38,<=50K
7003,32.0,Private,10,Single,White,Male,45,<=50K
7004,61.0,Self-emp,9,Married,White,Female,40,<=50K
7005,26.0,Public,13,Single,White,Male,15,<=50K
7006,56.0,Private,9,Married,White,Male,40,>50K
7007,22.0,Private,10,Married,Asian,Female,39,<=50K
7008,49.0,Private,13,Married,Black,Male,48,<=50K
7009,40.0,Private,9,Married,White,Female,12,<=50K
7010,37.0,Private,9,Single,White,Male,40,<=50K
7011,23.0,Unknown,13,Single,White,Male,50,<=50K
7012,28.0,Private,13,Married,White,Male,60,>50K
7013,27.0,Private,9,Married,White,Male,40,<=50K
7014,34.0,Self-emp,11,Single,White,Female,40,<=50K
7015,49.0,Private,5,Married,White,Male,45,<=50K
7016,41.0,Private,10,Single,Asian,Male,40,<=50K
7017,28.0,Private,13,Single,White,Male,21,<=50K
7018,38.0,Private,10,Married,White,Male,55,>50K
7019,47.0,Public,12,Married,White,Male,40,<=50K
7020,28.0,Public,9,Married,White,Male,40,<=50K
7021,44.0,Public,14,Married,White,Male,50,>50K
7022,41.0,Public,13,Single,White,Male,40,<=50K
7023,50.0,Private,15,Married,White,Male,36,>50K
7024,73.0,Self-emp,9,Married,White,Male,24,<=50K
7025,21.0,Private,10,Single,Black,Male,40,<=50K
7026,38.0,Private,9,Single,White,Female,40,<=50K
7027,64.0,Unknown,14,Married,White,Male,2,<=50K
7028,47.0,Private,10,Single,White,Female,40,<=50K
7029,52.0,Private,10,Married,White,Male,60,>50K
7030,24.0,Private,13,Single,White,Male,45,<=50K
7031,44.0,Private,13,Married,White,Male,40,>50K
7032,27.0,Private,4,Single,White,Male,40,<=50K
7033,61.0,Self-emp,10,Married,Black,Male,60,>50K
7034,58.0,Private,13,Married,White,Male,40,>50K
7035,51.0,Private,13,Single,White,Female,43,>50K
7036,49.0,Private,10,Single,White,Female,55,<=50K
7037,23.0,Private,10,Single,Black,Male,20,<=50K
7038,19.0,Private,11,Single,Black,Female,40,<=50K
7039,21.0,Private,9,Single,White,Male,53,<=50K
7040,56.0,Private,7,Single,White,Female,40,<=50K
7041,35.0,Private,8,Married,White,Male,40,<=50K
7042,37.0,Public,10,Single,Amer-Indian,Female,20,<=50K
7043,41.0,Private,16,Single,White,Female,50,>50K
7044,30.0,Private,7,Married,White,Male,40,<=50K
7045,35.0,Private,16,Married,White,Female,20,<=50K
7046,47.0,Private,10,Married,White,Male,40,<=50K
7047,59.0,Self-emp,6,Married,White,Female,50,>50K
7048,55.0,Private,7,Married,White,Male,32,<=50K
7049,22.0,Unknown,11,Single,Asian,Male,20,<=50K
7050,31.0,Private,6,Single,Black,Female,40,<=50K
7051,30.0,Private,14,Married,White,Male,40,>50K
7052,24.0,Private,13,Single,White,Male,48,<=50K
7053,49.0,Self-emp,10,Married,White,Male,40,<=50K
7054,23.0,Private,4,Single,White,Male,25,<=50K
7055,50.0,Private,9,Single,White,Female,35,<=50K
7056,38.0,Private,13,Single,Black,Male,40,<=50K
7057,20.0,Self-emp,10,Single,Asian,Female,20,<=50K
7058,49.0,Self-emp,10,Married,White,Male,50,>50K
7059,45.0,Private,9,Married,Asian,Female,50,<=50K
7060,46.0,Public,13,Married,Asian,Male,50,>50K
7061,19.0,Private,9,Single,White,Female,30,<=50K
7062,31.0,Public,13,Single,White,Female,40,<=50K
7063,38.0,Private,9,Single,White,Female,40,<=50K
7064,56.0,Self-emp,14,Married,White,Male,50,>50K
7066,58.0,Public,9,Married,White,Male,50,<=50K
7067,28.0,Private,9,Married,White,Male,40,<=50K
7068,22.0,Private,9,Married,White,Male,40,<=50K
7069,46.0,Private,9,Single,White,Male,40,<=50K
7070,30.0,Private,1,Single,White,Male,40,<=50K
7071,56.0,Private,13,Married,White,Male,45,>50K
7072,32.0,Private,9,Married,Asian,Male,40,<=50K
7073,56.0,Private,9,Married,White,Male,44,>50K
7074,50.0,Private,10,Married,White,Male,40,<=50K
7075,28.0,Unknown,9,Single,Black,Female,30,<=50K
7076,30.0,Private,13,Single,White,Female,40,<=50K
7077,24.0,Private,9,Single,White,Male,40,<=50K
7078,42.0,Public,11,Single,Amer-Indian,Female,40,<=50K
7079,31.0,Self-emp,9,Married,White,Male,40,>50K
7080,18.0,Private,7,Single,Hispanic,Female,20,<=50K
7081,46.0,Private,6,Single,White,Female,25,<=50K
7082,31.0,Private,13,Single,White,Female,65,>50K
7083,38.0,Public,13,Married,White,Female,40,>50K
7084,44.0,Public,14,Married,White,Male,40,>50K
7085,55.0,Self-emp,13,Married,White,Male,50,>50K
7086,19.0,Private,9,Single,White,Male,20,<=50K
7087,45.0,Private,14,Single,White,Female,40,>50K
7088,50.0,Self-emp,10,Married,White,Male,70,<=50K
7089,53.0,Private,5,Married,White,Male,40,<=50K
7090,41.0,Self-emp,13,Married,White,Male,65,>50K
7091,45.0,Private,10,Single,Black,Female,40,<=50K
7092,21.0,Private,6,Single,White,Female,39,<=50K
7093,37.0,Private,13,Married,White,Female,40,>50K
7094,42.0,Public,9,Single,Black,Female,40,<=50K
7095,37.0,Self-emp,9,Married,White,Male,30,<=50K
7096,46.0,Private,13,Single,White,Male,40,<=50K
7097,45.0,Self-emp,11,Married,White,Male,60,<=50K
7098,32.0,Private,10,Single,White,Female,20,<=50K
7099,30.0,Private,15,Married,White,Male,50,<=50K
7100,57.0,Unknown,13,Married,White,Male,80,>50K
7101,37.0,Private,9,Single,White,Female,56,<=50K
7102,18.0,Unknown,10,Single,White,Female,40,<=50K
7103,32.0,Private,10,Married,White,Male,40,>50K
7104,43.0,Private,13,Married,White,Male,40,>50K
7105,46.0,Private,14,Single,White,Female,50,<=50K
7106,36.0,Unknown,9,Single,White,Female,28,<=50K
7107,33.0,Private,14,Single,White,Female,40,<=50K
7108,48.0,Private,9,Single,White,Female,40,<=50K
7109,34.0,Private,9,Married,White,Female,40,<=50K
7110,34.0,Public,10,Single,White,Male,50,>50K
7111,33.0,Private,9,Single,White,Male,40,<=50K
7112,36.0,Private,13,Married,White,Female,60,<=50K
7113,23.0,Private,9,Single,White,Male,55,<=50K
7114,39.0,Private,9,Married,White,Male,40,<=50K
7115,22.0,Private,12,Single,White,Female,25,<=50K
7116,19.0,Private,9,Single,White,Male,20,<=50K
7117,47.0,Private,9,Married,White,Male,45,>50K
7118,46.0,Private,11,Single,White,Male,50,<=50K
7119,47.0,Private,14,Single,White,Female,6,<=50K
7120,47.0,Self-emp,16,Married,White,Male,35,>50K
7121,52.0,Public,10,Single,White,Female,40,<=50K
7122,38.0,Self-emp,5,Married,White,Male,40,<=50K
7123,58.0,Private,9,Married,White,Male,40,>50K
7124,32.0,Private,3,Married,White,Male,40,<=50K
7125,54.0,Self-emp,11,Married,White,Female,10,<=50K
7126,20.0,Private,10,Single,White,Male,25,<=50K
7127,25.0,Private,12,Single,White,Male,48,<=50K
7128,25.0,Self-emp,5,Single,White,Male,15,<=50K
7129,36.0,Public,13,Single,White,Male,44,<=50K
7130,69.0,Self-emp,9,Married,White,Male,30,<=50K
7131,28.0,Private,13,Married,White,Female,45,>50K
7132,20.0,Private,10,Single,White,Female,20,<=50K
7133,21.0,Private,4,Single,White,Male,40,<=50K
7134,37.0,Private,13,Married,White,Male,40,>50K
7135,21.0,Private,9,Single,White,Male,32,<=50K
7136,25.0,Unknown,12,Married,White,Male,13,<=50K
7137,39.0,Private,9,Married,Black,Female,40,<=50K
7138,34.0,Private,11,Married,White,Male,40,>50K
7139,33.0,Public,9,Married,White,Male,40,<=50K
7140,47.0,Private,9,Married,White,Male,50,>50K
7141,29.0,Private,11,Single,White,Female,40,<=50K
7142,48.0,Private,9,Married,White,Male,89,<=50K
7143,42.0,Self-emp,16,Married,White,Male,60,>50K
7144,29.0,Private,7,Single,White,Female,40,<=50K
7145,34.0,Private,9,Single,White,Male,40,<=50K
7146,20.0,Private,10,Single,White,Male,25,<=50K
7147,41.0,Private,14,Married,White,Male,40,>50K
7148,45.0,Private,10,Single,White,Male,50,<=50K
7149,22.0,Unknown,11,Single,White,Male,40,<=50K
7150,23.0,Private,9,Single,White,Male,44,<=50K
7151,19.0,Private,10,Single,White,Female,38,<=50K
7152,24.0,Private,10,Single,White,Male,40,<=50K
7153,20.0,Private,10,Single,White,Male,30,<=50K
7154,32.0,Private,9,Single,White,Male,40,<=50K
7155,52.0,Private,14,Single,White,Male,50,>50K
7156,36.0,Private,9,Single,White,Male,60,>50K
7157,18.0,Private,6,Single,White,Male,30,<=50K
7158,27.0,Private,9,Single,White,Female,40,<=50K
7159,26.0,Private,10,Married,White,Male,60,<=50K
7160,52.0,Private,12,Single,White,Female,32,<=50K
7161,24.0,Private,10,Single,Amer-Indian,Male,40,<=50K
7162,42.0,Public,9,Single,Black,Male,40,<=50K
7163,39.0,Private,15,Married,White,Female,60,>50K
7164,20.0,Unknown,10,Single,White,Female,35,<=50K
7165,20.0,Public,10,Single,White,Female,10,<=50K
7166,39.0,Private,9,Married,White,Male,40,<=50K
7167,68.0,Unknown,7,Married,White,Male,30,<=50K
7168,35.0,Private,9,Single,Black,Female,48,<=50K
7169,54.0,Private,13,Married,White,Male,40,<=50K
7170,24.0,Private,13,Single,White,Male,40,<=50K
7171,24.0,Private,13,Single,White,Female,8,<=50K
7172,20.0,Private,10,Single,Black,Female,15,<=50K
7173,64.0,Unknown,1,Married,White,Male,40,<=50K
7174,28.0,Private,13,Single,White,Female,35,<=50K
7175,36.0,Self-emp,9,Married,White,Male,47,<=50K
7176,44.0,Self-emp,9,Married,White,Male,60,<=50K
7177,38.0,Private,10,Single,White,Male,55,>50K
7178,22.0,Private,9,Single,White,Female,60,<=50K
7179,56.0,Private,9,Married,White,Male,40,<=50K
7180,24.0,Private,13,Married,White,Male,45,<=50K
7181,24.0,Self-emp,10,Single,White,Female,75,<=50K
7182,22.0,Private,12,Single,White,Female,40,<=50K
7183,21.0,Private,10,Single,White,Female,30,<=50K
7184,42.0,Private,13,Married,White,Male,40,>50K
7185,41.0,Public,14,Single,White,Female,55,<=50K
7186,19.0,Private,9,Single,White,Female,20,<=50K
7187,67.0,Self-emp,10,Married,White,Male,44,<=50K
7188,20.0,Private,10,Single,White,Female,30,<=50K
7189,32.0,Private,9,Married,Hispanic,Male,40,<=50K
7190,46.0,Private,9,Single,Black,Female,40,<=50K
7191,52.0,Private,9,Single,White,Female,36,<=50K
7192,44.0,Private,13,Single,Black,Male,40,<=50K
7193,65.0,Unknown,7,Married,White,Male,40,<=50K
7194,37.0,Public,13,Married,White,Male,40,>50K
7195,27.0,Self-emp,10,Married,White,Male,50,<=50K
7196,35.0,Private,9,Married,Black,Female,35,<=50K
7197,30.0,Private,9,Single,White,Female,45,<=50K
7198,64.0,Public,9,Married,White,Male,40,<=50K
7199,48.0,Private,9,Single,White,Female,37,>50K
7200,35.0,Private,4,Single,White,Female,40,<=50K
7201,28.0,Self-emp,13,Single,White,Male,45,<=50K
7202,63.0,Self-emp,13,Married,Asian,Male,32,>50K
7203,40.0,Self-emp,15,Married,White,Male,55,>50K
7204,33.0,Private,10,Single,White,Male,40,<=50K
7205,40.0,Private,10,Married,White,Male,50,>50K
7206,25.0,Private,4,Single,White,Male,45,<=50K
7207,45.0,Self-emp,13,Married,White,Male,38,>50K
7208,30.0,Private,10,Married,White,Male,40,>50K
7209,53.0,Private,10,Single,Black,Female,40,<=50K
7210,63.0,Private,9,Married,Asian,Male,40,<=50K
7211,27.0,Public,10,Married,White,Male,60,<=50K
7212,31.0,Private,7,Single,White,Male,40,<=50K
7213,33.0,Private,9,Married,White,Male,60,<=50K
7214,39.0,Public,13,Single,White,Male,40,>50K
7215,42.0,Self-emp,10,Married,White,Male,45,>50K
7216,19.0,Private,9,Single,Black,Male,30,<=50K
7217,31.0,Private,13,Married,White,Male,40,<=50K
7218,53.0,Private,9,Married,White,Male,40,<=50K
7219,47.0,Self-emp,10,Married,White,Male,20,<=50K
7220,27.0,Private,16,Single,White,Female,40,<=50K
7221,22.0,Private,9,Single,White,Female,40,<=50K
7222,29.0,Private,9,Married,White,Female,40,>50K
7223,52.0,Private,9,Married,White,Female,40,<=50K
7224,32.0,Private,11,Single,White,Male,46,<=50K
7225,23.0,Private,9,Single,White,Male,40,<=50K
7226,27.0,Private,10,Single,White,Male,20,<=50K
7227,53.0,Private,9,Married,Black,Female,40,<=50K
7228,18.0,Private,9,Single,White,Male,20,<=50K
7229,41.0,Private,13,Single,White,Female,30,<=50K
7230,27.0,Private,9,Married,White,Female,40,<=50K
7231,30.0,Private,10,Single,White,Male,40,<=50K
7232,41.0,Private,9,Single,White,Female,40,<=50K
7233,21.0,Private,10,Single,White,Female,30,<=50K
7234,58.0,Public,9,Married,Black,Female,40,<=50K
7235,45.0,Public,13,Single,White,Female,40,<=50K
7236,40.0,Private,6,Single,White,Male,40,<=50K
7237,21.0,Private,10,Single,White,Female,40,<=50K
7238,29.0,Private,13,Single,Hispanic,Female,40,<=50K
7239,50.0,Private,11,Married,Black,Female,40,<=50K
7240,26.0,Private,9,Married,White,Male,40,<=50K
7241,23.0,Private,9,Single,White,Female,40,<=50K
7242,27.0,Private,13,Single,White,Male,40,<=50K
7243,36.0,Public,13,Single,Black,Female,40,<=50K
7244,22.0,Public,9,Single,White,Male,40,<=50K
7245,37.0,Public,10,Single,White,Male,40,<=50K
7246,54.0,Private,13,Married,White,Male,40,<=50K
7247,36.0,Private,9,Single,White,Male,50,<=50K
7248,44.0,Private,11,Married,Black,Male,40,<=50K
7249,38.0,Private,10,Married,Black,Male,40,>50K
7250,49.0,Private,10,Single,White,Female,40,<=50K
7251,18.0,Private,7,Single,White,Male,12,<=50K
7252,26.0,Private,13,Single,White,Male,48,<=50K
7253,48.0,Private,13,Married,White,Male,45,>50K
7254,32.0,Private,7,Married,White,Female,40,<=50K
7255,35.0,Public,9,Single,White,Male,40,<=50K
7256,40.0,Private,9,Single,White,Female,45,<=50K
7257,40.0,Self-emp,9,Married,White,Male,40,<=50K
7258,42.0,Public,15,Married,Asian,Male,72,>50K
7259,30.0,Private,9,Married,White,Male,40,<=50K
7260,19.0,Private,10,Single,White,Female,20,<=50K
7261,36.0,Private,12,Married,White,Male,60,>50K
7262,31.0,Private,9,Single,White,Female,40,<=50K
7263,50.0,Public,12,Married,White,Male,60,<=50K
7264,38.0,Private,9,Single,Black,Male,40,<=50K
7265,35.0,Private,10,Married,White,Male,50,>50K
7266,45.0,Private,13,Married,White,Male,40,>50K
7267,29.0,Private,6,Single,White,Female,40,<=50K
7268,41.0,Private,10,Single,White,Male,46,>50K
7269,33.0,Private,15,Single,White,Female,50,>50K
7270,49.0,Private,10,Single,White,Female,60,<=50K
7271,28.0,Private,10,Married,White,Male,40,>50K
7272,49.0,Public,13,Married,Black,Male,40,>50K
7273,27.0,Private,9,Single,White,Female,40,<=50K
7274,47.0,Self-emp,9,Married,White,Male,32,<=50K
7275,42.0,Public,16,Single,White,Female,40,>50K
7276,30.0,Private,9,Single,White,Male,60,<=50K
7277,37.0,Public,9,Married,White,Male,40,<=50K
7278,37.0,Private,16,Married,White,Female,35,<=50K
7279,51.0,Private,9,Married,Black,Female,38,<=50K
7280,27.0,Public,9,Married,White,Male,40,<=50K
7281,53.0,Private,9,Single,White,Female,40,<=50K
7282,45.0,Private,9,Single,White,Male,40,<=50K
7283,37.0,Self-emp,13,Married,White,Male,45,<=50K
7284,40.0,Public,13,Single,White,Female,40,<=50K
7285,54.0,Public,14,Married,Asian,Male,40,>50K
7286,47.0,Self-emp,9,Married,White,Male,42,>50K
7287,35.0,Private,9,Married,White,Male,40,>50K
7288,33.0,Private,9,Married,White,Male,40,<=50K
7289,28.0,Public,10,Single,Black,Male,40,<=50K
7290,39.0,Public,13,Married,White,Female,55,>50K
7291,25.0,Unknown,9,Single,White,Male,40,<=50K
7292,33.0,Private,13,Married,White,Male,40,<=50K
7293,34.0,Private,7,Single,White,Female,40,<=50K
7294,53.0,Private,9,Married,White,Male,40,>50K
7295,21.0,Private,12,Single,White,Male,35,<=50K
7296,31.0,Public,16,Married,White,Male,55,>50K
7297,63.0,Private,9,Married,White,Male,45,<=50K
7298,21.0,Self-emp,10,Single,White,Male,30,<=50K
7299,59.0,Private,9,Married,White,Male,40,>50K
7300,50.0,Private,2,Single,Black,Female,40,<=50K
7301,66.0,Unknown,9,Married,White,Female,20,<=50K
7302,19.0,Private,9,Single,White,Male,30,<=50K
7303,31.0,Private,13,Single,White,Male,45,<=50K
7304,23.0,Private,13,Married,White,Female,40,<=50K
7305,45.0,Private,11,Married,White,Female,40,>50K
7306,35.0,Public,13,Married,White,Male,40,<=50K
7307,32.0,Private,13,Single,White,Male,40,<=50K
7308,20.0,Private,4,Single,White,Female,60,<=50K
7309,38.0,Private,9,Married,White,Male,40,>50K
7310,49.0,Private,9,Married,Asian,Female,8,<=50K
7311,64.0,Private,9,Single,White,Female,40,<=50K
7312,60.0,Public,7,Married,White,Male,20,<=50K
7313,25.0,Private,13,Single,White,Female,50,<=50K
7314,21.0,Private,9,Single,White,Male,35,<=50K
7315,26.0,Private,9,Single,White,Female,15,<=50K
7316,23.0,Private,10,Single,White,Male,20,<=50K
7317,67.0,Self-emp,14,Married,White,Male,48,>50K
7318,24.0,Private,9,Single,White,Female,30,<=50K
7319,46.0,Private,2,Single,White,Female,40,<=50K
7320,38.0,Public,16,Married,Asian,Male,40,<=50K
7321,20.0,Private,4,Single,White,Male,40,<=50K
7322,28.0,Unknown,10,Single,White,Female,40,<=50K
7323,26.0,Private,13,Single,White,Male,48,<=50K
7324,58.0,Private,9,Married,White,Male,40,<=50K
7325,31.0,Public,10,Single,Asian,Male,40,<=50K
7326,37.0,Public,12,Single,Black,Male,38,<=50K
7327,53.0,Public,16,Married,White,Male,40,>50K
7328,45.0,Private,4,Single,Black,Female,35,<=50K
7329,33.0,Private,9,Single,White,Female,50,<=50K
7330,33.0,Public,14,Married,Black,Male,40,<=50K
7331,35.0,Private,9,Single,White,Male,25,<=50K
7332,60.0,Self-emp,9,Married,Black,Male,40,<=50K
7333,21.0,Private,10,Single,White,Female,20,<=50K
7334,38.0,Private,6,Married,Black,Male,45,<=50K
7335,40.0,Private,11,Single,White,Female,40,<=50K
7336,40.0,Private,10,Married,White,Female,40,>50K
7337,44.0,Self-emp,15,Married,White,Male,70,>50K
7338,27.0,Private,10,Married,White,Male,60,<=50K
7339,34.0,Self-emp,10,Married,White,Male,55,>50K
7340,20.0,Unknown,10,Single,White,Male,25,<=50K
7341,49.0,Public,10,Married,White,Male,40,<=50K
7342,37.0,Private,10,Married,White,Male,50,>50K
7343,52.0,Private,6,Married,White,Male,30,>50K
7344,46.0,Private,10,Married,Black,Male,40,<=50K
7345,20.0,Private,10,Single,Asian,Female,40,<=50K
7346,43.0,Private,9,Married,White,Male,40,<=50K
7347,46.0,Public,13,Single,White,Female,40,>50K
7348,25.0,Public,10,Married,White,Female,15,<=50K
7349,48.0,Private,13,Single,White,Male,40,<=50K
7350,36.0,Public,10,Single,White,Male,55,<=50K
7351,37.0,Private,9,Single,White,Male,40,>50K
7352,18.0,Unknown,10,Single,White,Male,60,<=50K
7353,42.0,Private,14,Married,White,Male,50,>50K
7354,60.0,Private,12,Married,White,Male,24,<=50K
7355,37.0,Self-emp,10,Married,White,Male,55,>50K
7356,44.0,Public,12,Single,Black,Male,40,<=50K
7357,32.0,Private,6,Married,White,Male,40,<=50K
7358,29.0,Private,13,Single,White,Female,40,<=50K
7359,42.0,Public,14,Married,White,Male,35,>50K
7360,17.0,Private,7,Single,White,Male,12,<=50K
7361,41.0,Private,8,Married,White,Female,10,<=50K
7362,34.0,Private,10,Married,White,Female,40,>50K
7363,56.0,Private,6,Single,White,Female,32,<=50K
7364,28.0,Private,10,Single,White,Male,40,<=50K
7365,28.0,Self-emp,7,Single,White,Male,40,<=50K
7366,19.0,Private,4,Single,White,Male,25,<=50K
7367,49.0,Public,10,Married,White,Male,40,>50K
7368,36.0,Self-emp,10,Married,White,Female,50,<=50K
7369,25.0,Private,10,Married,White,Male,35,<=50K
7370,42.0,Private,13,Single,White,Male,40,<=50K
7371,47.0,Self-emp,15,Married,White,Male,50,>50K
7372,26.0,Private,10,Married,White,Male,40,<=50K
7373,35.0,Private,10,Married,White,Male,58,<=50K
7374,37.0,Private,9,Married,White,Male,45,<=50K
7375,39.0,Public,9,Single,Amer-Indian,Male,48,<=50K
7376,42.0,Private,9,Married,White,Male,35,>50K
7377,41.0,Private,10,Single,White,Female,36,>50K
7378,23.0,Private,10,Single,White,Female,24,<=50K
7379,31.0,Public,9,Married,White,Male,40,<=50K
7380,36.0,Public,10,Married,White,Male,57,>50K
7381,20.0,Private,10,Single,White,Female,25,<=50K
7382,36.0,Private,10,Single,White,Male,45,<=50K
7383,50.0,Private,9,Married,White,Male,50,>50K
7384,37.0,Private,9,Single,White,Male,40,<=50K
7385,25.0,Private,13,Single,White,Male,50,>50K
7386,39.0,Private,10,Single,White,Female,60,<=50K
7387,32.0,Private,9,Married,White,Female,40,<=50K
7388,59.0,Private,10,Married,White,Female,35,<=50K
7389,29.0,Private,13,Married,White,Male,45,<=50K
7390,50.0,Private,9,Married,Black,Male,40,<=50K
7391,42.0,Private,11,Married,White,Male,37,<=50K
7392,32.0,Private,10,Single,White,Male,40,<=50K
7393,48.0,Private,12,Married,White,Male,40,>50K
7394,20.0,Private,9,Married,White,Male,35,<=50K
7395,50.0,Self-emp,6,Single,White,Male,45,<=50K
7396,18.0,Private,10,Single,White,Male,30,<=50K
7397,60.0,Private,14,Single,White,Male,50,<=50K
7398,60.0,Private,10,Married,White,Male,40,<=50K
7399,42.0,Public,14,Single,White,Male,22,<=50K
7400,49.0,Private,9,Single,White,Female,35,<=50K
7401,35.0,Self-emp,10,Married,White,Female,40,<=50K
7402,30.0,Self-emp,12,Married,White,Male,60,<=50K
7403,59.0,Private,10,Married,White,Male,40,>50K
7404,24.0,Self-emp,9,Single,Black,Male,50,>50K
7405,55.0,Private,12,Single,White,Female,40,<=50K
7406,19.0,Private,9,Single,White,Female,20,<=50K
7407,39.0,Private,9,Married,White,Male,40,<=50K
7408,48.0,Private,10,Single,White,Female,40,<=50K
7409,44.0,Private,13,Married,White,Male,40,>50K
7410,21.0,Private,10,Single,White,Male,30,<=50K
7411,23.0,Private,13,Single,Black,Male,40,<=50K
7412,22.0,Private,10,Single,White,Male,30,<=50K
7413,55.0,Self-emp,14,Married,White,Male,55,>50K
7414,19.0,Private,10,Single,White,Female,40,<=50K
7415,23.0,Private,10,Single,White,Male,25,<=50K
7416,46.0,Private,9,Married,White,Male,44,>50K
7417,23.0,Private,13,Single,White,Female,23,<=50K
7418,47.0,Self-emp,14,Married,White,Male,50,>50K
7419,23.0,Private,10,Single,White,Female,15,<=50K
7420,42.0,Private,10,Married,White,Male,40,>50K
7421,22.0,Public,13,Single,White,Female,10,<=50K
7422,18.0,Private,9,Single,White,Male,20,<=50K
7423,37.0,Private,13,Married,White,Male,50,>50K
7424,34.0,Private,5,Married,White,Male,50,<=50K
7425,30.0,Private,12,Single,White,Female,40,<=50K
7426,62.0,Self-emp,10,Married,White,Female,50,<=50K
7427,51.0,Private,10,Married,White,Male,40,<=50K
7428,34.0,Private,9,Married,Black,Male,30,<=50K
7429,28.0,Self-emp,14,Single,White,Male,40,<=50K
7430,56.0,Private,6,Single,White,Male,40,<=50K
7431,46.0,Private,9,Single,White,Female,30,<=50K
7432,46.0,Private,10,Married,White,Male,45,>50K
7433,23.0,Public,10,Married,White,Female,40,<=50K
7434,33.0,Private,13,Married,Black,Female,30,<=50K
7435,27.0,Private,9,Single,Asian,Male,40,<=50K
7436,21.0,Private,10,Single,Black,Female,20,<=50K
7437,18.0,Unknown,9,Single,White,Male,60,<=50K
7438,36.0,Private,3,Married,White,Male,40,>50K
7439,37.0,Public,13,Single,White,Female,36,<=50K
7440,39.0,Public,7,Married,White,Male,40,<=50K
7441,36.0,Private,9,Married,White,Male,60,>50K
7442,24.0,Private,12,Single,White,Male,40,<=50K
7443,26.0,Private,12,Single,Black,Female,40,<=50K
7444,37.0,Private,9,Single,White,Female,60,<=50K
7445,34.0,Private,9,Married,White,Male,50,<=50K
7446,33.0,Private,9,Single,White,Female,40,<=50K
7447,33.0,Self-emp,9,Married,White,Male,30,<=50K
7448,20.0,Private,9,Single,White,Female,8,<=50K
7449,26.0,Private,10,Single,White,Female,38,<=50K
7450,47.0,Private,9,Married,White,Female,20,>50K
7451,17.0,Private,7,Single,White,Female,20,<=50K
7452,53.0,Private,11,Married,White,Male,40,<=50K
7453,31.0,Private,10,Single,White,Female,35,<=50K
7454,34.0,Private,7,Married,White,Male,40,<=50K
7455,23.0,Private,3,Married,White,Male,40,<=50K
7456,39.0,Private,13,Married,White,Male,45,>50K
7457,22.0,Unknown,9,Single,White,Female,40,<=50K
7458,21.0,Private,10,Single,White,Female,20,<=50K
7459,40.0,Private,9,Single,Black,Female,35,<=50K
7460,54.0,Public,14,Married,White,Male,40,>50K
7461,32.0,Public,13,Married,Asian,Male,40,<=50K
7463,68.0,Unknown,10,Single,Black,Female,40,<=50K
7464,27.0,Public,13,Married,White,Male,45,>50K
7465,54.0,Private,10,Single,White,Male,40,>50K
7466,23.0,Private,9,Single,White,Female,40,<=50K
7467,38.0,Private,14,Married,White,Male,48,>50K
7468,54.0,Private,9,Married,White,Female,35,<=50K
7469,21.0,Private,10,Single,Asian,Male,40,<=50K
7470,40.0,Private,11,Single,White,Male,42,<=50K
7471,19.0,Private,6,Single,White,Female,40,<=50K
7472,21.0,Unknown,9,Single,White,Male,60,<=50K
7473,35.0,Private,13,Married,Black,Female,40,<=50K
7474,39.0,Private,10,Single,White,Female,45,<=50K
7475,38.0,Private,9,Single,White,Male,40,<=50K
7476,41.0,Private,8,Married,White,Male,40,>50K
7477,26.0,Private,10,Single,White,Female,40,<=50K
7478,35.0,Private,9,Single,White,Female,45,<=50K
7479,70.0,Self-emp,10,Married,White,Male,25,<=50K
7480,45.0,Private,6,Married,White,Male,40,<=50K
7481,83.0,Private,9,Married,White,Male,55,<=50K
7482,59.0,Private,9,Single,White,Female,40,<=50K
7483,18.0,Private,5,Single,Black,Male,15,<=50K
7484,31.0,Private,9,Married,White,Male,40,<=50K
7485,43.0,Private,14,Married,White,Female,45,>50K
7486,24.0,Public,13,Single,White,Female,40,<=50K
7487,33.0,Private,11,Married,White,Male,50,<=50K
7488,48.0,Public,14,Single,White,Female,52,<=50K
7489,27.0,Private,13,Married,White,Male,40,<=50K
7490,41.0,Private,9,Married,White,Male,40,<=50K
7491,25.0,Private,9,Married,White,Female,25,<=50K
7492,53.0,Private,9,Single,White,Male,40,>50K
7493,66.0,Self-emp,15,Married,White,Male,50,<=50K
7494,31.0,Private,10,Married,White,Male,40,>50K
7495,30.0,Public,13,Married,White,Male,40,<=50K
7496,22.0,Private,9,Single,White,Male,40,<=50K
7497,47.0,Self-emp,13,Married,White,Male,60,>50K
7498,74.0,Private,9,Married,White,Male,40,>50K
7499,37.0,Private,10,Married,Black,Male,70,>50K
7500,35.0,Self-emp,10,Single,White,Male,60,<=50K
7501,51.0,Self-emp,13,Married,White,Male,70,<=50K
7502,40.0,Private,10,Single,White,Female,40,<=50K
7503,51.0,Public,16,Married,White,Male,40,>50K
7504,26.0,Private,6,Married,White,Female,40,<=50K
7505,53.0,Private,12,Single,Black,Female,40,<=50K
7506,32.0,Private,9,Married,White,Male,40,<=50K
7507,29.0,Self-emp,10,Married,Asian,Male,40,<=50K
7508,42.0,Private,9,Single,White,Male,40,<=50K
7509,22.0,Private,10,Single,White,Male,32,<=50K
7511,33.0,Private,9,Single,White,Female,40,<=50K
7512,21.0,Private,9,Single,Black,Male,20,<=50K
7513,46.0,Public,13,Married,White,Male,45,>50K
7514,25.0,Private,7,Single,White,Male,40,<=50K
7515,29.0,Private,3,Married,White,Male,40,<=50K
7516,29.0,Public,13,Single,White,Male,48,<=50K
7517,33.0,Private,16,Single,White,Male,60,>50K
7518,50.0,Private,12,Single,White,Male,40,<=50K
7520,40.0,Private,9,Single,White,Male,40,<=50K
7521,28.0,Private,9,Married,Amer-Indian,Male,45,<=50K
7522,54.0,Private,9,Married,White,Male,40,<=50K
7523,29.0,Private,9,Married,White,Male,40,<=50K
7524,49.0,Private,9,Married,Black,Female,40,<=50K
7525,46.0,Private,7,Married,White,Female,27,<=50K
7526,71.0,Self-emp,6,Married,White,Male,8,<=50K
7527,27.0,Private,10,Married,White,Male,80,<=50K
7528,56.0,Private,9,Single,White,Female,40,<=50K
7529,64.0,Private,9,Married,Asian,Male,60,>50K
7530,23.0,Private,10,Married,White,Female,25,<=50K
7531,36.0,Private,13,Married,White,Male,40,>50K
7532,39.0,Public,14,Married,White,Male,45,>50K
7533,26.0,Private,9,Single,White,Male,40,<=50K
7534,31.0,Public,12,Married,White,Male,40,<=50K
7535,36.0,Private,13,Single,White,Female,40,<=50K
7536,43.0,Private,9,Married,White,Male,40,>50K
7537,25.0,Private,10,Single,White,Female,50,<=50K
7538,27.0,Private,9,Married,White,Male,40,<=50K
7539,24.0,Private,8,Single,White,Male,40,<=50K
7540,50.0,Self-emp,12,Married,White,Male,20,<=50K
7541,30.0,Private,9,Married,White,Male,40,<=50K
7542,24.0,Private,7,Single,White,Male,40,<=50K
7543,41.0,Public,14,Single,White,Female,36,>50K
7544,29.0,Private,10,Single,White,Male,45,<=50K
7545,31.0,Private,10,Married,White,Male,40,<=50K
7546,54.0,Private,10,Single,White,Female,40,<=50K
7547,20.0,Private,7,Married,White,Female,50,<=50K
7548,37.0,Private,9,Single,White,Male,40,<=50K
7549,28.0,Public,9,Single,Black,Male,30,<=50K
7550,39.0,Private,9,Married,White,Female,40,>50K
7551,46.0,Public,10,Single,White,Female,40,<=50K
7552,35.0,Private,13,Single,White,Female,42,<=50K
7553,36.0,Self-emp,10,Married,White,Male,20,>50K
7554,34.0,Unknown,9,Married,White,Male,25,<=50K
7555,44.0,Private,14,Married,White,Male,40,>50K
7556,34.0,Self-emp,13,Single,White,Male,50,<=50K
7557,28.0,Self-emp,9,Married,White,Male,50,>50K
7558,38.0,Self-emp,15,Married,White,Male,45,>50K
7559,64.0,Unknown,13,Married,White,Male,50,>50K
7560,19.0,Unknown,10,Single,White,Female,40,<=50K
7561,35.0,Private,13,Married,White,Male,52,>50K
7562,61.0,Private,9,Single,White,Female,40,<=50K
7563,45.0,Private,10,Single,White,Female,40,<=50K
7564,36.0,Private,9,Married,White,Male,40,<=50K
7565,34.0,Private,9,Single,Black,Male,30,<=50K
7566,27.0,Private,11,Married,White,Male,60,<=50K
7567,22.0,Private,6,Single,White,Male,40,<=50K
7568,26.0,Private,13,Single,White,Female,40,<=50K
7569,19.0,Private,7,Single,White,Female,15,<=50K
7570,36.0,Private,9,Single,White,Male,40,<=50K
7571,51.0,Private,13,Single,White,Male,50,>50K
7572,63.0,Private,9,Married,White,Male,40,>50K
7573,51.0,Private,9,Married,White,Male,40,<=50K
7574,20.0,Public,10,Single,White,Female,25,<=50K
7575,42.0,Self-emp,11,Married,White,Male,50,<=50K
7576,40.0,Unknown,13,Single,White,Female,40,<=50K
7577,25.0,Private,10,Married,White,Male,40,<=50K
7578,40.0,Private,11,Single,White,Female,50,<=50K
7579,41.0,Unknown,13,Married,White,Female,30,>50K
7580,49.0,Private,9,Single,White,Male,80,<=50K
7581,46.0,Private,9,Single,Black,Female,40,<=50K
7582,32.0,Self-emp,9,Single,White,Male,50,<=50K
7583,28.0,Private,10,Married,Black,Male,40,<=50K
7584,19.0,Unknown,9,Single,Black,Male,20,<=50K
7585,19.0,Private,9,Single,White,Female,25,<=50K
7586,18.0,Private,7,Single,Black,Male,20,<=50K
7587,39.0,Private,9,Single,White,Male,55,<=50K
7588,60.0,Self-emp,13,Single,White,Female,30,<=50K
7589,46.0,Public,13,Single,White,Female,40,<=50K
7590,38.0,Private,4,Married,White,Female,50,>50K
7591,36.0,Private,9,Married,White,Male,44,>50K
7592,45.0,Private,10,Married,White,Male,40,<=50K
7593,60.0,Public,13,Single,White,Female,40,<=50K
7594,30.0,Private,7,Married,White,Male,40,<=50K
7595,22.0,Private,10,Single,White,Female,43,<=50K
7596,23.0,Private,10,Single,White,Male,45,<=50K
7597,48.0,Public,10,Single,Black,Female,24,<=50K
7598,46.0,Private,9,Married,White,Female,15,<=50K
7599,43.0,Private,14,Married,White,Male,45,>50K
7600,25.0,Private,9,Married,Hispanic,Male,40,<=50K
7601,50.0,Private,10,Single,White,Male,40,<=50K
7602,61.0,Self-emp,9,Single,White,Male,55,<=50K
7603,35.0,Private,13,Single,White,Male,50,<=50K
7604,65.0,Public,10,Single,White,Female,40,<=50K
7605,56.0,Private,9,Married,Asian,Male,45,<=50K
7606,43.0,Self-emp,13,Married,Asian,Female,80,<=50K
7607,55.0,Private,9,Married,White,Male,50,<=50K
7608,22.0,Private,10,Single,White,Female,40,<=50K
7609,40.0,Private,10,Single,White,Male,32,<=50K
7610,35.0,Private,9,Married,White,Male,50,<=50K
7611,22.0,Unknown,10,Single,White,Male,50,<=50K
7612,20.0,Private,5,Married,White,Male,40,<=50K
7613,46.0,Public,8,Married,White,Male,35,>50K
7614,43.0,Private,9,Single,White,Male,40,<=50K
7615,46.0,Public,9,Single,Black,Female,40,<=50K
7616,39.0,Private,7,Married,Black,Male,37,<=50K
7617,34.0,Private,9,Single,White,Female,20,<=50K
7618,35.0,Private,9,Single,White,Female,35,<=50K
7619,30.0,Private,9,Single,White,Male,41,<=50K
7620,25.0,Private,9,Single,Black,Male,28,<=50K
7621,44.0,Private,14,Married,White,Male,35,>50K
7622,35.0,Private,9,Single,White,Female,40,<=50K
7623,41.0,Private,9,Married,White,Male,40,<=50K
7624,43.0,Public,13,Married,White,Male,40,>50K
7625,32.0,Private,10,Single,White,Female,40,<=50K
7626,50.0,Private,4,Married,White,Male,40,<=50K
7627,20.0,Private,10,Single,White,Female,15,<=50K
7628,29.0,Private,9,Married,White,Female,20,<=50K
7629,38.0,Private,15,Married,White,Male,70,>50K
7630,20.0,Private,6,Single,White,Male,50,<=50K
7631,41.0,Private,9,Single,Black,Female,40,<=50K
7632,27.0,Private,10,Single,White,Female,65,<=50K
7633,37.0,Private,5,Married,White,Male,40,<=50K
7634,62.0,Public,14,Single,White,Female,24,<=50K
7635,31.0,Private,6,Single,White,Male,40,<=50K
7636,49.0,Private,10,Single,Asian,Female,40,<=50K
7637,33.0,Public,13,Single,Black,Female,50,<=50K
7638,31.0,Private,9,Married,White,Male,40,>50K
7639,19.0,Private,10,Single,White,Female,35,<=50K
7640,44.0,Private,4,Married,White,Male,40,<=50K
7641,31.0,Self-emp,10,Single,White,Male,65,>50K
7642,62.0,Private,9,Married,White,Female,40,<=50K
7643,65.0,Self-emp,10,Married,White,Male,10,>50K
7644,17.0,Private,5,Married,White,Male,40,<=50K
7645,60.0,Private,9,Married,White,Male,44,>50K
7646,31.0,Private,7,Married,White,Male,40,<=50K
7647,29.0,Private,10,Single,Black,Female,40,<=50K
7648,53.0,Private,9,Married,White,Male,40,>50K
7649,44.0,Private,10,Married,White,Male,40,>50K
7650,43.0,Private,7,Married,White,Male,60,<=50K
7651,40.0,Public,10,Married,White,Male,40,<=50K
7652,18.0,Private,7,Single,Black,Female,10,<=50K
7653,47.0,Private,9,Single,White,Female,43,<=50K
7654,38.0,Public,13,Married,White,Male,40,<=50K
7655,37.0,Private,12,Married,White,Female,25,<=50K
7656,40.0,Private,10,Single,Amer-Indian,Female,40,<=50K
7657,57.0,Self-emp,9,Married,Black,Male,60,>50K
7658,43.0,Private,9,Single,White,Female,40,<=50K
7659,32.0,Private,13,Married,Hispanic,Male,40,<=50K
7660,64.0,Private,10,Married,White,Male,40,<=50K
7661,18.0,Private,8,Single,White,Female,20,<=50K
7662,40.0,Self-emp,13,Single,White,Male,50,<=50K
7663,17.0,Unknown,7,Single,Black,Female,40,<=50K
7664,23.0,Private,9,Single,White,Male,40,<=50K
7665,45.0,Private,11,Single,Black,Female,40,<=50K
7666,45.0,Self-emp,14,Single,White,Female,15,<=50K
7667,27.0,Private,6,Single,White,Male,60,<=50K
7669,58.0,Self-emp,9,Married,Asian,Male,30,<=50K
7670,35.0,Private,9,Single,White,Female,75,<=50K
7671,47.0,Private,14,Single,White,Male,40,>50K
7672,33.0,Private,9,Married,White,Male,50,<=50K
7673,27.0,Private,13,Single,Asian,Male,40,>50K
7674,46.0,Private,12,Married,White,Male,40,>50K
7675,24.0,Private,10,Married,White,Male,56,<=50K
7677,44.0,Private,9,Single,White,Female,24,<=50K
7678,31.0,Public,13,Married,White,Male,97,>50K
7679,37.0,Private,11,Married,White,Male,40,>50K
7680,23.0,Private,11,Single,White,Female,40,<=50K
7681,30.0,Self-emp,13,Married,White,Male,52,>50K
7682,31.0,Private,10,Married,Black,Male,35,<=50K
7683,24.0,Unknown,9,Single,White,Female,32,<=50K
7684,32.0,Private,10,Married,White,Male,40,<=50K
7685,27.0,Private,9,Single,White,Male,40,<=50K
7686,35.0,Public,9,Single,Amer-Indian,Male,55,<=50K
7687,27.0,Private,13,Single,White,Male,40,<=50K
7688,30.0,Self-emp,13,Married,White,Male,70,<=50K
7689,33.0,Self-emp,9,Single,White,Male,70,<=50K
7690,34.0,Private,16,Married,White,Male,45,>50K
7691,29.0,Private,10,Married,White,Male,50,<=50K
7692,26.0,Public,14,Single,White,Female,40,<=50K
7693,39.0,Self-emp,9,Single,White,Male,40,<=50K
7694,37.0,Self-emp,10,Married,White,Male,50,>50K
7695,51.0,Private,10,Single,White,Female,50,>50K
7696,40.0,Private,10,Single,White,Male,47,>50K
7697,53.0,Private,4,Married,Asian,Male,40,<=50K
7698,58.0,Public,10,Married,Asian,Male,40,>50K
7699,29.0,Private,13,Married,White,Male,40,>50K
7700,33.0,Private,9,Married,Hispanic,Male,40,<=50K
7701,57.0,Private,14,Married,White,Male,60,>50K
7702,69.0,Public,9,Married,White,Male,40,<=50K
7703,20.0,Private,10,Single,White,Female,12,<=50K
7704,56.0,Private,9,Married,White,Female,25,<=50K
7705,49.0,Private,3,Married,White,Male,40,<=50K
7706,34.0,Private,9,Married,White,Male,40,<=50K
7707,70.0,Private,9,Married,White,Male,37,<=50K
7708,44.0,Private,13,Single,White,Female,45,<=50K
7709,37.0,Private,13,Single,White,Male,40,>50K
7710,58.0,Public,13,Married,White,Male,58,<=50K
7711,42.0,Self-emp,10,Married,White,Female,25,<=50K
7712,41.0,Private,9,Married,White,Male,40,<=50K
7713,28.0,Private,9,Single,White,Female,40,<=50K
7714,47.0,Public,14,Married,White,Male,60,>50K
7715,24.0,Private,9,Married,White,Female,40,<=50K
7716,58.0,Self-emp,9,Married,White,Male,55,>50K
7717,18.0,Private,9,Single,White,Female,25,<=50K
7718,50.0,Private,10,Married,White,Male,50,>50K
7719,69.0,Private,10,Married,White,Female,24,<=50K
7720,84.0,Private,14,Single,White,Male,66,<=50K
7721,47.0,Private,13,Married,White,Male,60,>50K
7722,19.0,Private,8,Single,White,Male,20,<=50K
7723,24.0,Private,10,Single,Black,Male,40,<=50K
7724,48.0,Unknown,13,Married,White,Male,6,<=50K
7725,53.0,Private,9,Single,White,Male,50,<=50K
7726,58.0,Private,10,Married,White,Male,45,<=50K
7727,22.0,Private,10,Single,White,Male,24,<=50K
7728,36.0,Self-emp,10,Married,White,Male,52,<=50K
7729,34.0,Private,8,Single,White,Female,40,<=50K
7730,43.0,Private,2,Married,White,Female,21,<=50K
7731,37.0,Private,9,Married,White,Male,24,<=50K
7732,43.0,Private,15,Single,White,Male,50,>50K
7733,42.0,Private,10,Married,White,Female,40,>50K
7734,21.0,Private,10,Single,White,Male,30,<=50K
7735,49.0,Self-emp,9,Married,White,Male,60,<=50K
7736,35.0,Private,9,Married,Black,Male,40,<=50K
7737,49.0,Self-emp,10,Married,White,Female,30,<=50K
7738,28.0,Private,10,Single,Black,Male,40,<=50K
7739,51.0,Private,2,Married,White,Male,40,<=50K
7740,30.0,Unknown,13,Single,White,Female,40,<=50K
7741,19.0,Private,4,Single,White,Male,60,>50K
7742,56.0,Private,5,Married,White,Male,40,<=50K
7743,20.0,Private,9,Single,White,Male,8,<=50K
7744,22.0,Private,10,Single,White,Female,37,<=50K
7745,33.0,Private,9,Married,White,Male,56,>50K
7746,54.0,Unknown,9,Single,White,Male,45,<=50K
7747,22.0,Private,10,Single,White,Male,50,<=50K
7748,68.0,Private,10,Single,White,Female,30,<=50K
7749,56.0,Public,13,Single,White,Female,40,<=50K
7750,23.0,Unknown,9,Single,White,Male,40,<=50K
7751,69.0,Self-emp,5,Married,White,Male,40,<=50K
7752,41.0,Private,13,Single,White,Male,40,<=50K
7753,33.0,Private,9,Single,Black,Female,40,<=50K
7754,18.0,Private,7,Single,White,Female,8,<=50K
7755,17.0,Private,7,Single,Black,Male,16,<=50K
7756,31.0,Private,7,Single,Black,Male,40,<=50K
7757,50.0,Private,10,Married,White,Male,60,>50K
7758,62.0,Private,6,Married,White,Female,40,<=50K
7759,41.0,Private,9,Single,White,Female,52,<=50K
7760,20.0,Public,9,Single,White,Female,40,<=50K
7762,18.0,Private,9,Single,White,Male,20,<=50K
7763,53.0,Unknown,4,Single,White,Male,40,<=50K
7764,42.0,Private,5,Married,White,Male,40,<=50K
7765,23.0,Private,13,Single,White,Male,40,<=50K
7766,43.0,Private,9,Single,White,Female,40,<=50K
7767,47.0,Private,9,Married,White,Male,55,<=50K
7768,53.0,Public,3,Married,White,Male,40,<=50K
7769,28.0,Private,6,Single,White,Male,40,<=50K
7770,28.0,Public,10,Married,White,Male,40,<=50K
7771,44.0,Private,10,Married,White,Male,45,<=50K
7772,58.0,Private,9,Married,White,Male,40,<=50K
7773,25.0,Unknown,4,Single,White,Female,32,<=50K
7774,26.0,Private,9,Single,White,Female,40,<=50K
7775,36.0,Self-emp,10,Married,White,Male,8,<=50K
7776,27.0,Private,9,Single,White,Female,40,<=50K
7777,39.0,Private,16,Married,White,Male,45,>50K
7778,25.0,Private,13,Married,White,Male,40,<=50K
7779,17.0,Private,7,Single,White,Female,15,<=50K
7780,39.0,Private,13,Single,White,Male,50,<=50K
7781,52.0,Private,9,Married,White,Male,40,<=50K
7782,24.0,Private,13,Single,White,Female,50,<=50K
7783,26.0,Self-emp,11,Married,White,Male,55,<=50K
7784,24.0,Unknown,13,Single,White,Female,40,<=50K
7785,32.0,Private,9,Married,White,Male,40,>50K
7786,49.0,Public,14,Married,White,Male,40,>50K
7787,20.0,Unknown,10,Single,White,Female,25,<=50K
7788,40.0,Private,7,Married,White,Male,40,<=50K
7789,52.0,Private,15,Single,White,Male,60,>50K
7790,33.0,Private,9,Single,White,Male,40,<=50K
7791,19.0,Private,9,Married,White,Male,20,<=50K
7793,21.0,Public,10,Single,White,Female,20,<=50K
7794,33.0,Private,10,Single,White,Male,36,<=50K
7795,28.0,Private,12,Single,White,Female,40,<=50K
7796,48.0,Private,9,Married,White,Male,40,<=50K
7797,43.0,Private,13,Single,White,Male,40,<=50K
7798,32.0,Private,9,Married,White,Male,40,<=50K
7799,28.0,Private,9,Single,White,Male,30,<=50K
7800,47.0,Self-emp,13,Married,Asian,Male,40,<=50K
7801,37.0,Private,13,Married,White,Male,50,>50K
7802,26.0,Private,10,Single,Black,Male,30,<=50K
7803,55.0,Private,9,Married,White,Male,60,<=50K
7804,40.0,Private,12,Single,White,Female,40,<=50K
7805,31.0,Private,13,Married,White,Male,40,>50K
7806,39.0,Private,9,Married,White,Male,40,>50K
7807,54.0,Self-emp,10,Married,White,Male,54,>50K
7808,38.0,Private,10,Married,Asian,Male,40,<=50K
7809,53.0,Self-emp,9,Married,White,Male,85,<=50K
7810,27.0,Self-emp,12,Single,White,Female,78,<=50K
7812,62.0,Private,10,Single,White,Female,40,<=50K
7813,47.0,Private,7,Married,White,Male,58,<=50K
7814,26.0,Private,13,Single,White,Female,50,<=50K
7815,33.0,Unknown,9,Single,Black,Female,20,<=50K
7816,59.0,Private,10,Single,White,Male,40,<=50K
7817,42.0,Private,9,Single,White,Female,45,<=50K
7818,25.0,Private,13,Married,White,Male,45,>50K
7819,58.0,Private,9,Single,White,Male,36,<=50K
7820,30.0,Private,10,Single,White,Female,60,<=50K
7821,21.0,Private,10,Single,White,Female,40,<=50K
7822,61.0,Private,9,Married,White,Male,40,<=50K
7823,33.0,Private,12,Married,White,Male,40,<=50K
7824,51.0,Private,14,Married,White,Male,40,>50K
7825,70.0,Private,10,Married,White,Female,12,<=50K
7826,55.0,Unknown,9,Married,White,Male,30,>50K
7827,29.0,Self-emp,10,Single,White,Male,50,<=50K
7828,46.0,Private,14,Married,White,Female,44,<=50K
7829,35.0,Public,10,Single,Asian,Female,40,<=50K
7830,31.0,Private,9,Married,White,Male,43,>50K
7831,37.0,Private,10,Married,White,Male,42,>50K
7832,43.0,Private,10,Married,White,Male,43,>50K
7833,23.0,Private,9,Single,White,Male,40,<=50K
7834,41.0,Private,9,Single,White,Male,44,>50K
7835,42.0,Public,13,Married,White,Female,50,>50K
7836,26.0,Private,6,Single,White,Female,40,<=50K
7837,45.0,Private,10,Married,White,Male,40,>50K
7838,25.0,Private,12,Married,White,Male,40,<=50K
7839,33.0,Unknown,4,Single,White,Male,40,<=50K
7840,38.0,Private,13,Married,White,Male,50,>50K
7841,28.0,Private,9,Single,White,Female,50,<=50K
7842,68.0,Self-emp,11,Married,White,Male,40,<=50K
7843,42.0,Public,9,Married,White,Male,40,>50K
7844,35.0,Private,14,Married,White,Male,40,<=50K
7845,36.0,Private,10,Single,White,Female,40,<=50K
7846,33.0,Private,9,Married,White,Male,35,<=50K
7847,22.0,Private,10,Single,White,Female,30,<=50K
7848,45.0,Public,13,Married,White,Male,50,>50K
7849,24.0,Private,10,Single,White,Female,40,<=50K
7850,57.0,Private,2,Married,White,Male,35,<=50K
7851,36.0,Public,9,Married,White,Male,40,>50K
7852,41.0,Private,9,Single,White,Female,40,<=50K
7853,26.0,Self-emp,10,Single,White,Female,35,<=50K
7854,25.0,Self-emp,10,Single,White,Female,50,<=50K
7855,53.0,Public,10,Married,White,Male,50,<=50K
7856,28.0,Public,12,Married,White,Male,40,<=50K
7857,30.0,Public,14,Single,White,Female,40,<=50K
7858,38.0,Self-emp,7,Married,White,Male,40,<=50K
7859,37.0,Public,10,Single,White,Male,48,<=50K
7860,30.0,Private,14,Married,White,Male,38,<=50K
7861,41.0,Private,9,Married,Black,Female,40,<=50K
7862,29.0,Unknown,10,Single,Black,Male,36,<=50K
7863,31.0,Private,10,Single,White,Male,80,<=50K
7864,36.0,Private,9,Married,White,Male,55,<=50K
7865,59.0,Self-emp,9,Married,White,Male,60,<=50K
7866,33.0,Self-emp,9,Married,White,Male,35,<=50K
7867,29.0,Private,9,Married,White,Male,55,>50K
7868,49.0,Public,10,Married,White,Male,40,>50K
7869,50.0,Public,6,Single,White,Male,56,<=50K
7870,33.0,Private,13,Married,White,Male,45,>50K
7871,28.0,Private,4,Married,White,Male,40,<=50K
7872,81.0,Unknown,9,Single,White,Female,35,<=50K
7873,24.0,Private,10,Single,White,Female,16,<=50K
7874,32.0,Self-emp,10,Married,White,Male,50,<=50K
7875,47.0,Public,9,Married,Black,Male,40,>50K
7876,44.0,Unknown,9,Married,Black,Male,40,<=50K
7877,24.0,Private,10,Single,White,Male,40,<=50K
7878,37.0,Public,10,Married,White,Female,36,>50K
7879,51.0,Private,13,Married,White,Male,40,>50K
7880,52.0,Private,9,Married,White,Male,50,<=50K
7881,22.0,Private,10,Single,White,Female,40,<=50K
7882,28.0,Private,12,Single,Hispanic,Male,40,<=50K
7883,47.0,Self-emp,10,Married,White,Male,40,<=50K
7884,43.0,Private,9,Married,White,Male,40,<=50K
7885,25.0,Private,9,Single,White,Male,45,<=50K
7886,43.0,Private,10,Married,White,Male,60,>50K
7887,25.0,Private,13,Single,White,Female,20,<=50K
7888,59.0,Private,14,Married,White,Male,60,<=50K
7889,29.0,Private,12,Single,White,Female,35,<=50K
7890,30.0,Private,5,Married,White,Female,40,<=50K
7891,24.0,Private,10,Married,Hispanic,Female,40,<=50K
7892,38.0,Private,13,Single,White,Male,40,<=50K
7893,37.0,Self-emp,9,Married,White,Male,60,>50K
7894,26.0,Private,1,Married,White,Male,40,<=50K
7895,30.0,Private,9,Single,White,Female,40,<=50K
7896,73.0,Public,14,Married,White,Male,10,>50K
7897,30.0,Private,9,Married,Black,Male,40,<=50K
7898,33.0,Private,9,Married,White,Male,40,<=50K
7899,46.0,Private,10,Married,White,Male,58,<=50K
7901,18.0,Private,7,Single,White,Male,40,<=50K
7902,35.0,Private,13,Married,White,Female,8,>50K
7903,22.0,Private,9,Single,White,Female,40,<=50K
7904,50.0,Self-emp,9,Married,Black,Male,60,<=50K
7906,39.0,Self-emp,13,Married,White,Male,40,>50K
7907,22.0,Private,10,Single,White,Male,40,<=50K
7908,33.0,Private,9,Single,Black,Female,40,<=50K
7909,31.0,Private,9,Single,Asian,Female,40,<=50K
7910,29.0,Private,13,Single,White,Male,40,<=50K
7912,24.0,Private,13,Single,White,Female,35,<=50K
7913,29.0,Public,9,Single,White,Female,40,<=50K
7914,49.0,Public,14,Married,White,Male,40,>50K
7915,33.0,Private,4,Married,White,Male,40,<=50K
7916,28.0,Private,9,Single,White,Male,48,<=50K
7917,22.0,Private,13,Single,White,Female,60,<=50K
7918,37.0,Private,9,Married,White,Male,40,<=50K
7919,30.0,Private,9,Married,White,Male,50,<=50K
7920,49.0,Private,4,Married,White,Male,40,<=50K
7921,29.0,Private,9,Married,White,Male,40,<=50K
7922,25.0,Private,9,Single,White,Female,40,<=50K
7923,36.0,Private,9,Married,White,Female,40,<=50K
7924,36.0,Public,16,Single,White,Male,45,<=50K
7925,21.0,Private,9,Single,White,Male,22,<=50K
7926,18.0,Private,10,Single,White,Female,30,<=50K
7927,30.0,Public,11,Single,White,Male,40,<=50K
7928,44.0,Private,10,Single,Black,Female,40,<=50K
7929,40.0,Private,10,Married,White,Male,50,<=50K
7930,43.0,Private,9,Married,White,Male,44,<=50K
7931,45.0,Private,13,Married,White,Male,50,>50K
7933,40.0,Private,10,Married,White,Female,40,<=50K
7934,43.0,Private,10,Married,White,Male,48,<=50K
7935,20.0,Private,10,Single,White,Female,20,<=50K
7936,32.0,Public,13,Married,White,Male,20,<=50K
7937,19.0,Private,10,Single,White,Female,16,<=50K
7938,21.0,Private,9,Single,White,Male,40,<=50K
7939,23.0,Private,11,Married,White,Male,40,<=50K
7940,24.0,Private,7,Single,Black,Female,40,<=50K
7941,52.0,Private,11,Single,White,Male,32,<=50K
7942,51.0,Unknown,10,Single,White,Female,40,<=50K
7943,19.0,Private,10,Single,White,Male,35,<=50K
7944,54.0,Private,10,Married,White,Male,45,>50K
7945,50.0,Private,9,Single,White,Female,48,<=50K
7946,29.0,Private,10,Single,White,Male,40,<=50K
7947,17.0,Private,6,Single,White,Male,10,<=50K
7948,47.0,Private,9,Single,White,Female,37,<=50K
7949,46.0,Private,13,Single,Black,Female,32,<=50K
7951,58.0,Private,10,Married,White,Female,30,<=50K
7952,48.0,Private,13,Single,Black,Female,40,<=50K
7953,23.0,Private,10,Single,White,Male,40,<=50K
7954,23.0,Private,11,Single,White,Female,36,<=50K
7955,45.0,Private,9,Married,White,Male,40,<=50K
7956,20.0,Private,10,Single,Black,Male,20,<=50K
7957,26.0,Private,4,Single,White,Male,48,<=50K
7958,50.0,Public,13,Single,White,Female,40,>50K
7959,49.0,Private,9,Married,White,Male,48,>50K
7960,26.0,Private,10,Single,White,Male,40,<=50K
7961,47.0,Private,15,Single,White,Male,40,<=50K
7962,31.0,Private,8,Single,White,Male,50,<=50K
7963,19.0,Unknown,10,Single,White,Female,40,<=50K
7964,23.0,Private,6,Married,White,Male,40,<=50K
7965,35.0,Private,9,Married,White,Male,40,<=50K
7966,46.0,Private,10,Married,White,Male,50,>50K
7967,28.0,Self-emp,7,Single,White,Male,40,<=50K
7968,58.0,Private,10,Married,White,Male,45,>50K
7969,21.0,Private,9,Single,White,Female,40,<=50K
7970,50.0,Self-emp,6,Single,White,Female,50,<=50K
7971,30.0,Unknown,5,Single,White,Female,30,<=50K
7972,31.0,Private,13,Single,White,Female,40,<=50K
7973,31.0,Self-emp,13,Married,White,Female,20,<=50K
7974,35.0,Self-emp,9,Married,White,Male,40,>50K
7975,33.0,Private,16,Married,White,Male,60,>50K
7976,34.0,Private,14,Married,White,Male,55,>50K
7977,67.0,Unknown,15,Married,White,Male,10,>50K
7978,37.0,Private,9,Married,White,Male,45,>50K
7979,48.0,Private,14,Married,White,Male,40,>50K
7980,34.0,Public,13,Single,Asian,Male,40,<=50K
7981,24.0,Private,10,Single,White,Male,40,<=50K
7982,55.0,Private,9,Single,White,Female,40,<=50K
7983,50.0,Private,9,Married,White,Male,40,>50K
7984,40.0,Private,13,Married,White,Male,60,>50K
7985,33.0,Private,13,Single,White,Male,30,<=50K
7986,51.0,Public,10,Married,White,Male,40,<=50K
7987,30.0,Private,10,Single,White,Male,40,<=50K
7988,41.0,Private,9,Married,White,Male,40,<=50K
7989,47.0,Public,11,Married,White,Male,40,>50K
7990,27.0,Private,4,Single,White,Male,50,<=50K
7991,37.0,Private,13,Single,White,Female,32,>50K
7992,40.0,Private,11,Married,White,Male,40,<=50K
7993,36.0,Private,9,Married,White,Male,40,<=50K
7995,38.0,Private,15,Single,White,Male,35,>50K
7996,40.0,Self-emp,10,Married,White,Male,50,<=50K
7997,35.0,Private,13,Single,White,Female,40,<=50K
7998,47.0,Self-emp,9,Married,White,Female,20,>50K
7999,20.0,Unknown,10,Single,White,Male,60,<=50K
8000,33.0,Private,14,Married,White,Male,45,>50K
8001,45.0,Private,10,Single,White,Female,40,<=50K
8002,66.0,Unknown,10,Married,White,Male,40,>50K
8003,35.0,Self-emp,9,Single,Black,Female,38,<=50K
8004,32.0,Private,7,Married,White,Male,45,<=50K
8005,23.0,Private,10,Married,Black,Male,50,<=50K
8006,19.0,Private,9,Single,White,Female,15,<=50K
8007,44.0,Unknown,10,Married,White,Male,40,<=50K
8008,20.0,Private,9,Single,Black,Male,35,<=50K
8009,44.0,Self-emp,13,Married,White,Male,30,<=50K
8010,41.0,Public,9,Married,White,Male,40,<=50K
8011,19.0,Private,10,Single,White,Female,40,<=50K
8012,48.0,Private,9,Single,White,Female,35,<=50K
8013,45.0,Private,10,Married,White,Male,65,>50K
8014,40.0,Private,4,Married,Asian,Male,42,<=50K
8015,34.0,Private,9,Married,White,Male,55,>50K
8016,20.0,Private,10,Single,Hispanic,Female,40,<=50K
8017,33.0,Private,10,Single,White,Female,40,<=50K
8018,30.0,Private,9,Married,White,Female,20,<=50K
8019,23.0,Private,10,Single,White,Male,32,<=50K
8020,34.0,Private,6,Single,White,Female,38,<=50K
8021,48.0,Public,10,Married,White,Male,40,>50K
8022,32.0,Unknown,7,Single,White,Female,49,<=50K
8023,42.0,Private,10,Married,Black,Male,40,>50K
8024,22.0,Private,9,Single,Asian,Male,40,<=50K
8025,60.0,Self-emp,9,Married,White,Male,42,>50K
8026,42.0,Private,13,Married,White,Male,55,>50K
8027,45.0,Private,13,Single,White,Female,55,<=50K
8029,29.0,Private,14,Married,White,Female,40,>50K
8030,34.0,Private,13,Single,White,Male,38,<=50K
8031,34.0,Private,13,Single,White,Female,40,>50K
8032,39.0,Public,9,Married,White,Male,40,<=50K
8033,29.0,Private,10,Single,White,Female,24,<=50K
8034,42.0,Self-emp,10,Single,White,Male,60,<=50K
8035,48.0,Private,7,Single,Black,Female,35,<=50K
8036,53.0,Private,13,Married,Black,Male,40,>50K
8037,51.0,Private,10,Married,White,Female,45,<=50K
8038,44.0,Self-emp,13,Married,White,Male,90,<=50K
8039,46.0,Self-emp,11,Married,White,Male,60,>50K
8040,51.0,Private,16,Single,White,Female,60,>50K
8041,32.0,Private,10,Single,White,Female,40,<=50K
8042,22.0,Unknown,9,Single,Black,Male,30,<=50K
8043,24.0,Private,10,Single,White,Male,45,<=50K
8044,33.0,Private,11,Single,Black,Female,26,<=50K
8045,47.0,Self-emp,9,Married,White,Male,90,<=50K
8046,64.0,Self-emp,14,Single,White,Male,50,<=50K
8047,62.0,Private,13,Married,White,Male,50,>50K
8048,52.0,Private,9,Married,White,Male,40,>50K
8049,39.0,Private,9,Single,White,Female,40,<=50K
8050,42.0,Private,9,Married,White,Male,48,<=50K
8051,38.0,Public,13,Married,White,Male,42,>50K
8052,55.0,Private,4,Married,White,Male,50,<=50K
8053,29.0,Unknown,9,Married,White,Female,27,<=50K
8054,42.0,Private,12,Single,White,Female,24,<=50K
8055,30.0,Private,12,Married,White,Female,50,>50K
8056,32.0,Private,5,Married,White,Male,40,<=50K
8057,36.0,Unknown,9,Married,White,Male,30,<=50K
8058,50.0,Public,7,Single,Black,Female,40,<=50K
8059,27.0,Private,9,Single,Asian,Male,40,<=50K
8060,47.0,Private,9,Married,White,Male,60,<=50K
8061,33.0,Private,5,Single,White,Male,35,<=50K
8062,48.0,Self-emp,10,Single,White,Male,40,<=50K
8063,23.0,Private,4,Single,White,Male,35,<=50K
8064,31.0,Public,13,Married,White,Male,40,>50K
8065,26.0,Private,10,Married,Black,Male,40,<=50K
8066,61.0,Self-emp,9,Married,Asian,Male,63,<=50K
8067,50.0,Private,13,Single,Black,Male,40,<=50K
8068,49.0,Private,11,Married,White,Male,40,>50K
8069,57.0,Unknown,3,Married,White,Male,84,>50K
8070,19.0,Private,9,Single,Asian,Male,24,<=50K
8071,18.0,Private,7,Single,White,Male,15,<=50K
8072,44.0,Self-emp,12,Married,White,Female,99,<=50K
8073,54.0,Private,11,Married,White,Male,50,<=50K
8074,35.0,Public,9,Married,White,Male,40,>50K
8075,27.0,Public,14,Single,Asian,Male,20,<=50K
8076,50.0,Self-emp,9,Married,White,Male,50,<=50K
8077,43.0,Public,9,Married,White,Male,40,<=50K
8078,28.0,Private,10,Single,White,Male,40,<=50K
8079,47.0,Private,9,Married,White,Male,40,<=50K
8080,21.0,Private,1,Single,White,Male,50,<=50K
8081,30.0,Private,15,Single,White,Female,45,<=50K
8082,19.0,Private,9,Single,White,Male,45,<=50K
8083,40.0,Private,10,Married,White,Male,40,<=50K
8084,55.0,Private,14,Married,White,Male,50,>50K
8085,67.0,Unknown,9,Single,White,Male,20,<=50K
8086,31.0,Private,11,Single,White,Male,43,<=50K
8087,30.0,Private,11,Single,White,Male,40,<=50K
8088,54.0,Unknown,1,Married,White,Female,40,<=50K
8089,51.0,Public,13,Single,Amer-Indian,Female,43,<=50K
8090,34.0,Private,9,Single,White,Female,40,<=50K
8091,59.0,Private,14,Married,White,Male,45,>50K
8092,50.0,Private,9,Single,White,Female,38,<=50K
8093,29.0,Private,9,Single,White,Male,40,<=50K
8094,17.0,Public,6,Single,White,Male,40,<=50K
8095,24.0,Private,9,Single,White,Female,30,<=50K
8096,52.0,Unknown,1,Married,White,Male,40,<=50K
8097,39.0,Private,14,Married,White,Female,18,>50K
8098,18.0,Unknown,8,Single,White,Female,25,<=50K
8099,32.0,Private,10,Single,Black,Male,40,<=50K
8100,25.0,Unknown,10,Single,White,Female,50,<=50K
8101,34.0,Private,9,Single,White,Female,45,<=50K
8102,44.0,Self-emp,9,Married,White,Male,40,>50K
8103,37.0,Public,10,Single,White,Female,40,<=50K
8104,39.0,Private,14,Married,White,Female,65,>50K
8105,32.0,Self-emp,15,Married,White,Male,40,>50K
8106,23.0,Private,10,Single,White,Female,28,<=50K
8107,45.0,Public,10,Single,White,Male,42,<=50K
8108,30.0,Private,7,Single,White,Male,40,<=50K
8109,20.0,Private,8,Single,White,Female,10,<=50K
8110,41.0,Private,9,Married,White,Male,4,<=50K
8111,21.0,Private,9,Single,White,Female,30,<=50K
8112,48.0,Private,4,Married,Asian,Male,30,<=50K
8113,31.0,Private,9,Married,White,Male,45,>50K
8114,34.0,Private,11,Single,Black,Male,40,<=50K
8115,25.0,Private,9,Single,Black,Male,40,<=50K
8116,41.0,Self-emp,13,Single,White,Male,35,<=50K
8117,35.0,Self-emp,15,Married,White,Male,50,>50K
8118,42.0,Private,13,Single,White,Female,40,<=50K
8119,34.0,Self-emp,9,Married,White,Male,75,>50K
8120,44.0,Private,6,Married,White,Male,60,<=50K
8121,32.0,Private,13,Married,White,Male,40,>50K
8122,25.0,Private,10,Single,Asian,Male,40,<=50K
8123,23.0,Private,7,Married,White,Male,50,<=50K
8124,36.0,Private,15,Single,Hispanic,Male,40,>50K
8125,53.0,Self-emp,13,Single,White,Male,60,>50K
8126,27.0,Private,16,Single,White,Male,52,<=50K
8127,27.0,Private,13,Single,White,Female,65,<=50K
8128,57.0,Private,9,Single,White,Female,45,<=50K
8129,17.0,Private,7,Single,White,Female,20,<=50K
8130,59.0,Public,9,Single,White,Female,38,<=50K
8131,34.0,Private,9,Single,White,Female,40,<=50K
8132,30.0,Private,6,Married,White,Male,55,<=50K
8133,31.0,Public,12,Single,Black,Female,45,<=50K
8134,18.0,Unknown,7,Single,White,Male,40,<=50K
8135,23.0,Private,10,Single,White,Male,30,<=50K
8136,19.0,Private,9,Single,White,Male,40,<=50K
8137,20.0,Self-emp,11,Single,White,Male,40,<=50K
8138,52.0,Self-emp,9,Single,White,Male,40,<=50K
8139,39.0,Public,13,Married,White,Male,50,>50K
8140,27.0,Private,9,Single,White,Female,50,<=50K
8141,19.0,Private,10,Single,White,Female,35,<=50K
8142,38.0,Public,13,Married,White,Female,15,<=50K
8143,19.0,Private,9,Single,White,Male,16,<=50K
8144,34.0,Private,13,Married,White,Female,40,>50K
8145,41.0,Private,9,Married,White,Male,45,<=50K
8146,23.0,Private,9,Married,White,Female,40,<=50K
8147,24.0,Unknown,12,Single,White,Male,12,<=50K
8148,24.0,Private,13,Single,White,Female,40,<=50K
8149,22.0,Private,6,Single,Amer-Indian,Male,84,<=50K
8150,45.0,Private,15,Married,White,Male,60,>50K
8151,45.0,Private,9,Married,White,Male,60,>50K
8152,48.0,Private,13,Married,Asian,Male,40,>50K
8153,42.0,Private,13,Married,White,Male,60,<=50K
8154,35.0,Self-emp,10,Married,White,Male,50,<=50K
8155,32.0,Private,9,Single,Amer-Indian,Female,40,<=50K
8156,51.0,Public,9,Married,White,Female,32,<=50K
8157,59.0,Private,10,Married,White,Male,40,>50K
8158,31.0,Public,9,Single,White,Male,40,<=50K
8159,27.0,Public,13,Single,White,Male,50,<=50K
8160,29.0,Private,13,Married,Black,Male,80,>50K
8161,57.0,Private,12,Married,White,Female,35,<=50K
8162,40.0,Private,9,Single,White,Male,40,<=50K
8163,31.0,Private,9,Single,White,Male,40,<=50K
8164,23.0,Private,4,Single,White,Male,40,<=50K
8165,42.0,Private,9,Single,White,Female,35,<=50K
8166,60.0,Private,9,Married,White,Male,40,<=50K
8167,53.0,Public,14,Single,White,Female,50,>50K
8168,20.0,Unknown,10,Single,White,Female,40,<=50K
8169,27.0,Private,9,Single,White,Male,40,<=50K
8170,31.0,Private,9,Married,White,Male,45,<=50K
8171,29.0,Public,13,Single,White,Male,40,<=50K
8173,42.0,Private,13,Single,White,Female,38,>50K
8174,63.0,Self-emp,15,Married,White,Male,50,>50K
8175,28.0,Private,9,Married,White,Male,40,<=50K
8176,79.0,Private,10,Married,White,Male,20,<=50K
8177,39.0,Private,9,Married,White,Male,40,>50K
8178,29.0,Private,8,Single,Hispanic,Male,40,<=50K
8179,60.0,Private,4,Single,White,Male,40,<=50K
8181,20.0,Private,12,Single,White,Female,18,<=50K
8182,44.0,Private,9,Married,White,Male,65,>50K
8183,47.0,Private,9,Married,White,Male,48,<=50K
8184,59.0,Private,9,Married,White,Male,24,>50K
8185,37.0,Private,14,Single,White,Male,65,<=50K
8186,21.0,Private,9,Single,White,Male,40,<=50K
8187,68.0,Private,11,Married,White,Female,40,<=50K
8188,43.0,Private,10,Married,White,Male,40,<=50K
8189,23.0,Unknown,10,Single,Black,Female,40,<=50K
8190,23.0,Private,9,Single,White,Female,33,<=50K
8191,40.0,Public,14,Single,White,Female,35,<=50K
8192,45.0,Self-emp,10,Single,White,Female,35,<=50K
8193,34.0,Unknown,11,Married,White,Male,60,>50K
8194,22.0,Private,10,Single,White,Male,40,<=50K
8195,38.0,Private,13,Married,White,Male,50,>50K
8196,24.0,Private,10,Single,White,Male,49,<=50K
8197,23.0,Private,9,Married,White,Female,40,<=50K
8198,39.0,Public,10,Married,White,Male,45,>50K
8199,26.0,Private,10,Single,White,Male,40,<=50K
8200,24.0,Private,9,Single,White,Male,40,<=50K
8201,22.0,Private,10,Single,White,Male,25,<=50K
8202,36.0,Private,13,Married,White,Male,55,<=50K
8203,20.0,Private,10,Single,White,Female,20,<=50K
8204,18.0,Private,7,Single,Black,Male,8,<=50K
8205,38.0,Private,13,Married,White,Male,40,>50K
8206,43.0,Self-emp,13,Single,White,Male,35,<=50K
8207,56.0,Private,9,Single,Black,Male,40,<=50K
8208,42.0,Private,14,Married,White,Male,40,>50K
8209,35.0,Private,13,Married,White,Male,50,>50K
8210,31.0,Private,10,Single,White,Female,45,<=50K
8211,73.0,Private,2,Married,White,Male,20,<=50K
8212,32.0,Private,10,Single,White,Female,42,<=50K
8213,37.0,Private,14,Married,White,Male,45,>50K
8214,66.0,Private,9,Married,White,Male,10,<=50K
8215,22.0,Private,9,Single,White,Female,35,<=50K
8216,51.0,Private,11,Married,White,Male,40,<=50K
8217,31.0,Private,9,Single,White,Male,35,<=50K
8218,65.0,Private,9,Single,White,Female,59,<=50K
8219,39.0,Private,9,Married,Black,Female,45,<=50K
8220,48.0,Private,10,Married,White,Female,37,<=50K
8221,20.0,Private,10,Single,White,Female,40,<=50K
8222,28.0,Unknown,12,Single,White,Male,40,<=50K
8223,48.0,Private,13,Married,White,Male,50,>50K
8224,29.0,Public,15,Married,White,Male,80,<=50K
8225,36.0,Self-emp,16,Single,White,Male,30,>50K
8226,35.0,Self-emp,13,Married,White,Male,45,>50K
8227,31.0,Private,10,Married,White,Male,40,>50K
8228,48.0,Public,9,Married,White,Male,40,<=50K
8229,36.0,Private,11,Single,White,Male,45,<=50K
8230,40.0,Self-emp,9,Married,White,Male,50,<=50K
8231,57.0,Private,9,Married,White,Male,15,<=50K
8232,26.0,Public,13,Single,White,Female,35,<=50K
8233,37.0,Public,9,Single,White,Female,40,<=50K
8234,65.0,Private,16,Married,White,Male,40,>50K
8235,26.0,Self-emp,6,Single,White,Female,32,<=50K
8236,42.0,Private,10,Married,White,Male,40,<=50K
8237,47.0,Private,14,Married,White,Male,40,>50K
8238,62.0,Private,4,Single,White,Male,40,<=50K
8239,27.0,Private,11,Single,White,Male,50,<=50K
8240,76.0,Self-emp,10,Married,White,Male,8,<=50K
8241,20.0,Unknown,10,Single,White,Female,40,<=50K
8242,29.0,Private,13,Single,White,Female,40,<=50K
8243,29.0,Private,8,Married,White,Male,40,>50K
8244,32.0,Private,6,Single,White,Male,40,<=50K
8245,22.0,Self-emp,10,Married,White,Male,40,<=50K
8246,30.0,Public,9,Single,Black,Female,50,<=50K
8247,43.0,Public,10,Single,White,Female,40,<=50K
8248,23.0,Private,13,Married,White,Male,20,<=50K
8249,44.0,Public,15,Married,White,Male,40,>50K
8250,41.0,Private,13,Single,White,Male,40,<=50K
8251,49.0,Public,14,Single,Black,Female,40,>50K
8252,30.0,Private,9,Single,White,Male,45,>50K
8253,23.0,Private,10,Single,White,Male,35,<=50K
8254,39.0,Private,9,Married,White,Female,40,<=50K
8255,32.0,Private,13,Married,White,Male,60,>50K
8256,50.0,Private,10,Married,White,Male,35,>50K
8257,19.0,Private,10,Single,White,Female,40,<=50K
8258,35.0,Private,13,Married,White,Male,52,>50K
8259,23.0,Private,9,Single,White,Male,40,<=50K
8260,25.0,Private,10,Single,White,Male,40,<=50K
8261,40.0,Private,9,Single,White,Female,40,<=50K
8262,30.0,Private,13,Married,Black,Male,42,>50K
8263,52.0,Private,10,Married,White,Male,40,>50K
8264,49.0,Private,10,Married,Black,Male,60,<=50K
8265,24.0,Private,13,Single,White,Female,40,<=50K
8266,46.0,Private,13,Married,White,Male,40,>50K
8267,39.0,Private,13,Married,White,Male,50,>50K
8268,45.0,Self-emp,13,Married,White,Male,50,>50K
8269,62.0,Public,13,Married,White,Female,38,<=50K
8270,43.0,Private,13,Married,White,Male,50,>50K
8271,45.0,Private,10,Single,White,Female,40,<=50K
8272,62.0,Self-emp,9,Married,White,Male,40,<=50K
8273,48.0,Private,3,Single,White,Male,40,<=50K
8274,56.0,Private,9,Single,Black,Female,40,<=50K
8275,28.0,Private,9,Single,White,Female,35,<=50K
8276,23.0,Private,9,Single,Black,Male,40,<=50K
8277,43.0,Private,9,Single,White,Female,35,<=50K
8278,26.0,Private,13,Married,White,Male,40,>50K
8279,36.0,Private,9,Married,White,Male,50,>50K
8280,55.0,Public,16,Single,White,Female,60,<=50K
8281,48.0,Public,13,Single,White,Female,50,<=50K
8282,43.0,Private,3,Married,Asian,Female,72,<=50K
8283,38.0,Private,11,Married,White,Male,45,>50K
8284,18.0,Private,9,Single,White,Male,30,<=50K
8285,56.0,Self-emp,9,Married,White,Male,70,<=50K
8286,39.0,Self-emp,14,Single,White,Male,40,<=50K
8287,46.0,Private,3,Single,White,Male,50,<=50K
8288,36.0,Private,7,Single,Amer-Indian,Male,65,<=50K
8290,50.0,Private,9,Married,White,Male,50,>50K
8291,17.0,Private,7,Single,White,Male,20,<=50K
8292,57.0,Private,4,Married,Black,Female,40,<=50K
8293,73.0,Private,9,Married,White,Female,12,<=50K
8294,50.0,Public,10,Single,White,Male,40,<=50K
8295,35.0,Private,10,Single,White,Male,45,<=50K
8296,27.0,Private,10,Married,White,Male,45,<=50K
8297,24.0,Unknown,10,Single,White,Female,40,<=50K
8298,27.0,Private,10,Single,White,Male,40,<=50K
8299,23.0,Self-emp,9,Single,White,Male,40,<=50K
8300,25.0,Private,9,Single,White,Female,40,<=50K
8301,51.0,Private,13,Married,White,Male,40,>50K
8302,26.0,Private,6,Married,White,Female,40,<=50K
8303,47.0,Private,10,Married,White,Male,45,<=50K
8304,40.0,Private,9,Single,Black,Male,40,<=50K
8305,58.0,Private,5,Single,White,Female,40,<=50K
8306,25.0,Private,10,Single,White,Female,40,<=50K
8307,29.0,Private,9,Married,White,Female,18,<=50K
8308,36.0,Private,7,Married,White,Male,43,<=50K
8309,46.0,Private,9,Single,White,Female,60,<=50K
8310,69.0,Private,2,Married,Black,Female,4,<=50K
8311,69.0,Private,9,Married,White,Female,40,<=50K
8312,28.0,Private,9,Single,Black,Female,40,<=50K
8313,20.0,Private,9,Single,White,Male,48,<=50K
8314,54.0,Public,9,Single,Black,Female,35,<=50K
8316,64.0,Public,9,Married,White,Male,40,<=50K
8317,17.0,Private,9,Single,White,Female,20,<=50K
8318,53.0,Public,9,Married,White,Male,40,<=50K
8319,50.0,Private,5,Single,White,Male,50,<=50K
8320,57.0,Private,9,Married,White,Female,38,<=50K
8321,51.0,Private,10,Married,White,Male,40,<=50K
8322,20.0,Unknown,10,Single,White,Male,30,<=50K
8323,47.0,Private,10,Married,White,Male,40,<=50K
8324,25.0,Private,9,Single,White,Male,52,<=50K
8325,50.0,Public,15,Married,White,Male,52,>50K
8326,20.0,Private,9,Single,White,Female,30,<=50K
8327,43.0,Public,15,Married,White,Male,70,>50K
8328,46.0,Private,13,Single,White,Female,40,<=50K
8329,54.0,Private,9,Single,White,Female,38,<=50K
8330,53.0,Private,10,Single,Amer-Indian,Female,15,<=50K
8331,21.0,Private,9,Single,White,Male,30,<=50K
8332,58.0,Private,10,Single,White,Male,40,<=50K
8333,30.0,Private,13,Married,White,Male,55,>50K
8334,61.0,Private,9,Married,Black,Female,40,<=50K
8335,56.0,Public,10,Single,White,Female,35,<=50K
8336,59.0,Private,9,Single,White,Female,40,<=50K
8337,72.0,Private,9,Married,White,Male,20,<=50K
8338,33.0,Private,9,Single,White,Male,40,<=50K
8339,46.0,Private,9,Married,White,Female,40,>50K
8340,46.0,Public,10,Married,White,Male,38,>50K
8341,48.0,Private,9,Single,Black,Female,28,<=50K
8342,33.0,Private,9,Married,White,Male,40,<=50K
8343,21.0,Private,10,Single,White,Female,40,<=50K
8344,27.0,Private,9,Single,White,Female,45,<=50K
8345,31.0,Private,9,Single,White,Male,40,<=50K
8346,28.0,Private,13,Single,White,Male,40,<=50K
8347,45.0,Public,10,Single,White,Female,38,<=50K
8348,51.0,Private,9,Married,White,Male,40,>50K
8349,46.0,Public,9,Single,Black,Female,40,<=50K
8350,25.0,Private,10,Married,White,Male,25,<=50K
8351,61.0,Private,10,Married,White,Male,40,>50K
8352,17.0,Private,7,Single,White,Female,30,<=50K
8353,26.0,Private,13,Single,White,Male,40,<=50K
8354,35.0,Private,6,Single,White,Male,60,<=50K
8355,33.0,Self-emp,7,Married,White,Male,70,<=50K
8356,37.0,Private,8,Married,Asian,Female,33,<=50K
8357,39.0,Public,9,Single,White,Female,35,<=50K
8358,42.0,Private,9,Single,White,Female,30,<=50K
8359,35.0,Private,13,Married,White,Male,47,>50K
8360,45.0,Private,9,Single,White,Female,50,>50K
8361,47.0,Self-emp,13,Single,White,Male,40,>50K
8362,64.0,Private,7,Married,White,Male,48,<=50K
8363,39.0,Private,15,Married,White,Female,47,>50K
8364,43.0,Unknown,9,Single,White,Female,40,<=50K
8365,34.0,Private,9,Married,White,Male,40,<=50K
8366,62.0,Private,13,Married,White,Male,40,>50K
8367,53.0,Private,10,Married,White,Male,40,>50K
8368,31.0,Private,13,Married,White,Male,40,<=50K
8369,26.0,Private,9,Married,White,Male,40,<=50K
8370,56.0,Self-emp,4,Married,White,Male,50,>50K
8371,43.0,Private,10,Single,White,Female,40,<=50K
8372,33.0,Private,10,Single,Black,Male,35,<=50K
8373,45.0,Self-emp,10,Married,White,Male,40,>50K
8374,46.0,Private,10,Single,White,Male,55,<=50K
8375,26.0,Private,11,Married,White,Male,80,<=50K
8376,24.0,Private,9,Single,White,Female,40,<=50K
8377,43.0,Private,13,Married,White,Male,50,>50K
8378,40.0,Private,11,Single,White,Male,40,<=50K
8379,61.0,Private,4,Single,White,Male,35,<=50K
8380,34.0,Public,10,Single,Black,Female,72,<=50K
8381,85.0,Private,9,Married,White,Male,35,<=50K
8382,41.0,Private,9,Single,White,Female,40,<=50K
8383,31.0,Public,12,Single,White,Female,35,<=50K
8384,22.0,Private,10,Single,White,Female,30,<=50K
8385,60.0,Private,9,Married,Black,Female,40,<=50K
8386,29.0,Private,12,Single,White,Female,36,<=50K
8387,34.0,Unknown,9,Married,White,Male,40,<=50K
8388,35.0,Public,13,Single,Asian,Female,45,<=50K
8389,24.0,Private,9,Single,White,Male,30,<=50K
8390,45.0,Public,14,Single,Black,Male,40,<=50K
8391,21.0,Public,8,Single,Black,Male,20,<=50K
8392,30.0,Private,12,Married,White,Female,37,>50K
8393,50.0,Self-emp,10,Married,White,Male,99,>50K
8394,41.0,Self-emp,9,Married,White,Male,40,>50K
8395,21.0,Private,9,Single,White,Female,33,<=50K
8396,45.0,Private,9,Married,White,Male,45,<=50K
8397,34.0,Private,13,Married,White,Male,40,>50K
8398,28.0,Private,9,Single,White,Male,40,<=50K
8400,26.0,Private,13,Single,White,Male,50,>50K
8401,48.0,Private,13,Married,White,Male,45,>50K
8402,69.0,Private,13,Married,White,Male,40,>50K
8403,41.0,Private,10,Single,White,Female,40,<=50K
8404,43.0,Private,13,Single,White,Female,40,<=50K
8405,28.0,Private,9,Single,White,Male,40,<=50K
8407,31.0,Private,13,Single,White,Male,38,<=50K
8408,28.0,Private,13,Single,White,Female,40,<=50K
8409,51.0,Private,13,Married,White,Male,40,>50K
8410,45.0,Private,10,Single,White,Female,80,<=50K
8411,43.0,Private,9,Single,Black,Male,38,<=50K
8412,31.0,Private,12,Married,White,Male,60,<=50K
8413,31.0,Private,10,Married,White,Male,55,>50K
8414,45.0,Private,10,Married,Asian,Male,40,<=50K
8415,20.0,Private,13,Single,Black,Female,30,<=50K
8416,25.0,Private,13,Single,White,Male,40,<=50K
8417,36.0,Private,9,Married,White,Female,30,<=50K
8418,31.0,Private,13,Single,White,Male,50,<=50K
8419,56.0,Private,10,Married,White,Male,45,<=50K
8420,26.0,Private,13,Single,White,Male,18,<=50K
8421,47.0,Self-emp,10,Single,White,Female,65,<=50K
8422,40.0,Self-emp,9,Married,White,Male,50,<=50K
8423,32.0,Private,9,Married,White,Female,48,<=50K
8424,34.0,Public,14,Single,Black,Female,24,<=50K
8425,37.0,Private,9,Married,White,Male,55,<=50K
8426,38.0,Private,9,Married,White,Male,45,<=50K
8427,19.0,Private,11,Single,Asian,Male,16,<=50K
8428,49.0,Private,5,Single,White,Female,40,<=50K
8429,18.0,Unknown,9,Single,Black,Female,25,<=50K
8430,26.0,Private,12,Single,White,Female,40,<=50K
8431,82.0,Private,4,Married,White,Male,2,<=50K
8432,40.0,Private,9,Single,White,Male,40,<=50K
8433,28.0,Private,10,Single,White,Male,50,<=50K
8434,23.0,Private,9,Married,Black,Male,37,<=50K
8435,19.0,Private,10,Single,White,Male,40,<=50K
8436,67.0,Private,9,Married,Black,Male,32,<=50K
8437,43.0,Private,13,Married,White,Male,40,>50K
8438,41.0,Private,12,Single,Hispanic,Female,50,<=50K
8439,37.0,Private,11,Single,White,Female,40,<=50K
8440,20.0,Private,9,Single,White,Male,40,<=50K
8441,40.0,Private,9,Single,White,Male,40,<=50K
8442,47.0,Private,14,Single,White,Male,50,>50K
8443,40.0,Private,9,Married,White,Male,40,<=50K
8444,39.0,Public,13,Single,White,Female,40,<=50K
8445,24.0,Private,10,Single,Black,Female,20,<=50K
8446,78.0,Unknown,9,Married,White,Male,32,<=50K
8447,67.0,Unknown,11,Married,White,Female,1,<=50K
8448,49.0,Private,13,Married,White,Male,45,>50K
8449,66.0,Private,9,Single,White,Male,10,<=50K
8450,52.0,Private,9,Single,White,Female,40,<=50K
8451,59.0,Self-emp,9,Single,White,Male,60,<=50K
8452,72.0,Private,9,Married,White,Female,12,<=50K
8453,35.0,Public,9,Single,White,Male,40,<=50K
8454,30.0,Private,13,Married,White,Female,40,>50K
8455,36.0,Private,10,Single,White,Male,40,<=50K
8456,26.0,Private,9,Single,White,Female,40,<=50K
8457,23.0,Private,13,Single,White,Male,35,<=50K
8458,39.0,Private,13,Married,White,Male,40,>50K
8459,40.0,Self-emp,15,Married,White,Male,40,<=50K
8460,29.0,Private,13,Single,White,Male,40,<=50K
8461,38.0,Private,13,Single,White,Male,20,<=50K
8462,63.0,Private,13,Single,White,Male,40,<=50K
8463,58.0,Self-emp,9,Married,White,Male,40,>50K
8464,30.0,Private,9,Single,White,Female,40,<=50K
8465,38.0,Public,9,Single,Black,Female,40,<=50K
8466,25.0,Private,3,Single,White,Female,33,<=50K
8467,44.0,Public,14,Married,White,Male,40,>50K
8468,43.0,Private,11,Married,White,Female,40,>50K
8469,21.0,Private,10,Single,White,Male,30,<=50K
8470,41.0,Public,12,Single,White,Male,40,<=50K
8471,38.0,Private,13,Married,White,Male,50,>50K
8472,75.0,Unknown,13,Married,White,Male,6,<=50K
8473,29.0,Private,10,Married,White,Male,40,<=50K
8474,52.0,Self-emp,9,Married,White,Male,70,<=50K
8475,47.0,Private,9,Single,White,Female,45,<=50K
8476,28.0,Private,11,Married,White,Male,50,>50K
8477,24.0,Private,10,Married,White,Female,40,<=50K
8478,30.0,Public,14,Married,Asian,Male,10,<=50K
8479,30.0,Private,10,Married,White,Male,60,>50K
8480,40.0,Private,12,Single,White,Male,40,>50K
8481,27.0,Private,10,Single,White,Female,30,<=50K
8482,26.0,Private,9,Single,White,Male,44,<=50K
8483,32.0,Private,9,Single,White,Male,37,<=50K
8484,36.0,Public,13,Single,White,Female,40,<=50K
8485,26.0,Private,8,Single,Black,Male,40,<=50K
8486,25.0,Private,10,Single,Black,Male,40,<=50K
8487,39.0,Private,10,Single,White,Female,40,<=50K
8488,27.0,Private,11,Married,White,Male,40,<=50K
8489,24.0,Private,9,Married,White,Male,50,<=50K
8490,38.0,Self-emp,13,Married,White,Male,40,>50K
8491,35.0,Self-emp,9,Married,White,Male,55,<=50K
8492,29.0,Private,11,Single,White,Male,40,<=50K
8493,49.0,Private,9,Single,Black,Female,40,<=50K
8494,36.0,Private,5,Married,White,Male,40,<=50K
8495,47.0,Self-emp,16,Married,White,Male,50,<=50K
8496,21.0,Private,10,Single,White,Male,40,<=50K
8497,35.0,Private,13,Single,Asian,Female,40,>50K
8498,38.0,Private,2,Married,White,Male,40,<=50K
8499,66.0,Unknown,10,Married,White,Male,40,<=50K
8500,45.0,Private,14,Married,White,Male,50,>50K
8501,19.0,Private,10,Single,White,Female,15,<=50K
8502,18.0,Private,9,Single,White,Male,22,<=50K
8503,37.0,Private,15,Married,White,Male,40,<=50K
8504,49.0,Private,13,Single,White,Female,40,<=50K
8505,33.0,Public,11,Married,White,Male,48,>50K
8506,27.0,Private,10,Married,White,Male,40,>50K
8507,34.0,Public,10,Single,White,Female,35,<=50K
8508,54.0,Public,14,Married,Asian,Female,40,<=50K
8509,24.0,Self-emp,10,Single,White,Male,40,<=50K
8510,44.0,Self-emp,15,Married,White,Male,60,>50K
8511,48.0,Self-emp,13,Single,White,Male,50,<=50K
8512,23.0,Private,9,Single,White,Female,40,<=50K
8513,29.0,Private,9,Single,White,Male,38,<=50K
8514,21.0,Private,12,Single,White,Female,9,<=50K
8515,18.0,Private,8,Single,White,Female,32,<=50K
8516,18.0,Private,5,Single,Hispanic,Female,32,<=50K
8518,29.0,Private,9,Single,White,Male,40,<=50K
8519,41.0,Private,9,Single,Black,Female,40,<=50K
8520,32.0,Private,9,Single,White,Male,40,<=50K
8521,61.0,Private,6,Single,Black,Female,24,<=50K
8522,79.0,Private,9,Married,White,Male,6,<=50K
8523,34.0,Private,12,Single,White,Male,40,<=50K
8524,46.0,Private,13,Married,White,Male,40,>50K
8525,50.0,Self-emp,11,Married,White,Male,60,>50K
8526,29.0,Private,9,Married,White,Male,40,<=50K
8527,23.0,Private,10,Single,White,Female,40,<=50K
8528,64.0,Private,10,Single,White,Female,40,<=50K
8529,70.0,Public,14,Single,White,Female,50,>50K
8530,28.0,Public,12,Single,White,Female,40,<=50K
8531,51.0,Private,11,Married,White,Male,40,<=50K
8532,20.0,Unknown,10,Single,White,Female,40,<=50K
8533,34.0,Public,13,Single,White,Male,55,<=50K
8534,29.0,Private,9,Single,White,Male,40,<=50K
8535,49.0,Private,13,Married,Asian,Male,40,<=50K
8536,77.0,Self-emp,10,Married,White,Male,40,<=50K
8537,32.0,Private,9,Single,White,Female,35,<=50K
8538,27.0,Private,13,Married,White,Female,40,>50K
8539,22.0,Private,10,Single,White,Female,40,<=50K
8541,42.0,Public,13,Married,White,Male,40,>50K
8542,35.0,Public,9,Single,White,Male,40,<=50K
8543,62.0,Unknown,9,Married,White,Male,40,<=50K
8544,33.0,Private,9,Married,White,Male,16,<=50K
8545,45.0,Private,10,Married,White,Female,55,<=50K
8546,19.0,Private,10,Married,White,Female,40,<=50K
8547,38.0,Private,9,Single,White,Male,40,<=50K
8548,26.0,Private,9,Married,Black,Male,45,<=50K
8549,29.0,Private,13,Single,White,Female,45,<=50K
8550,33.0,Private,13,Married,White,Male,40,>50K
8551,35.0,Self-emp,9,Single,White,Male,80,<=50K
8552,42.0,Private,10,Married,White,Male,40,<=50K
8553,20.0,Private,11,Single,White,Female,20,<=50K
8554,43.0,Public,14,Married,White,Male,40,>50K
8555,69.0,Private,7,Married,Black,Male,45,<=50K
8556,39.0,Private,9,Single,White,Male,40,<=50K
8557,37.0,Private,9,Married,White,Male,40,<=50K
8558,28.0,Private,10,Married,White,Male,40,<=50K
8559,26.0,Public,13,Single,White,Male,40,<=50K
8560,32.0,Private,10,Single,White,Male,30,<=50K
8561,43.0,Public,13,Single,White,Male,40,>50K
8562,49.0,Private,9,Married,White,Male,30,<=50K
8563,28.0,Private,4,Single,White,Male,60,<=50K
8564,35.0,Private,9,Married,White,Male,40,<=50K
8565,19.0,Unknown,10,Single,White,Female,10,<=50K
8566,35.0,Public,9,Married,White,Male,40,>50K
8567,57.0,Private,9,Married,White,Female,40,<=50K
8568,45.0,Private,5,Married,White,Male,40,<=50K
8569,23.0,Private,9,Single,White,Male,48,<=50K
8570,45.0,Private,9,Married,White,Male,40,<=50K
8571,42.0,Private,9,Married,White,Female,40,<=50K
8572,35.0,Private,13,Married,Asian,Male,40,<=50K
8573,45.0,Private,13,Married,White,Male,50,>50K
8574,28.0,Public,13,Single,White,Male,40,<=50K
8575,64.0,Self-emp,11,Married,White,Male,10,<=50K
8576,44.0,Public,15,Single,White,Female,40,<=50K
8577,59.0,Self-emp,9,Married,White,Male,40,>50K
8578,41.0,Private,9,Single,White,Male,40,<=50K
8579,21.0,Private,10,Single,Black,Male,25,<=50K
8580,29.0,Self-emp,11,Single,White,Female,40,<=50K
8581,51.0,Self-emp,9,Single,White,Male,40,>50K
8582,22.0,Private,9,Single,White,Male,40,<=50K
8583,49.0,Private,9,Single,White,Female,40,<=50K
8584,53.0,Private,12,Married,White,Male,80,>50K
8585,38.0,Private,10,Single,White,Female,44,<=50K
8586,23.0,Private,10,Single,White,Male,40,<=50K
8587,20.0,Private,9,Single,White,Female,40,<=50K
8588,40.0,Private,13,Single,White,Female,40,<=50K
8589,25.0,Private,13,Single,White,Female,40,<=50K
8590,27.0,Private,10,Single,White,Female,40,<=50K
8591,20.0,Private,9,Single,White,Male,30,<=50K
8592,37.0,Private,9,Married,White,Female,20,<=50K
8593,40.0,Public,9,Single,White,Male,40,<=50K
8594,28.0,Private,13,Married,White,Male,40,>50K
8595,38.0,Self-emp,9,Single,White,Female,40,<=50K
8596,42.0,Private,13,Single,White,Female,40,<=50K
8597,32.0,Public,12,Single,White,Male,40,<=50K
8598,20.0,Private,9,Married,White,Male,45,<=50K
8599,62.0,Public,13,Married,White,Male,38,<=50K
8600,31.0,Private,10,Single,White,Male,40,<=50K
8601,31.0,Self-emp,9,Married,White,Male,60,<=50K
8602,24.0,Private,9,Single,White,Male,40,<=50K
8603,62.0,Public,4,Married,Black,Female,35,<=50K
8604,43.0,Public,10,Married,White,Male,40,>50K
8605,21.0,Private,10,Single,White,Male,50,<=50K
8606,30.0,Self-emp,9,Single,White,Male,40,<=50K
8607,22.0,Unknown,9,Single,Black,Female,40,<=50K
8608,18.0,Private,6,Single,White,Male,40,<=50K
8609,59.0,Public,14,Single,White,Female,40,<=50K
8610,24.0,Self-emp,4,Married,White,Male,40,>50K
8611,49.0,Private,9,Married,White,Male,40,<=50K
8612,19.0,Public,7,Single,White,Male,30,<=50K
8613,48.0,Private,9,Married,White,Male,40,>50K
8614,32.0,Private,15,Married,White,Male,60,>50K
8615,33.0,Private,6,Single,White,Female,45,<=50K
8616,23.0,Private,13,Single,Black,Male,15,<=50K
8617,33.0,Public,15,Single,White,Female,65,>50K
8618,50.0,Public,10,Married,White,Male,40,>50K
8619,30.0,Private,13,Married,White,Male,43,<=50K
8620,32.0,Private,12,Married,White,Male,42,<=50K
8622,21.0,Private,10,Single,White,Female,20,<=50K
8623,23.0,Private,13,Single,White,Female,21,<=50K
8624,32.0,Private,13,Single,White,Female,40,<=50K
8625,57.0,Private,9,Married,White,Male,40,<=50K
8626,22.0,Public,10,Single,White,Male,10,<=50K
8627,70.0,Private,9,Married,White,Female,5,<=50K
8628,34.0,Private,10,Married,White,Male,84,>50K
8629,53.0,Private,14,Single,White,Female,40,<=50K
8630,21.0,Private,10,Single,White,Male,45,<=50K
8631,37.0,Private,9,Single,White,Male,40,<=50K
8632,60.0,Self-emp,9,Married,White,Male,50,>50K
8633,23.0,Private,7,Single,Asian,Male,40,>50K
8634,32.0,Private,6,Married,White,Male,80,>50K
8635,57.0,Private,9,Married,White,Male,40,<=50K
8636,65.0,Unknown,9,Married,White,Male,40,<=50K
8637,25.0,Private,10,Single,White,Male,30,<=50K
8638,30.0,Private,9,Married,White,Male,46,<=50K
8639,31.0,Private,9,Single,White,Female,40,<=50K
8640,19.0,Private,10,Single,White,Male,35,<=50K
8641,23.0,Public,13,Married,White,Male,38,<=50K
8642,44.0,Private,9,Married,White,Male,40,<=50K
8643,43.0,Unknown,10,Married,White,Male,45,>50K
8644,42.0,Private,10,Single,Black,Female,40,<=50K
8645,34.0,Self-emp,7,Married,White,Male,40,<=50K
8646,32.0,Private,9,Married,White,Male,40,>50K
8647,25.0,Private,11,Single,Black,Female,40,<=50K
8648,21.0,Private,10,Single,White,Female,40,<=50K
8649,31.0,Private,9,Married,Black,Female,60,<=50K
8650,36.0,Public,11,Single,White,Female,40,<=50K
8651,49.0,Self-emp,10,Married,White,Male,65,<=50K
8652,44.0,Private,13,Single,White,Female,32,<=50K
8653,42.0,Private,11,Married,White,Male,40,>50K
8654,30.0,Private,9,Single,White,Male,99,<=50K
8655,33.0,Private,6,Married,White,Male,40,<=50K
8656,36.0,Self-emp,13,Single,Black,Male,45,>50K
8657,17.0,Private,6,Single,White,Male,30,<=50K
8658,20.0,Private,10,Single,White,Male,25,<=50K
8659,32.0,Private,9,Single,White,Male,50,<=50K
8661,37.0,Private,10,Single,White,Female,60,<=50K
8662,60.0,Private,6,Single,White,Male,48,<=50K
8663,35.0,Public,10,Single,White,Female,15,<=50K
8664,43.0,Public,13,Single,White,Female,40,<=50K
8665,46.0,Private,10,Married,White,Male,40,>50K
8666,29.0,Self-emp,9,Married,White,Male,40,>50K
8667,36.0,Private,13,Married,White,Male,42,>50K
8668,27.0,Private,9,Married,White,Male,40,>50K
8669,50.0,Private,10,Married,White,Male,84,>50K
8670,22.0,Private,10,Married,Amer-Indian,Female,44,<=50K
8671,33.0,Public,14,Single,White,Male,60,<=50K
8672,61.0,Private,6,Single,White,Female,40,<=50K
8673,28.0,Unknown,11,Married,White,Female,40,<=50K
8674,41.0,Self-emp,11,Married,White,Male,70,>50K
8675,22.0,Private,10,Single,White,Male,40,<=50K
8676,27.0,Private,13,Single,White,Female,40,<=50K
8677,25.0,Private,9,Married,White,Male,40,<=50K
8678,32.0,Private,9,Single,Black,Female,20,<=50K
8679,28.0,Private,14,Single,White,Male,50,<=50K
8680,25.0,Private,13,Single,White,Male,35,<=50K
8681,28.0,Private,10,Married,White,Male,40,<=50K
8682,37.0,Public,13,Married,White,Female,30,>50K
8683,58.0,Private,9,Married,White,Female,37,<=50K
8684,39.0,Private,9,Married,White,Male,40,<=50K
8685,33.0,Private,10,Single,White,Female,40,<=50K
8686,59.0,Private,6,Married,White,Male,40,>50K
8688,38.0,Private,11,Married,Asian,Male,36,>50K
8689,34.0,Private,10,Married,White,Male,40,<=50K
8690,31.0,Private,10,Single,Black,Male,40,<=50K
8691,48.0,Public,9,Married,White,Male,40,>50K
8692,65.0,Unknown,9,Married,White,Male,40,<=50K
8693,45.0,Private,9,Single,White,Male,50,<=50K
8694,80.0,Unknown,15,Married,White,Male,10,>50K
8695,23.0,Private,9,Single,White,Female,40,<=50K
8696,33.0,Private,14,Married,White,Male,37,>50K
8697,38.0,Self-emp,10,Single,White,Male,40,<=50K
8698,44.0,Self-emp,14,Married,White,Male,40,>50K
8699,48.0,Public,14,Single,Black,Female,40,>50K
8700,40.0,Public,9,Married,White,Male,40,<=50K
8701,19.0,Public,9,Single,Black,Female,40,<=50K
8702,45.0,Private,13,Single,White,Female,40,<=50K
8703,34.0,Private,10,Single,White,Female,40,<=50K
8704,70.0,Private,10,Single,White,Male,80,<=50K
8705,32.0,Public,14,Single,White,Male,60,<=50K
8706,33.0,Private,11,Single,White,Female,40,<=50K
8707,24.0,Private,13,Single,White,Female,40,<=50K
8708,30.0,Public,13,Single,White,Female,15,<=50K
8709,22.0,Private,10,Single,Black,Male,25,<=50K
8710,52.0,Self-emp,15,Married,Hispanic,Male,65,>50K
8711,67.0,Self-emp,6,Married,White,Male,80,<=50K
8712,40.0,Private,9,Married,White,Male,45,<=50K
8713,55.0,Private,11,Married,White,Female,20,<=50K
8714,29.0,Private,9,Single,White,Female,40,<=50K
8715,62.0,Private,9,Married,White,Male,16,<=50K
8716,22.0,Private,9,Single,White,Female,40,<=50K
8717,64.0,Public,5,Married,White,Male,40,<=50K
8718,29.0,Self-emp,13,Single,White,Male,50,<=50K
8719,28.0,Private,10,Married,White,Male,40,<=50K
8720,25.0,Private,9,Single,White,Male,40,<=50K
8721,47.0,Public,16,Married,White,Male,50,>50K
8722,26.0,Private,13,Married,White,Male,40,>50K
8723,18.0,Private,8,Single,White,Male,27,<=50K
8724,52.0,Self-emp,6,Married,White,Male,45,<=50K
8725,48.0,Public,13,Married,White,Female,50,>50K
8726,36.0,Private,9,Married,Black,Male,40,<=50K
8727,23.0,Private,11,Single,White,Female,30,<=50K
8728,41.0,Private,9,Married,White,Male,40,<=50K
8729,56.0,Public,9,Married,White,Male,38,>50K
8730,53.0,Private,9,Single,White,Male,40,<=50K
8731,26.0,Private,10,Single,White,Female,40,<=50K
8732,22.0,Private,10,Single,White,Male,40,<=50K
8733,25.0,Private,14,Single,White,Female,31,<=50K
8734,31.0,Private,10,Married,Hispanic,Male,40,<=50K
8735,36.0,Private,12,Married,White,Male,40,<=50K
8736,46.0,Private,10,Married,White,Male,40,<=50K
8737,46.0,Public,12,Single,White,Male,38,>50K
8738,32.0,Private,10,Married,White,Female,36,<=50K
8739,43.0,Self-emp,9,Single,White,Male,60,<=50K
8740,30.0,Private,13,Married,White,Male,50,>50K
8741,41.0,Self-emp,13,Married,White,Male,45,>50K
8742,50.0,Private,14,Married,White,Male,60,>50K
8743,37.0,Public,14,Married,White,Male,38,<=50K
8744,22.0,Public,9,Single,White,Male,50,<=50K
8745,51.0,Public,9,Married,White,Male,80,<=50K
8746,47.0,Private,10,Married,Black,Female,40,>50K
8747,40.0,Private,9,Married,White,Male,40,<=50K
8748,46.0,Private,10,Married,White,Male,40,<=50K
8749,23.0,Unknown,10,Single,White,Female,20,<=50K
8750,30.0,Private,10,Single,White,Female,40,<=50K
8751,27.0,Self-emp,9,Married,White,Male,65,>50K
8752,31.0,Public,10,Single,White,Female,35,<=50K
8753,31.0,Private,2,Married,White,Male,40,<=50K
8754,30.0,Private,9,Single,White,Male,40,<=50K
8755,50.0,Public,13,Single,White,Male,40,>50K
8756,27.0,Private,13,Single,White,Female,50,<=50K
8757,22.0,Unknown,10,Single,White,Female,16,<=50K
8758,29.0,Private,9,Married,White,Male,50,>50K
8759,28.0,Private,9,Single,White,Male,60,<=50K
8760,54.0,Private,13,Single,Black,Female,45,>50K
8761,47.0,Public,11,Married,White,Male,48,>50K
8762,34.0,Private,9,Married,White,Female,40,<=50K
8763,26.0,Private,10,Single,White,Male,40,<=50K
8764,53.0,Unknown,4,Married,White,Male,35,<=50K
8765,23.0,Public,10,Single,White,Male,60,<=50K
8766,42.0,Public,14,Single,White,Male,40,<=50K
8767,36.0,Self-emp,9,Married,White,Male,50,<=50K
8768,52.0,Public,13,Married,White,Male,45,>50K
8769,22.0,Unknown,10,Single,White,Female,40,<=50K
8770,27.0,Public,14,Single,White,Female,40,<=50K
8771,42.0,Private,9,Married,White,Female,40,<=50K
8772,39.0,Private,9,Single,Black,Female,40,<=50K
8773,49.0,Public,9,Married,White,Male,40,>50K
8775,20.0,Private,1,Single,White,Male,32,<=50K
8776,55.0,Self-emp,9,Married,White,Male,60,<=50K
8777,47.0,Private,5,Married,White,Male,40,<=50K
8778,33.0,Private,14,Married,White,Male,33,>50K
8779,36.0,Private,10,Married,White,Male,40,<=50K
8780,39.0,Private,16,Single,White,Female,80,<=50K
8781,55.0,Private,13,Married,White,Male,48,>50K
8782,21.0,Unknown,12,Single,White,Male,15,<=50K
8783,48.0,Private,12,Married,White,Male,45,<=50K
8784,30.0,Private,11,Single,White,Male,45,<=50K
8785,24.0,Private,9,Married,White,Male,50,<=50K
8786,57.0,Self-emp,9,Married,White,Female,38,<=50K
8787,20.0,Private,10,Single,White,Male,60,<=50K
8788,18.0,Unknown,10,Single,White,Female,20,<=50K
8789,56.0,Private,9,Single,White,Female,40,<=50K
8790,36.0,Private,9,Married,White,Female,40,>50K
8791,44.0,Private,6,Married,White,Male,40,>50K
8792,57.0,Private,9,Married,White,Male,40,>50K
8793,57.0,Private,9,Married,Black,Male,52,<=50K
8794,33.0,Private,9,Married,White,Male,40,<=50K
8795,61.0,Unknown,4,Married,White,Male,40,>50K
8796,39.0,Private,13,Married,White,Male,99,>50K
8797,28.0,Private,9,Single,White,Male,40,<=50K
8798,31.0,Private,10,Single,White,Male,16,<=50K
8799,60.0,Private,12,Single,White,Female,40,<=50K
8800,36.0,Public,11,Single,White,Male,40,>50K
8801,58.0,Private,9,Married,White,Female,35,>50K
8802,50.0,Private,10,Single,White,Male,38,<=50K
8803,23.0,Public,13,Single,White,Female,12,<=50K
8804,30.0,Private,9,Single,White,Male,40,<=50K
8805,20.0,Unknown,7,Single,White,Male,40,<=50K
8806,90.0,Private,15,Married,White,Male,72,>50K
8807,49.0,Public,13,Single,White,Female,50,<=50K
8808,47.0,Public,13,Married,White,Male,40,<=50K
8809,34.0,Private,16,Single,White,Male,40,>50K
8810,37.0,Public,9,Single,White,Female,40,<=50K
8811,25.0,Private,6,Married,Black,Female,50,<=50K
8812,37.0,Private,12,Single,White,Female,40,<=50K
8813,47.0,Private,9,Married,White,Male,40,<=50K
8814,34.0,Private,9,Married,White,Male,60,>50K
8815,34.0,Private,10,Single,White,Male,40,<=50K
8816,35.0,Private,9,Married,White,Male,50,>50K
8817,39.0,Private,10,Single,White,Male,40,<=50K
8818,32.0,Public,4,Married,White,Male,19,<=50K
8819,24.0,Private,9,Married,White,Female,30,<=50K
8820,28.0,Private,15,Single,White,Male,60,<=50K
8821,41.0,Self-emp,4,Married,White,Male,40,<=50K
8822,69.0,Unknown,9,Married,White,Female,9,<=50K
8823,32.0,Private,9,Married,White,Male,90,<=50K
8824,58.0,Private,9,Single,White,Female,40,>50K
8825,47.0,Self-emp,9,Married,White,Male,75,>50K
8826,41.0,Private,13,Married,White,Male,50,>50K
8827,35.0,Self-emp,9,Married,White,Male,50,>50K
8828,24.0,Private,10,Single,White,Male,20,<=50K
8829,46.0,Self-emp,9,Married,Black,Male,60,>50K
8830,69.0,Self-emp,13,Married,White,Male,45,>50K
8831,22.0,Private,13,Single,White,Female,40,<=50K
8832,36.0,Public,14,Single,White,Female,40,<=50K
8833,31.0,Private,13,Married,White,Male,40,>50K
8834,23.0,Public,13,Single,Amer-Indian,Male,30,<=50K
8835,35.0,Private,10,Single,Black,Female,40,<=50K
8836,37.0,Public,13,Married,White,Male,40,>50K
8837,35.0,Public,13,Single,White,Female,40,<=50K
8838,18.0,Private,7,Single,White,Male,16,<=50K
8839,43.0,Private,5,Single,White,Female,40,<=50K
8840,53.0,Public,9,Married,White,Male,40,<=50K
8841,54.0,Public,10,Married,White,Male,52,<=50K
8842,29.0,Private,9,Married,White,Female,40,<=50K
8843,46.0,Private,12,Single,White,Female,47,<=50K
8844,24.0,Private,10,Single,Asian,Male,30,<=50K
8845,30.0,Private,10,Single,Asian,Female,40,<=50K
8846,23.0,Private,10,Single,White,Female,6,<=50K
8847,27.0,Unknown,13,Married,Hispanic,Female,6,<=50K
8848,36.0,Private,9,Married,White,Male,40,<=50K
8849,38.0,Self-emp,13,Married,White,Male,35,<=50K
8850,33.0,Private,14,Married,White,Male,15,<=50K
8851,66.0,Private,10,Married,White,Male,40,<=50K
8852,45.0,Self-emp,9,Married,White,Male,40,<=50K
8853,68.0,Unknown,9,Married,White,Female,12,<=50K
8854,37.0,Private,9,Married,White,Male,60,>50K
8855,17.0,Private,6,Single,White,Female,10,<=50K
8856,31.0,Private,9,Married,Amer-Indian,Male,40,>50K
8857,46.0,Private,13,Single,White,Male,55,>50K
8858,40.0,Private,13,Married,White,Male,40,<=50K
8859,34.0,Private,10,Married,White,Male,40,<=50K
8860,56.0,Private,6,Single,White,Male,45,<=50K
8861,42.0,Private,10,Single,Black,Female,41,<=50K
8862,46.0,Private,14,Married,White,Male,55,>50K
8863,30.0,Private,9,Single,White,Male,50,<=50K
8864,33.0,Self-emp,13,Married,White,Male,40,>50K
8865,47.0,Private,9,Married,White,Female,40,<=50K
8866,57.0,Self-emp,12,Married,Amer-Indian,Male,40,<=50K
8867,34.0,Private,7,Single,White,Male,40,<=50K
8868,40.0,Private,9,Single,White,Male,40,<=50K
8869,33.0,Private,9,Married,White,Male,40,>50K
8870,22.0,Private,9,Single,White,Male,40,<=50K
8871,29.0,Private,8,Single,Black,Female,35,<=50K
8872,53.0,Public,9,Married,White,Female,35,>50K
8873,36.0,Private,9,Single,Asian,Female,40,<=50K
8874,45.0,Private,9,Single,Asian,Male,40,>50K
8875,36.0,Private,10,Single,White,Female,40,<=50K
8877,27.0,Private,9,Single,White,Female,40,<=50K
8878,30.0,Private,9,Married,White,Male,40,<=50K
8879,34.0,Private,13,Married,White,Male,40,>50K
8880,36.0,Private,13,Married,White,Male,40,>50K
8881,36.0,Self-emp,4,Single,White,Male,75,<=50K
8882,48.0,Private,14,Married,White,Male,40,<=50K
8883,41.0,Self-emp,15,Married,White,Male,60,>50K
8884,21.0,Private,3,Single,White,Female,40,<=50K
8885,47.0,Public,14,Married,White,Male,38,>50K
8886,41.0,Private,2,Married,White,Male,40,<=50K
8887,61.0,Self-emp,2,Married,White,Male,20,<=50K
8888,64.0,Private,4,Married,White,Male,40,<=50K
8889,35.0,Private,10,Single,Black,Male,40,<=50K
8890,44.0,Private,9,Single,White,Male,50,<=50K
8891,20.0,Private,10,Single,White,Female,20,<=50K
8892,23.0,Public,10,Single,White,Female,70,<=50K
8893,52.0,Private,6,Married,White,Female,35,<=50K
8894,43.0,Private,14,Single,White,Female,25,<=50K
8895,32.0,Private,13,Married,Asian,Male,40,<=50K
8896,63.0,Private,13,Married,Asian,Male,40,<=50K
8897,29.0,Private,10,Single,White,Female,41,>50K
8898,42.0,Self-emp,10,Married,Asian,Male,60,<=50K
8899,65.0,Private,6,Single,White,Female,28,<=50K
8900,24.0,Private,9,Married,White,Male,40,<=50K
8901,42.0,Private,10,Single,White,Female,40,<=50K
8902,35.0,Private,9,Married,Black,Male,40,<=50K
8903,40.0,Self-emp,13,Married,White,Male,40,>50K
8904,38.0,Public,10,Single,White,Female,40,<=50K
8905,26.0,Private,9,Single,White,Female,50,<=50K
8906,46.0,Self-emp,9,Married,White,Male,50,<=50K
8907,39.0,Private,10,Single,White,Female,20,<=50K
8908,29.0,Unknown,13,Married,White,Male,50,<=50K
8909,42.0,Private,16,Single,White,Male,36,>50K
8910,36.0,Private,13,Married,White,Male,45,>50K
8911,26.0,Private,10,Single,White,Male,45,<=50K
8912,57.0,Private,13,Married,White,Male,40,>50K
8913,55.0,Private,9,Single,Black,Male,40,<=50K
8914,35.0,Private,10,Married,White,Male,55,>50K
8915,41.0,Private,9,Single,Black,Female,40,<=50K
8916,24.0,Private,10,Single,White,Female,30,<=50K
8917,47.0,Private,9,Married,White,Male,40,<=50K
8918,34.0,Self-emp,10,Married,White,Male,60,>50K
8919,44.0,Private,13,Married,Black,Male,35,>50K
8920,18.0,Unknown,9,Single,White,Female,20,<=50K
8921,27.0,Private,13,Single,White,Male,35,<=50K
8922,36.0,Private,13,Single,White,Female,50,<=50K
8923,21.0,Private,13,Single,White,Male,30,<=50K
8924,29.0,Private,9,Married,Hispanic,Male,55,<=50K
8925,25.0,Private,9,Married,White,Male,40,<=50K
8926,73.0,Private,9,Married,White,Male,50,<=50K
8927,45.0,Private,11,Married,White,Male,40,>50K
8928,28.0,Private,13,Married,White,Female,50,>50K
8929,43.0,Private,13,Married,White,Male,50,<=50K
8930,47.0,Private,9,Single,White,Male,42,<=50K
8931,20.0,Private,10,Single,White,Female,15,<=50K
8932,22.0,Private,10,Single,White,Male,20,<=50K
8933,76.0,Self-emp,4,Married,White,Male,10,<=50K
8934,24.0,Private,10,Single,Black,Male,40,<=50K
8935,54.0,Self-emp,10,Married,White,Male,50,<=50K
8936,30.0,Private,10,Married,White,Male,40,>50K
8937,33.0,Private,10,Married,White,Male,58,<=50K
8938,30.0,Private,10,Single,White,Male,50,<=50K
8939,40.0,Private,12,Married,White,Male,50,>50K
8940,27.0,Unknown,10,Single,White,Male,30,<=50K
8941,49.0,Private,11,Single,White,Female,40,<=50K
8942,30.0,Private,9,Single,White,Male,40,<=50K
8943,22.0,Private,9,Single,Hispanic,Female,40,<=50K
8944,19.0,Private,9,Married,White,Male,58,<=50K
8945,46.0,Private,9,Married,White,Male,40,<=50K
8946,51.0,Private,9,Married,White,Male,50,<=50K
8947,56.0,Private,4,Married,Hispanic,Female,40,<=50K
8948,53.0,Private,10,Married,White,Female,40,<=50K
8949,60.0,Unknown,11,Married,White,Female,40,<=50K
8950,27.0,Private,13,Single,White,Female,40,<=50K
8951,46.0,Private,10,Single,White,Female,45,<=50K
8952,37.0,Private,9,Married,White,Male,40,>50K
8953,41.0,Private,13,Married,Asian,Male,30,<=50K
8955,30.0,Self-emp,10,Married,White,Female,55,>50K
8956,57.0,Self-emp,9,Married,White,Male,72,<=50K
8958,32.0,Self-emp,9,Married,White,Male,40,<=50K
8959,27.0,Self-emp,9,Married,White,Male,40,<=50K
8960,57.0,Public,10,Married,White,Female,40,<=50K
8961,59.0,Self-emp,13,Married,White,Male,30,<=50K
8962,32.0,Private,15,Married,Asian,Female,50,>50K
8963,90.0,Unknown,9,Married,White,Female,40,<=50K
8964,22.0,Private,13,Single,White,Female,30,<=50K
8965,39.0,Private,9,Single,White,Female,40,<=50K
8966,43.0,Private,11,Married,White,Male,48,>50K
8967,38.0,Public,13,Married,Black,Male,50,>50K
8968,61.0,Private,5,Single,White,Male,25,<=50K
8969,24.0,Private,10,Single,White,Male,43,<=50K
8970,25.0,Private,10,Single,White,Male,45,<=50K
8971,44.0,Private,11,Married,White,Male,40,<=50K
8972,55.0,Public,9,Single,White,Female,40,>50K
8973,90.0,Private,13,Married,White,Male,15,>50K
8974,30.0,Private,9,Single,White,Female,35,<=50K
8975,44.0,Private,9,Married,White,Male,40,>50K
8976,36.0,Private,6,Single,Black,Male,40,<=50K
8977,63.0,Self-emp,10,Married,White,Male,45,>50K
8978,60.0,Private,3,Married,White,Male,40,<=50K
8979,34.0,Self-emp,15,Single,White,Female,60,>50K
8980,49.0,Self-emp,7,Married,White,Male,65,<=50K
8981,47.0,Private,14,Married,White,Male,65,>50K
8982,42.0,Self-emp,9,Married,White,Male,43,>50K
8983,53.0,Private,3,Married,White,Male,45,<=50K
8984,23.0,Private,10,Single,White,Female,40,<=50K
8985,28.0,Unknown,11,Single,White,Female,40,<=50K
8986,20.0,Private,10,Married,Black,Male,35,<=50K
8987,43.0,Private,9,Married,White,Male,40,<=50K
8988,32.0,Private,15,Married,White,Male,60,>50K
8989,43.0,Private,13,Single,White,Male,44,>50K
8990,31.0,Private,9,Married,White,Male,60,<=50K
8991,29.0,Unknown,9,Married,White,Female,40,<=50K
8993,39.0,Private,11,Single,Asian,Male,40,<=50K
8994,29.0,Private,10,Married,Black,Male,40,>50K
8995,20.0,Private,3,Single,White,Male,25,<=50K
8996,23.0,Unknown,10,Single,White,Male,40,<=50K
8997,42.0,Private,7,Single,White,Female,38,<=50K
8998,53.0,Private,9,Married,White,Male,40,<=50K
8999,20.0,Private,9,Married,White,Male,48,<=50K
9000,58.0,Self-emp,2,Married,White,Male,18,<=50K
9002,25.0,Private,9,Single,White,Male,48,<=50K
9003,38.0,Private,12,Single,White,Female,36,<=50K
9004,41.0,Private,10,Married,White,Male,40,>50K
9005,58.0,Private,13,Married,White,Male,40,>50K
9006,25.0,Private,6,Single,White,Male,40,<=50K
9007,50.0,Private,9,Married,White,Male,40,<=50K
9008,32.0,Private,13,Married,White,Male,45,>50K
9009,31.0,Self-emp,16,Single,White,Male,40,<=50K
9010,22.0,Private,10,Single,White,Female,20,<=50K
9011,37.0,Private,9,Single,White,Male,40,<=50K
9012,32.0,Private,10,Single,White,Female,40,<=50K
9013,46.0,Public,15,Single,White,Female,55,>50K
9014,62.0,Private,9,Married,White,Male,40,>50K
9015,40.0,Public,9,Married,Hispanic,Male,40,<=50K
9016,56.0,Private,13,Married,Black,Male,45,>50K
9017,37.0,Private,10,Single,Asian,Female,40,>50K
9018,41.0,Private,2,Married,White,Male,40,<=50K
9019,56.0,Private,4,Married,White,Male,48,<=50K
9020,20.0,Private,10,Single,White,Male,30,<=50K
9021,34.0,Self-emp,13,Married,White,Male,60,>50K
9022,45.0,Private,9,Married,White,Male,50,>50K
9023,30.0,Private,10,Married,White,Male,40,>50K
9024,51.0,Self-emp,9,Married,White,Male,45,>50K
9026,38.0,Private,11,Married,White,Male,40,>50K
9027,39.0,Private,10,Married,White,Male,50,<=50K
9028,57.0,Unknown,13,Married,White,Male,8,<=50K
9029,47.0,Private,10,Married,White,Male,50,>50K
9030,77.0,Unknown,9,Married,White,Male,15,<=50K
9031,43.0,Private,9,Married,White,Male,40,>50K
9032,46.0,Public,9,Married,White,Male,65,<=50K
9033,41.0,Private,10,Married,White,Male,40,>50K
9034,20.0,Private,9,Single,White,Female,30,<=50K
9035,30.0,Public,6,Married,White,Male,40,<=50K
9036,30.0,Private,9,Married,Black,Male,25,<=50K
9037,22.0,Private,10,Single,White,Male,35,<=50K
9038,25.0,Private,9,Married,White,Male,44,>50K
9039,18.0,Private,9,Single,White,Female,22,<=50K
9040,28.0,Private,13,Single,White,Female,40,<=50K
9041,50.0,Private,13,Married,White,Male,40,>50K
9042,28.0,Private,9,Single,Black,Female,48,<=50K
9043,21.0,Private,10,Single,White,Female,40,<=50K
9044,37.0,Private,11,Single,White,Male,40,<=50K
9045,28.0,Public,13,Single,Black,Female,40,<=50K
9046,23.0,Private,3,Married,White,Male,35,<=50K
9047,32.0,Private,11,Single,Black,Female,35,<=50K
9048,27.0,Private,8,Single,White,Male,50,<=50K
9050,44.0,Private,9,Married,White,Male,40,>50K
9051,25.0,Private,13,Single,White,Male,40,<=50K
9052,29.0,Private,9,Single,White,Female,32,<=50K
9053,50.0,Private,9,Married,White,Female,55,<=50K
9054,18.0,Private,9,Single,White,Male,40,<=50K
9055,74.0,Private,13,Married,White,Female,8,<=50K
9056,22.0,Private,5,Single,White,Male,40,<=50K
9057,27.0,Private,13,Married,White,Male,40,<=50K
9058,27.0,Public,10,Single,White,Female,80,<=50K
9059,41.0,Private,15,Married,White,Male,50,>50K
9060,24.0,Private,10,Married,White,Male,40,>50K
9061,23.0,Private,9,Single,White,Female,40,<=50K
9062,34.0,Self-emp,15,Married,White,Male,60,>50K
9063,46.0,Public,13,Married,White,Male,40,>50K
9064,32.0,Private,15,Single,White,Male,60,<=50K
9065,41.0,Private,9,Married,Hispanic,Male,40,<=50K
9066,29.0,Private,11,Married,White,Male,40,>50K
9067,48.0,Private,5,Married,Asian,Female,45,<=50K
9068,51.0,Private,9,Single,Black,Male,40,<=50K
9069,34.0,Public,8,Single,Black,Female,40,<=50K
9070,58.0,Private,13,Married,White,Male,45,>50K
9071,52.0,Private,9,Married,White,Male,40,<=50K
9072,37.0,Self-emp,13,Married,Hispanic,Male,50,>50K
9073,53.0,Private,10,Single,White,Female,40,<=50K
9074,54.0,Private,11,Married,White,Male,20,<=50K
9075,36.0,Private,9,Married,White,Male,60,<=50K
9076,25.0,Private,11,Single,White,Female,60,<=50K
9077,20.0,Private,10,Single,White,Female,48,<=50K
9078,23.0,Private,12,Single,White,Male,40,<=50K
9079,39.0,Self-emp,13,Married,White,Male,60,>50K
9080,20.0,Self-emp,6,Single,White,Male,40,<=50K
9081,28.0,Private,11,Single,Black,Male,40,<=50K
9082,73.0,Public,9,Married,White,Female,40,<=50K
9083,67.0,Private,9,Married,White,Male,24,<=50K
9084,56.0,Private,13,Single,White,Male,45,>50K
9085,32.0,Private,11,Married,White,Male,40,<=50K
9086,42.0,Private,10,Single,White,Male,40,<=50K
9087,33.0,Private,9,Married,Black,Male,40,<=50K
9088,37.0,Private,9,Single,White,Male,40,<=50K
9089,33.0,Private,10,Married,White,Male,45,<=50K
9090,31.0,Private,6,Single,White,Female,40,<=50K
9091,59.0,Private,14,Married,White,Male,40,>50K
9092,21.0,Private,9,Single,White,Male,40,<=50K
9093,58.0,Self-emp,10,Married,White,Male,50,>50K
9094,24.0,Public,6,Single,White,Male,40,<=50K
9095,26.0,Public,10,Married,White,Male,40,<=50K
9096,26.0,Private,7,Married,White,Male,40,<=50K
9098,25.0,Private,13,Single,White,Male,40,<=50K
9099,21.0,Private,6,Married,White,Male,50,<=50K
9100,24.0,Private,9,Single,White,Male,40,<=50K
9101,39.0,Self-emp,12,Married,White,Female,40,>50K
9102,68.0,Private,10,Single,White,Female,40,<=50K
9103,66.0,Self-emp,10,Single,White,Female,20,<=50K
9104,38.0,Private,13,Single,White,Male,40,<=50K
9105,41.0,Private,14,Married,White,Male,50,>50K
9106,71.0,Unknown,4,Married,White,Female,16,<=50K
9107,37.0,Private,9,Married,White,Male,40,<=50K
9108,54.0,Self-emp,14,Married,White,Male,45,>50K
9109,27.0,Public,13,Single,White,Male,40,<=50K
9110,49.0,Private,13,Single,White,Female,40,<=50K
9111,19.0,Public,10,Single,White,Male,10,<=50K
9112,25.0,Private,10,Single,White,Male,50,<=50K
9113,47.0,Public,10,Married,Black,Male,40,>50K
9114,40.0,Private,10,Married,White,Male,40,<=50K
9115,38.0,Private,13,Single,White,Male,40,<=50K
9116,25.0,Private,9,Single,White,Male,40,<=50K
9117,25.0,Private,10,Single,White,Female,50,<=50K
9118,23.0,Private,6,Single,Hispanic,Male,40,<=50K
9119,28.0,Private,14,Single,White,Female,40,<=50K
9120,29.0,Private,9,Married,White,Male,40,<=50K
9121,32.0,Private,7,Married,White,Male,40,<=50K
9122,34.0,Private,9,Single,Black,Female,40,<=50K
9123,52.0,Private,13,Married,Black,Male,40,>50K
9124,33.0,Self-emp,9,Married,White,Male,94,<=50K
9125,19.0,Private,10,Single,White,Male,35,<=50K
9126,68.0,Private,16,Married,White,Male,55,>50K
9127,41.0,Private,6,Single,White,Male,50,<=50K
9128,18.0,Self-emp,9,Single,Asian,Female,30,<=50K
9129,29.0,Private,10,Married,White,Male,40,>50K
9130,40.0,Private,14,Married,White,Male,50,>50K
9131,51.0,Self-emp,14,Single,White,Male,60,>50K
9132,49.0,Private,10,Single,White,Male,40,<=50K
9133,20.0,Public,10,Single,White,Female,20,<=50K
9134,38.0,Public,9,Married,White,Male,50,>50K
9135,57.0,Private,3,Single,White,Male,40,<=50K
9136,35.0,Private,10,Married,White,Male,40,<=50K
9137,66.0,Private,7,Married,White,Male,26,<=50K
9138,27.0,Unknown,13,Married,White,Male,15,<=50K
9139,25.0,Private,11,Single,White,Female,40,<=50K
9140,77.0,Unknown,14,Married,White,Male,6,>50K
9141,19.0,Unknown,6,Single,White,Female,35,<=50K
9142,70.0,Private,9,Married,White,Male,40,>50K
9143,59.0,Self-emp,4,Married,White,Male,48,<=50K
9144,25.0,Private,13,Married,White,Male,40,<=50K
9145,44.0,Public,15,Single,White,Male,40,>50K
9146,37.0,Private,14,Married,White,Male,55,>50K
9147,75.0,Unknown,6,Married,Asian,Female,1,<=50K
9148,21.0,Unknown,9,Single,White,Female,40,<=50K
9149,21.0,Private,9,Single,White,Female,40,<=50K
9150,47.0,Public,9,Married,White,Male,40,>50K
9151,20.0,Private,9,Single,Black,Female,30,<=50K
9152,32.0,Public,9,Married,White,Male,40,<=50K
9153,28.0,Private,9,Single,White,Female,20,<=50K
9154,53.0,Private,9,Single,White,Male,40,<=50K
9155,19.0,Unknown,9,Single,Hispanic,Male,30,<=50K
9156,58.0,Private,10,Married,White,Female,36,<=50K
9157,22.0,Private,9,Single,White,Female,30,<=50K
9158,23.0,Private,7,Married,White,Male,55,<=50K
9159,21.0,Private,9,Single,White,Male,60,<=50K
9160,36.0,Private,9,Married,White,Male,70,<=50K
9161,39.0,Private,10,Married,White,Female,15,<=50K
9162,34.0,Public,13,Single,White,Female,40,<=50K
9163,41.0,Public,14,Single,White,Female,40,<=50K
9165,34.0,Private,9,Married,White,Female,40,>50K
9166,51.0,Public,13,Married,White,Male,40,>50K
9167,32.0,Self-emp,11,Single,White,Male,40,<=50K
9168,38.0,Private,10,Married,White,Female,40,>50K
9169,37.0,Private,10,Married,White,Male,40,<=50K
9170,21.0,Unknown,10,Single,Black,Male,20,<=50K
9171,21.0,Private,10,Single,White,Female,10,<=50K
9172,26.0,Private,10,Single,White,Male,40,<=50K
9173,34.0,Private,10,Married,White,Male,40,>50K
9174,18.0,Private,10,Single,White,Female,15,<=50K
9175,27.0,Private,7,Single,White,Female,45,<=50K
9176,20.0,Private,10,Single,White,Female,38,<=50K
9177,36.0,Private,11,Married,White,Male,40,>50K
9178,31.0,Unknown,13,Single,White,Male,40,<=50K
9179,32.0,Private,13,Married,White,Male,60,>50K
9180,54.0,Private,9,Married,White,Male,44,>50K
9181,34.0,Public,14,Married,White,Female,40,<=50K
9182,46.0,Private,10,Married,White,Male,48,>50K
9183,33.0,Private,7,Single,White,Male,30,<=50K
9184,32.0,Private,13,Married,White,Male,50,>50K
9185,42.0,Private,11,Single,White,Male,40,<=50K
9186,30.0,Private,9,Married,White,Male,50,<=50K
9187,37.0,Private,10,Married,White,Male,40,>50K
9188,28.0,Private,9,Married,White,Male,40,<=50K
9189,25.0,Private,13,Single,White,Male,35,<=50K
9190,44.0,Self-emp,10,Married,White,Male,40,>50K
9191,40.0,Private,9,Married,White,Male,40,<=50K
9192,36.0,Private,10,Married,White,Male,45,<=50K
9193,21.0,Private,10,Single,White,Male,40,<=50K
9194,39.0,Public,16,Married,White,Male,50,>50K
9195,24.0,Private,13,Single,White,Male,39,<=50K
9196,46.0,Private,9,Single,Amer-Indian,Male,40,<=50K
9197,47.0,Unknown,13,Married,White,Male,36,>50K
9198,47.0,Private,13,Married,White,Male,40,>50K
9199,35.0,Private,15,Married,White,Male,75,>50K
9200,60.0,Self-emp,4,Married,White,Male,40,>50K
9202,33.0,Private,9,Single,White,Female,40,<=50K
9203,21.0,Private,12,Single,White,Female,40,<=50K
9204,37.0,Private,13,Married,White,Male,50,>50K
9205,48.0,Public,9,Married,Black,Male,50,>50K
9206,58.0,Private,4,Married,White,Female,45,<=50K
9207,21.0,Private,9,Single,White,Female,40,<=50K
9208,22.0,Private,9,Single,White,Male,40,<=50K
9209,22.0,Private,9,Single,White,Female,40,<=50K
9210,28.0,Self-emp,14,Married,White,Female,30,>50K
9211,33.0,Unknown,11,Married,White,Female,50,>50K
9212,23.0,Public,9,Single,White,Male,40,<=50K
9213,58.0,Public,9,Married,Black,Male,40,>50K
9214,24.0,Unknown,13,Single,White,Male,40,<=50K
9215,38.0,Public,13,Married,Asian,Male,40,<=50K
9216,49.0,Private,9,Married,White,Male,15,<=50K
9217,47.0,Private,13,Married,White,Male,45,>50K
9218,50.0,Private,13,Married,White,Male,40,>50K
9219,21.0,Private,9,Single,White,Female,55,<=50K
9220,55.0,Private,9,Single,White,Female,40,<=50K
9221,47.0,Private,7,Single,White,Male,40,<=50K
9222,19.0,Private,9,Single,White,Female,40,<=50K
9223,47.0,Private,9,Single,White,Male,50,<=50K
9224,36.0,Private,7,Married,White,Male,40,<=50K
9225,28.0,Public,12,Married,White,Male,40,<=50K
9226,42.0,Private,9,Married,Amer-Indian,Female,40,<=50K
9227,41.0,Private,14,Single,White,Female,35,>50K
9229,32.0,Private,9,Married,White,Male,50,<=50K
9230,34.0,Private,6,Single,Black,Female,40,<=50K
9231,33.0,Private,4,Married,White,Male,40,<=50K
9232,60.0,Public,13,Married,White,Male,40,>50K
9233,53.0,Private,9,Married,White,Male,40,<=50K
9234,24.0,Private,13,Single,White,Female,50,<=50K
9235,39.0,Public,10,Married,White,Male,60,>50K
9236,23.0,Private,10,Single,White,Male,40,<=50K
9237,50.0,Private,13,Married,White,Male,50,>50K
9238,36.0,Public,9,Single,White,Female,40,<=50K
9239,19.0,Private,8,Single,White,Female,40,<=50K
9240,26.0,Private,9,Single,White,Female,40,<=50K
9241,38.0,Private,9,Married,Black,Male,40,>50K
9242,41.0,Private,13,Married,White,Male,55,>50K
9243,22.0,Private,10,Single,White,Female,18,<=50K
9244,38.0,Private,12,Single,Black,Female,50,>50K
9245,72.0,Unknown,10,Married,White,Male,30,>50K
9246,39.0,Private,9,Married,White,Male,40,<=50K
9247,35.0,Public,9,Married,White,Male,40,>50K
9248,38.0,Public,10,Single,Black,Female,45,<=50K
9249,19.0,Private,9,Married,Black,Female,16,<=50K
9250,26.0,Private,9,Single,White,Male,45,<=50K
9251,52.0,Private,13,Single,White,Male,25,<=50K
9252,41.0,Private,3,Married,Hispanic,Male,40,<=50K
9253,45.0,Private,9,Single,White,Female,40,<=50K
9254,58.0,Public,10,Married,White,Male,40,>50K
9255,34.0,Private,13,Single,White,Male,45,<=50K
9256,36.0,Private,9,Married,White,Male,40,<=50K
9257,19.0,Unknown,9,Single,White,Male,20,<=50K
9258,26.0,Public,7,Single,White,Female,40,<=50K
9259,60.0,Private,6,Married,White,Male,40,<=50K
9260,35.0,Self-emp,9,Married,White,Male,50,<=50K
9261,39.0,Private,6,Single,White,Female,60,<=50K
9262,27.0,Private,9,Single,White,Female,40,<=50K
9263,26.0,Public,14,Single,White,Male,40,<=50K
9264,17.0,Private,8,Single,White,Male,12,<=50K
9265,59.0,Self-emp,9,Married,White,Male,40,>50K
9266,53.0,Public,9,Married,Amer-Indian,Male,48,<=50K
9267,35.0,Private,7,Single,White,Male,40,<=50K
9268,34.0,Public,10,Married,White,Male,40,>50K
9269,36.0,Private,9,Married,White,Male,45,>50K
9270,36.0,Private,9,Married,White,Male,40,<=50K
9271,21.0,Private,9,Single,White,Male,40,<=50K
9272,29.0,Private,10,Single,White,Female,40,<=50K
9273,35.0,Private,13,Married,White,Male,50,>50K
9274,59.0,Self-emp,13,Married,White,Male,40,>50K
9275,22.0,Private,10,Single,White,Male,10,<=50K
9276,50.0,Public,14,Married,White,Male,50,<=50K
9277,24.0,Public,13,Single,Hispanic,Female,40,<=50K
9278,36.0,Private,13,Single,White,Female,40,<=50K
9279,31.0,Private,9,Married,White,Female,40,>50K
9280,42.0,Self-emp,10,Married,White,Male,40,<=50K
9281,38.0,Private,4,Single,White,Female,40,<=50K
9282,52.0,Private,9,Married,White,Male,40,<=50K
9283,46.0,Private,6,Single,White,Male,40,<=50K
9284,23.0,Private,10,Married,White,Male,60,<=50K
9285,54.0,Private,3,Married,White,Male,51,<=50K
9286,27.0,Private,9,Single,Black,Female,40,<=50K
9287,42.0,Private,13,Single,White,Female,50,<=50K
9289,19.0,Private,12,Single,White,Female,50,<=50K
9290,59.0,Private,7,Married,White,Female,28,<=50K
9291,54.0,Private,9,Married,White,Female,32,<=50K
9292,48.0,Private,4,Married,White,Male,55,<=50K
9293,19.0,Unknown,10,Single,White,Male,60,<=50K
9294,45.0,Private,9,Single,White,Female,40,<=50K
9295,36.0,Private,13,Single,White,Male,70,<=50K
9296,35.0,Self-emp,12,Married,White,Male,40,<=50K
9297,47.0,Private,10,Single,White,Female,36,<=50K
9298,33.0,Private,13,Single,White,Male,40,<=50K
9299,48.0,Self-emp,13,Married,White,Male,40,<=50K
9300,42.0,Private,9,Single,Black,Female,40,<=50K
9301,19.0,Private,10,Single,White,Male,24,<=50K
9302,64.0,Self-emp,13,Married,White,Male,40,<=50K
9303,51.0,Self-emp,13,Married,White,Male,8,<=50K
9304,20.0,Public,9,Single,White,Male,20,<=50K
9305,28.0,Private,9,Single,White,Male,40,<=50K
9306,52.0,Private,14,Married,White,Male,50,>50K
9307,29.0,Self-emp,10,Single,White,Male,45,<=50K
9308,51.0,Private,13,Single,White,Male,40,<=50K
9309,36.0,Private,9,Married,White,Male,60,<=50K
9310,43.0,Private,13,Married,White,Male,45,>50K
9311,52.0,Private,10,Married,White,Male,40,<=50K
9312,50.0,Private,9,Single,White,Male,40,>50K
9313,25.0,Private,10,Single,White,Male,30,<=50K
9314,36.0,Private,12,Single,Black,Female,40,<=50K
9315,44.0,Private,10,Married,White,Female,60,<=50K
9316,47.0,Private,6,Married,Black,Male,45,<=50K
9317,32.0,Private,9,Single,White,Male,40,<=50K
9318,37.0,Private,14,Single,Asian,Male,40,<=50K
9319,40.0,Private,9,Married,White,Male,40,<=50K
9320,34.0,Self-emp,9,Married,White,Male,60,<=50K
9321,35.0,Self-emp,10,Married,White,Male,50,>50K
9322,26.0,Private,10,Single,White,Male,3,<=50K
9323,49.0,Self-emp,13,Married,White,Male,50,<=50K
9324,63.0,Unknown,13,Married,White,Male,30,>50K
9325,46.0,Self-emp,13,Married,White,Male,25,<=50K
9326,31.0,Public,10,Single,Black,Male,40,<=50K
9327,22.0,Private,11,Single,White,Male,30,<=50K
9328,20.0,Private,10,Single,White,Female,12,<=50K
9329,52.0,Private,16,Single,White,Male,40,>50K
9330,26.0,Private,10,Single,Black,Female,40,<=50K
9331,34.0,Private,13,Married,White,Male,50,>50K
9332,31.0,Private,5,Single,White,Male,40,<=50K
9333,46.0,Private,9,Single,White,Female,30,<=50K
9334,22.0,Private,4,Married,White,Male,40,<=50K
9335,38.0,Private,11,Single,White,Male,40,<=50K
9336,35.0,Private,9,Married,White,Male,40,<=50K
9337,27.0,Public,10,Single,White,Male,40,<=50K
9338,27.0,Private,12,Married,White,Male,40,<=50K
9339,46.0,Private,10,Single,White,Female,40,<=50K
9340,40.0,Unknown,9,Single,White,Female,4,<=50K
9341,19.0,Private,10,Single,White,Male,10,<=50K
9342,69.0,Unknown,9,Married,White,Male,60,>50K
9343,20.0,Private,10,Single,White,Male,35,<=50K
9344,34.0,Public,13,Married,White,Male,60,<=50K
9345,49.0,Private,14,Married,White,Male,45,>50K
9346,27.0,Private,10,Married,Hispanic,Male,50,<=50K
9347,59.0,Private,10,Married,White,Female,14,>50K
9348,45.0,Private,13,Married,White,Male,60,>50K
9349,21.0,Private,10,Single,White,Female,15,<=50K
9350,51.0,Public,11,Single,White,Female,40,<=50K
9351,64.0,Unknown,7,Single,White,Male,40,<=50K
9352,41.0,Public,16,Married,White,Male,40,>50K
9353,18.0,Unknown,8,Single,Asian,Female,24,<=50K
9354,49.0,Private,14,Married,White,Male,40,<=50K
9355,51.0,Private,9,Single,Black,Male,40,<=50K
9356,20.0,Private,10,Single,White,Female,20,<=50K
9357,69.0,Self-emp,9,Married,White,Male,48,<=50K
9358,18.0,Unknown,9,Single,White,Female,35,<=50K
9359,43.0,Private,9,Married,White,Male,50,<=50K
9360,50.0,Private,9,Single,Black,Female,44,<=50K
9361,32.0,Private,9,Married,White,Male,40,<=50K
9362,27.0,Public,9,Single,White,Male,40,<=50K
9363,38.0,Private,9,Married,White,Male,40,<=50K
9364,62.0,Private,9,Married,White,Male,40,>50K
9365,46.0,Private,9,Single,White,Male,44,<=50K
9366,19.0,Private,10,Single,White,Female,40,<=50K
9367,17.0,Unknown,6,Single,White,Male,40,<=50K
9368,21.0,Private,9,Single,White,Female,40,<=50K
9369,36.0,Private,13,Single,White,Female,50,<=50K
9370,36.0,Private,8,Single,White,Male,40,<=50K
9371,23.0,Private,9,Single,Asian,Male,40,<=50K
9372,58.0,Private,13,Married,White,Male,40,>50K
9373,40.0,Private,13,Married,White,Male,45,<=50K
9374,64.0,Private,10,Married,White,Female,35,<=50K
9375,66.0,Private,7,Married,White,Male,20,<=50K
9376,42.0,Private,9,Married,White,Male,40,<=50K
9377,55.0,Private,10,Married,White,Female,40,<=50K
9378,53.0,Private,10,Married,White,Male,40,>50K
9379,25.0,Private,9,Married,White,Male,40,<=50K
9380,39.0,Private,10,Single,Black,Female,40,<=50K
9381,20.0,Private,9,Single,White,Male,40,<=50K
9382,32.0,Private,9,Married,White,Male,54,<=50K
9383,28.0,Private,13,Single,White,Male,65,<=50K
9384,23.0,Public,12,Single,White,Female,40,<=50K
9385,18.0,Private,9,Single,White,Male,25,<=50K
9386,43.0,Self-emp,9,Married,White,Male,35,>50K
9387,29.0,Private,9,Married,White,Male,40,<=50K
9388,32.0,Private,10,Married,White,Male,46,<=50K
9389,31.0,Public,9,Single,White,Male,40,<=50K
9390,60.0,Private,3,Married,White,Male,40,<=50K
9391,42.0,Private,10,Married,White,Male,50,<=50K
9392,46.0,Private,14,Married,White,Male,50,>50K
9393,38.0,Private,9,Married,White,Male,40,>50K
9394,18.0,Private,7,Single,White,Female,19,<=50K
9395,31.0,Private,9,Single,White,Female,40,<=50K
9396,54.0,Private,9,Married,White,Male,55,<=50K
9397,46.0,Private,10,Married,White,Male,50,<=50K
9398,27.0,Self-emp,9,Single,White,Male,80,<=50K
9399,50.0,Public,13,Married,White,Male,45,>50K
9400,38.0,Self-emp,4,Married,White,Male,56,<=50K
9401,36.0,Public,14,Single,White,Female,40,<=50K
9402,25.0,Private,9,Single,White,Male,40,<=50K
9403,19.0,Private,9,Single,White,Male,25,<=50K
9404,60.0,Public,10,Married,Asian,Male,60,<=50K
9405,45.0,Public,5,Single,White,Male,40,<=50K
9406,21.0,Private,10,Single,White,Male,16,<=50K
9407,42.0,Private,9,Single,White,Male,46,<=50K
9408,38.0,Private,9,Married,White,Male,50,<=50K
9409,22.0,Unknown,10,Single,White,Male,40,<=50K
9410,19.0,Private,9,Single,Black,Male,32,<=50K
9411,23.0,Private,10,Single,White,Male,40,<=50K
9412,24.0,Private,10,Single,White,Female,30,<=50K
9413,30.0,Private,12,Single,White,Male,52,<=50K
9414,62.0,Private,10,Married,White,Male,40,<=50K
9415,26.0,Self-emp,15,Single,White,Male,20,<=50K
9416,42.0,Public,13,Married,White,Male,52,>50K
9417,33.0,Private,9,Married,White,Male,40,<=50K
9418,54.0,Self-emp,16,Married,White,Male,50,>50K
9419,35.0,Private,13,Single,White,Female,32,<=50K
9420,33.0,Private,9,Single,White,Male,40,<=50K
9421,45.0,Private,9,Single,White,Female,55,<=50K
9422,62.0,Private,13,Married,White,Female,30,>50K
9423,24.0,Private,9,Single,White,Male,40,<=50K
9424,50.0,Public,10,Single,Black,Female,40,<=50K
9425,54.0,Private,13,Married,White,Male,40,>50K
9426,58.0,Private,4,Single,White,Male,40,<=50K
9427,39.0,Self-emp,9,Married,White,Male,50,<=50K
9428,32.0,Private,9,Single,White,Male,40,<=50K
9429,27.0,Private,13,Married,White,Male,40,<=50K
9430,27.0,Private,9,Married,White,Male,35,<=50K
9431,20.0,Private,10,Single,White,Male,60,<=50K
9432,64.0,Private,4,Married,White,Male,40,<=50K
9433,55.0,Self-emp,14,Married,White,Female,40,<=50K
9434,46.0,Private,9,Single,White,Female,43,<=50K
9435,45.0,Private,10,Married,White,Male,55,<=50K
9436,26.0,Private,9,Single,White,Male,40,<=50K
9437,36.0,Private,9,Married,White,Male,40,<=50K
9438,25.0,Private,13,Single,White,Female,40,<=50K
9439,58.0,Private,6,Married,White,Male,40,>50K
9440,39.0,Self-emp,13,Married,White,Male,45,<=50K
9441,47.0,Private,9,Married,Asian,Female,45,<=50K
9442,35.0,Private,14,Married,White,Male,48,<=50K
9443,38.0,Private,9,Married,White,Male,40,<=50K
9444,50.0,Private,7,Married,White,Male,40,<=50K
9445,36.0,Private,9,Single,White,Female,38,<=50K
9446,28.0,Private,3,Single,White,Male,40,<=50K
9447,44.0,Self-emp,9,Married,White,Female,45,<=50K
9448,40.0,Private,9,Single,White,Female,40,<=50K
9449,55.0,Private,10,Married,White,Male,40,>50K
9450,29.0,Self-emp,9,Single,White,Male,45,<=50K
9451,33.0,Private,9,Married,White,Male,45,<=50K
9452,19.0,Unknown,10,Single,White,Female,30,<=50K
9453,32.0,Private,13,Married,White,Male,40,>50K
9454,45.0,Public,14,Married,Black,Male,10,>50K
9455,23.0,Private,9,Single,White,Male,25,<=50K
9456,31.0,Private,11,Single,Black,Male,40,<=50K
9457,22.0,Private,10,Single,Asian,Female,40,<=50K
9458,59.0,Private,9,Single,Black,Male,40,<=50K
9459,32.0,Private,10,Single,White,Male,38,<=50K
9460,49.0,Public,10,Single,White,Female,40,<=50K
9461,22.0,Private,10,Single,White,Male,30,<=50K
9462,26.0,Private,10,Single,White,Male,30,<=50K
9463,23.0,Public,10,Married,Asian,Male,40,<=50K
9464,55.0,Self-emp,10,Married,White,Female,50,<=50K
9466,44.0,Private,9,Married,White,Male,40,<=50K
9467,27.0,Private,10,Single,White,Male,24,<=50K
9468,40.0,Public,14,Married,White,Female,37,>50K
9469,32.0,Self-emp,13,Married,White,Female,8,>50K
9470,20.0,Private,10,Single,Asian,Male,40,<=50K
9471,84.0,Public,9,Married,White,Female,33,<=50K
9473,37.0,Private,13,Single,White,Female,40,<=50K
9474,44.0,Private,10,Single,White,Male,40,<=50K
9475,47.0,Private,10,Single,White,Female,40,<=50K
9476,62.0,Self-emp,10,Married,White,Male,25,<=50K
9477,19.0,Unknown,10,Single,White,Female,40,<=50K
9478,47.0,Private,9,Single,White,Male,45,<=50K
9479,44.0,Public,9,Single,Black,Male,40,<=50K
9480,26.0,Public,13,Married,White,Male,41,<=50K
9481,36.0,Private,10,Married,White,Male,40,<=50K
9482,52.0,Private,7,Married,White,Male,40,<=50K
9483,33.0,Private,10,Single,White,Female,40,<=50K
9484,48.0,Unknown,9,Married,White,Male,40,<=50K
9485,33.0,Private,9,Married,Black,Male,40,<=50K
9486,25.0,Private,13,Married,White,Male,20,<=50K
9487,62.0,Private,13,Married,White,Male,40,<=50K
9488,38.0,Private,10,Married,White,Male,40,<=50K
9489,46.0,Private,9,Married,White,Male,65,<=50K
9490,18.0,Unknown,10,Single,White,Female,40,<=50K
9491,46.0,Private,13,Married,White,Male,44,>50K
9492,38.0,Private,9,Single,White,Female,70,<=50K
9493,52.0,Private,10,Married,White,Male,40,>50K
9494,63.0,Self-emp,4,Married,White,Male,15,<=50K
9495,49.0,Private,10,Married,White,Male,43,<=50K
9496,17.0,Public,7,Single,White,Female,12,<=50K
9497,33.0,Private,9,Single,White,Female,35,<=50K
9498,70.0,Self-emp,9,Married,White,Female,20,<=50K
9499,19.0,Private,10,Single,White,Female,15,<=50K
9500,27.0,Unknown,9,Married,White,Female,40,>50K
9501,61.0,Private,10,Married,White,Male,40,<=50K
9502,33.0,Private,13,Married,White,Male,25,>50K
9503,46.0,Self-emp,13,Married,White,Male,42,>50K
9504,29.0,Private,6,Single,White,Female,40,<=50K
9505,40.0,Public,10,Single,White,Male,40,<=50K
9506,43.0,Public,9,Married,White,Male,38,>50K
9507,24.0,Private,9,Single,White,Male,40,<=50K
9508,29.0,Private,10,Married,White,Male,60,<=50K
9509,61.0,Self-emp,9,Married,Black,Female,17,<=50K
9510,48.0,Private,7,Single,White,Female,34,<=50K
9511,19.0,Private,10,Single,White,Male,20,<=50K
9512,30.0,Private,10,Single,White,Female,40,<=50K
9513,24.0,Private,10,Single,White,Male,30,<=50K
9514,39.0,Public,14,Single,White,Female,43,<=50K
9515,46.0,Self-emp,10,Single,White,Female,60,<=50K
9516,40.0,Private,9,Married,White,Male,72,>50K
9517,27.0,Public,13,Single,White,Female,40,<=50K
9518,25.0,Private,14,Single,White,Female,40,<=50K
9519,31.0,Private,7,Single,White,Male,40,<=50K
9520,58.0,Private,13,Single,White,Male,45,<=50K
9521,33.0,Private,9,Married,White,Female,42,>50K
9522,40.0,Private,9,Married,White,Female,25,<=50K
9523,40.0,Self-emp,14,Married,White,Male,70,>50K
9524,31.0,Private,9,Married,White,Male,40,<=50K
9525,33.0,Private,9,Single,Asian,Female,48,<=50K
9526,49.0,Private,12,Married,White,Male,45,<=50K
9527,24.0,Private,11,Single,White,Male,40,<=50K
9528,46.0,Private,9,Single,White,Male,40,<=50K
9529,58.0,Public,14,Married,White,Male,40,>50K
9530,20.0,Private,10,Single,White,Female,20,<=50K
9531,65.0,Unknown,9,Married,White,Male,40,<=50K
9532,43.0,Private,10,Married,White,Female,40,<=50K
9533,48.0,Self-emp,14,Married,Asian,Male,50,<=50K
9534,41.0,Private,10,Married,White,Male,54,<=50K
9535,27.0,Public,10,Single,White,Female,30,<=50K
9536,52.0,Unknown,10,Married,White,Male,12,<=50K
9537,26.0,Private,9,Single,Asian,Male,60,<=50K
9538,52.0,Public,9,Married,White,Male,40,<=50K
9539,52.0,Public,10,Single,White,Female,38,<=50K
9540,19.0,Private,9,Single,Black,Male,30,<=50K
9541,39.0,Public,10,Single,White,Female,45,<=50K
9542,47.0,Private,10,Single,White,Female,40,<=50K
9543,27.0,Private,9,Single,Hispanic,Male,40,<=50K
9544,48.0,Private,10,Single,White,Male,40,<=50K
9545,50.0,Private,9,Single,White,Female,35,<=50K
9546,60.0,Private,10,Married,White,Male,60,<=50K
9547,28.0,Private,12,Married,White,Male,45,>50K
9548,47.0,Public,9,Single,Black,Female,40,<=50K
9549,69.0,Unknown,13,Married,White,Male,20,<=50K
9550,40.0,Self-emp,9,Married,Asian,Male,66,<=50K
9551,37.0,Private,9,Single,White,Female,40,<=50K
9552,41.0,Public,14,Single,White,Male,40,<=50K
9553,38.0,Private,9,Married,Asian,Male,48,<=50K
9554,46.0,Public,11,Single,Hispanic,Female,30,<=50K
9555,21.0,Self-emp,10,Single,White,Male,30,<=50K
9556,44.0,Private,14,Single,White,Female,48,<=50K
9557,38.0,Unknown,6,Single,White,Male,35,<=50K
9558,47.0,Self-emp,10,Married,White,Female,35,>50K
9559,42.0,Private,16,Married,White,Male,60,>50K
9560,42.0,Public,10,Single,White,Male,40,<=50K
9561,56.0,Private,13,Single,White,Female,45,>50K
9562,32.0,Private,13,Single,White,Male,40,<=50K
9563,24.0,Private,13,Married,White,Male,33,<=50K
9564,26.0,Private,10,Married,White,Male,40,<=50K
9565,36.0,Self-emp,13,Single,Black,Female,50,<=50K
9566,49.0,Private,7,Single,White,Male,60,<=50K
9567,65.0,Private,9,Married,White,Male,40,>50K
9568,73.0,Public,4,Single,Asian,Female,40,<=50K
9569,34.0,Private,7,Married,White,Male,40,<=50K
9570,22.0,Private,13,Single,White,Female,40,<=50K
9571,49.0,Public,10,Single,White,Female,30,<=50K
9572,25.0,Private,7,Single,Black,Female,32,<=50K
9573,39.0,Private,5,Married,White,Male,25,<=50K
9574,19.0,Private,7,Single,White,Male,56,<=50K
9575,24.0,Private,6,Married,White,Female,40,<=50K
9576,34.0,Private,9,Single,White,Female,35,<=50K
9577,35.0,Unknown,9,Married,White,Female,38,<=50K
9578,21.0,Private,9,Single,White,Male,40,<=50K
9579,43.0,Private,14,Single,White,Female,40,<=50K
9580,35.0,Public,13,Single,Asian,Male,28,<=50K
9581,39.0,Private,10,Single,Black,Female,40,<=50K
9582,48.0,Unknown,13,Married,White,Male,80,>50K
9583,33.0,Self-emp,12,Single,Black,Male,32,<=50K
9584,19.0,Private,10,Single,White,Female,26,<=50K
9585,17.0,Private,6,Single,White,Female,12,<=50K
9586,43.0,Self-emp,10,Married,White,Male,50,<=50K
9587,62.0,Private,9,Married,White,Female,42,<=50K
9588,53.0,Public,14,Single,Black,Female,40,>50K
9589,45.0,Public,14,Married,White,Male,60,>50K
9590,47.0,Private,9,Single,Black,Female,40,<=50K
9591,30.0,Private,10,Single,Black,Female,40,<=50K
9592,53.0,Private,9,Single,White,Female,33,<=50K
9593,24.0,Private,9,Single,Black,Female,40,<=50K
9594,41.0,Public,10,Married,White,Male,40,<=50K
9595,58.0,Public,3,Single,Black,Female,40,<=50K
9596,27.0,Public,9,Single,White,Male,50,<=50K
9597,63.0,Public,9,Single,White,Female,38,<=50K
9598,50.0,Private,10,Single,White,Male,28,<=50K
9599,43.0,Public,14,Single,Black,Female,47,>50K
9600,29.0,Self-emp,10,Single,White,Male,60,<=50K
9601,41.0,Private,10,Married,White,Male,40,<=50K
9602,55.0,Private,9,Married,White,Male,40,<=50K
9603,36.0,Private,9,Single,White,Male,45,<=50K
9604,23.0,Public,9,Single,White,Male,40,<=50K
9605,22.0,Private,13,Single,White,Male,55,>50K
9606,58.0,Self-emp,10,Single,White,Male,45,<=50K
9607,25.0,Private,7,Single,Black,Female,40,<=50K
9608,40.0,Private,9,Married,White,Female,30,<=50K
9609,38.0,Private,11,Single,White,Female,39,<=50K
9610,37.0,Private,13,Married,White,Male,40,>50K
9611,19.0,Private,10,Single,White,Female,35,<=50K
9612,55.0,Private,6,Single,White,Male,29,<=50K
9613,55.0,Private,13,Married,White,Male,50,>50K
9614,28.0,Private,13,Single,White,Male,45,<=50K
9615,53.0,Private,9,Married,White,Male,40,<=50K
9616,32.0,Unknown,9,Married,White,Male,40,<=50K
9617,60.0,Private,10,Single,White,Male,42,<=50K
9618,32.0,Private,10,Single,White,Female,38,<=50K
9619,34.0,Private,9,Married,White,Male,50,<=50K
9620,49.0,Private,10,Single,White,Male,45,>50K
9621,21.0,Private,10,Single,White,Female,30,<=50K
9622,24.0,Public,13,Single,Black,Female,20,<=50K
9623,53.0,Private,11,Single,Black,Female,40,<=50K
9624,29.0,Private,11,Married,White,Male,40,<=50K
9625,34.0,Public,13,Married,White,Female,40,<=50K
9626,52.0,Unknown,15,Married,Asian,Female,40,<=50K
9627,41.0,Private,3,Married,White,Female,40,<=50K
9628,21.0,Private,9,Single,White,Female,40,<=50K
9629,43.0,Private,14,Married,White,Male,35,>50K
9630,31.0,Public,9,Single,White,Male,40,<=50K
9631,38.0,Private,9,Married,White,Male,40,<=50K
9632,42.0,Private,13,Married,White,Male,60,>50K
9633,62.0,Private,13,Single,White,Male,30,<=50K
9634,51.0,Private,4,Married,Amer-Indian,Female,40,<=50K
9635,30.0,Private,9,Single,Black,Female,25,<=50K
9636,24.0,Private,13,Married,White,Male,40,<=50K
9637,36.0,Private,9,Single,White,Male,40,<=50K
9638,57.0,Private,6,Married,White,Male,40,<=50K
9639,46.0,Private,13,Married,White,Male,55,>50K
9640,33.0,Private,16,Married,White,Male,40,<=50K
9641,42.0,Private,10,Single,White,Male,45,<=50K
9642,62.0,Private,9,Married,White,Male,40,<=50K
9643,64.0,Self-emp,10,Married,White,Male,20,<=50K
9644,18.0,Private,10,Single,White,Female,25,<=50K
9645,43.0,Private,3,Married,White,Male,35,<=50K
9646,62.0,Self-emp,4,Married,White,Female,66,<=50K
9647,29.0,Private,12,Married,White,Male,50,<=50K
9648,43.0,Private,13,Married,Black,Male,40,>50K
9649,39.0,Private,9,Married,White,Male,40,>50K
9650,69.0,Unknown,13,Married,White,Male,40,<=50K
9651,34.0,Private,13,Married,White,Female,40,<=50K
9652,44.0,Private,12,Married,White,Male,45,>50K
9653,25.0,Private,13,Single,White,Male,30,<=50K
9654,47.0,Public,10,Single,White,Male,40,<=50K
9655,17.0,Private,6,Single,White,Male,8,<=50K
9656,41.0,Public,13,Single,White,Male,65,<=50K
9657,19.0,Private,10,Single,White,Male,20,<=50K
9658,57.0,Private,2,Married,Hispanic,Male,40,<=50K
9659,25.0,Private,9,Single,Black,Male,35,<=50K
9660,37.0,Public,10,Married,White,Male,40,>50K
9661,29.0,Private,11,Married,White,Male,40,<=50K
9662,32.0,Private,10,Single,White,Male,35,<=50K
9663,35.0,Private,15,Married,White,Male,45,>50K
9664,52.0,Private,8,Single,White,Male,40,<=50K
9665,41.0,Private,9,Single,White,Female,40,<=50K
9666,29.0,Private,9,Married,White,Female,38,<=50K
9667,23.0,Private,14,Single,White,Female,36,<=50K
9668,31.0,Private,7,Married,White,Male,40,<=50K
9669,40.0,Private,9,Married,White,Male,50,<=50K
9670,19.0,Private,9,Single,White,Female,20,<=50K
9671,21.0,Private,10,Single,White,Male,10,<=50K
9672,37.0,Public,13,Single,White,Female,40,>50K
9673,49.0,Self-emp,15,Married,White,Male,35,>50K
9674,64.0,Public,9,Married,White,Female,35,<=50K
9675,37.0,Public,11,Single,White,Female,43,<=50K
9676,70.0,Self-emp,13,Married,White,Male,12,>50K
9677,22.0,Private,6,Single,Asian,Male,30,<=50K
9678,29.0,Self-emp,9,Married,Asian,Male,40,<=50K
9679,37.0,Private,9,Married,White,Male,40,<=50K
9680,29.0,Private,13,Single,White,Male,40,<=50K
9681,38.0,Private,7,Single,White,Male,65,<=50K
9682,27.0,Private,9,Single,White,Male,50,<=50K
9683,58.0,Public,13,Married,White,Male,35,>50K
9684,60.0,Public,10,Married,White,Female,35,<=50K
9685,20.0,Private,10,Single,White,Male,25,<=50K
9686,51.0,Private,10,Married,White,Male,40,>50K
9687,37.0,Private,5,Married,White,Male,65,<=50K
9688,22.0,Public,8,Single,White,Male,50,>50K
9689,56.0,Self-emp,6,Married,White,Male,60,<=50K
9690,26.0,Private,13,Married,White,Female,42,>50K
9691,19.0,Private,10,Single,White,Female,25,<=50K
9692,37.0,Private,11,Married,White,Female,30,<=50K
9693,27.0,Private,10,Single,White,Female,40,<=50K
9694,27.0,Private,9,Single,Amer-Indian,Male,20,<=50K
9695,52.0,Self-emp,10,Married,White,Male,50,<=50K
9696,45.0,Private,9,Single,Black,Female,40,<=50K
9697,28.0,Private,10,Single,Amer-Indian,Male,40,<=50K
9698,20.0,Private,9,Single,White,Female,40,<=50K
9699,28.0,Private,14,Single,White,Female,50,<=50K
9700,44.0,Private,11,Married,Black,Male,40,<=50K
9701,30.0,Private,13,Married,White,Male,40,<=50K
9702,26.0,Public,12,Single,Black,Female,8,<=50K
9703,55.0,Unknown,14,Married,White,Male,18,<=50K
9704,46.0,Private,9,Single,White,Female,40,<=50K
9705,51.0,Private,13,Married,White,Male,50,<=50K
9706,25.0,Public,13,Single,White,Female,40,<=50K
9707,43.0,Public,9,Single,White,Male,40,<=50K
9708,19.0,Unknown,9,Single,White,Female,28,<=50K
9709,36.0,Private,9,Single,White,Male,40,<=50K
9710,36.0,Private,10,Single,White,Male,40,<=50K
9711,48.0,Private,13,Single,Asian,Female,40,<=50K
9712,30.0,Unknown,7,Single,White,Male,40,<=50K
9713,24.0,Private,13,Married,White,Male,44,>50K
9714,30.0,Private,9,Single,White,Female,36,<=50K
9715,24.0,Private,13,Married,White,Female,45,>50K
9716,62.0,Private,13,Married,White,Male,40,<=50K
9717,41.0,Self-emp,9,Single,White,Male,40,<=50K
9718,49.0,Self-emp,15,Married,White,Male,85,>50K
9719,36.0,Self-emp,9,Married,White,Male,50,<=50K
9720,47.0,Public,14,Single,White,Female,45,<=50K
9721,49.0,Public,14,Single,White,Female,40,<=50K
9722,52.0,Private,10,Single,White,Male,40,<=50K
9723,52.0,Private,12,Married,White,Male,40,>50K
9724,26.0,Private,9,Single,White,Male,53,<=50K
9725,51.0,Public,9,Single,White,Male,40,<=50K
9726,18.0,Private,6,Single,White,Male,20,<=50K
9727,30.0,Private,9,Single,White,Male,40,<=50K
9728,46.0,Private,9,Single,White,Male,20,<=50K
9729,28.0,Private,9,Single,Black,Female,40,<=50K
9730,48.0,Self-emp,13,Married,White,Male,50,>50K
9731,62.0,Private,10,Married,White,Female,38,>50K
9732,49.0,Private,13,Married,White,Male,44,<=50K
9733,69.0,Private,9,Married,White,Female,24,<=50K
9734,35.0,Private,13,Single,White,Male,45,>50K
9735,78.0,Private,14,Married,Asian,Male,40,<=50K
9736,61.0,Private,10,Married,White,Male,45,>50K
9737,24.0,Private,13,Single,White,Female,40,<=50K
9738,29.0,Private,10,Single,White,Female,40,<=50K
9739,36.0,Self-emp,13,Married,Hispanic,Male,45,<=50K
9740,17.0,Private,6,Single,White,Male,40,<=50K
9741,27.0,Private,9,Married,Black,Male,80,>50K
9742,64.0,Private,9,Married,White,Male,40,<=50K
9743,33.0,Self-emp,9,Single,White,Male,55,<=50K
9744,32.0,Private,8,Married,White,Male,40,<=50K
9745,19.0,Private,10,Single,White,Female,20,<=50K
9746,42.0,Public,7,Married,White,Male,40,<=50K
9747,24.0,Private,13,Single,White,Female,15,<=50K
9748,23.0,Private,9,Single,Black,Male,45,<=50K
9749,51.0,Public,15,Single,White,Male,40,<=50K
9750,31.0,Private,13,Single,White,Male,60,<=50K
9751,44.0,Private,15,Married,White,Male,29,>50K
9752,38.0,Private,14,Single,White,Female,50,>50K
9753,44.0,Public,12,Single,White,Female,56,>50K
9754,44.0,Self-emp,3,Married,White,Male,40,<=50K
9755,38.0,Private,9,Married,White,Male,44,<=50K
9756,36.0,Private,5,Single,White,Female,40,<=50K
9757,29.0,Private,2,Single,White,Male,20,<=50K
9758,46.0,Private,12,Single,White,Female,25,<=50K
9759,47.0,Private,9,Married,White,Male,40,<=50K
9760,30.0,Private,9,Married,White,Male,40,>50K
9761,37.0,Public,9,Married,White,Male,35,>50K
9762,27.0,Private,13,Single,White,Male,45,<=50K
9763,43.0,Private,9,Single,White,Female,50,<=50K
9764,44.0,Self-emp,15,Married,White,Male,40,>50K
9765,31.0,Private,10,Single,White,Male,60,<=50K
9766,34.0,Private,13,Married,White,Male,45,>50K
9767,39.0,Private,13,Single,White,Male,40,<=50K
9768,36.0,Private,10,Single,White,Female,40,<=50K
9769,57.0,Private,13,Married,White,Male,40,>50K
9770,78.0,Private,4,Single,White,Female,35,<=50K
9771,24.0,Private,10,Married,White,Male,40,<=50K
9772,39.0,Private,10,Single,White,Female,40,<=50K
9773,21.0,Private,12,Single,White,Male,40,<=50K
9774,34.0,Private,9,Single,White,Male,40,>50K
9775,22.0,Private,10,Single,White,Female,32,<=50K
9776,36.0,Private,10,Single,White,Female,40,<=50K
9777,61.0,Private,10,Married,White,Male,40,>50K
9778,67.0,Unknown,5,Married,White,Male,15,<=50K
9779,42.0,Private,10,Single,Black,Female,21,<=50K
9780,49.0,Public,11,Married,Asian,Male,40,>50K
9781,58.0,Private,11,Married,White,Male,40,<=50K
9782,37.0,Public,10,Married,White,Male,60,<=50K
9783,39.0,Private,9,Single,White,Male,44,<=50K
9784,25.0,Private,10,Single,Black,Female,40,<=50K
9785,45.0,Self-emp,3,Married,White,Male,40,>50K
9786,30.0,Private,13,Married,White,Male,40,<=50K
9787,49.0,Unknown,10,Single,White,Male,35,<=50K
9788,36.0,Self-emp,9,Married,White,Male,40,<=50K
9789,23.0,Private,9,Single,White,Male,65,<=50K
9790,51.0,Private,10,Married,Black,Female,35,<=50K
9791,55.0,Private,9,Married,White,Male,60,<=50K
9792,35.0,Private,13,Single,White,Male,50,<=50K
9793,45.0,Public,14,Married,White,Male,40,<=50K
9794,36.0,Private,13,Married,White,Male,48,>50K
9795,32.0,Public,9,Married,White,Male,40,<=50K
9796,39.0,Private,9,Married,White,Male,55,<=50K
9797,47.0,Self-emp,10,Married,White,Male,40,<=50K
9798,49.0,Private,10,Married,White,Male,45,>50K
9799,52.0,Private,10,Married,White,Male,55,>50K
9800,44.0,Private,10,Single,Black,Male,40,<=50K
9801,36.0,Private,10,Married,White,Male,50,>50K
9802,40.0,Private,10,Single,Black,Female,30,<=50K
9803,17.0,Private,6,Single,White,Female,6,<=50K
9804,18.0,Private,9,Single,White,Female,38,<=50K
9805,30.0,Self-emp,10,Married,White,Female,25,<=50K
9806,66.0,Private,9,Married,White,Female,50,<=50K
9807,59.0,Private,13,Single,White,Male,50,<=50K
9808,30.0,Public,9,Married,Black,Male,40,<=50K
9809,50.0,Private,9,Married,White,Male,50,<=50K
9810,24.0,Private,9,Single,White,Female,25,<=50K
9811,28.0,Private,15,Married,Asian,Male,99,<=50K
9812,44.0,Public,14,Married,White,Female,40,>50K
9813,25.0,Private,11,Single,White,Male,40,<=50K
9814,45.0,Private,14,Married,White,Male,50,>50K
9815,20.0,Private,9,Single,White,Male,40,<=50K
9816,67.0,Private,11,Single,White,Female,40,<=50K
9817,40.0,Self-emp,15,Married,White,Male,45,>50K
9818,52.0,Public,9,Married,White,Male,40,<=50K
9819,34.0,Private,16,Single,White,Male,50,>50K
9820,37.0,Public,12,Married,White,Male,45,>50K
9821,17.0,Self-emp,6,Single,White,Male,4,<=50K
9822,25.0,Private,11,Married,White,Female,42,>50K
9823,35.0,Public,13,Single,White,Male,40,<=50K
9824,63.0,Private,14,Single,White,Female,40,>50K
9825,38.0,Public,10,Single,Amer-Indian,Female,40,<=50K
9826,33.0,Private,13,Married,White,Male,60,>50K
9827,51.0,Public,14,Married,White,Female,40,>50K
9828,64.0,Public,16,Married,White,Male,50,>50K
9829,50.0,Self-emp,10,Single,White,Male,40,<=50K
9830,18.0,Private,6,Single,White,Male,56,<=50K
9831,67.0,Private,14,Single,White,Male,99,<=50K
9832,46.0,Private,9,Married,White,Male,40,<=50K
9833,60.0,Self-emp,13,Married,White,Male,50,<=50K
9834,29.0,Private,9,Single,White,Female,40,<=50K
9835,30.0,Private,10,Single,Black,Female,40,<=50K
9836,56.0,Public,16,Married,Asian,Male,40,<=50K
9837,29.0,Private,9,Married,White,Female,40,>50K
9838,37.0,Private,13,Single,Black,Female,27,<=50K
9839,55.0,Private,2,Single,White,Female,30,<=50K
9840,24.0,Private,9,Single,White,Female,30,<=50K
9841,21.0,Private,9,Single,White,Male,35,<=50K
9842,46.0,Self-emp,13,Married,White,Male,70,>50K
9843,25.0,Private,8,Married,Hispanic,Male,40,<=50K
9844,40.0,Private,9,Single,White,Male,28,<=50K
9845,23.0,Private,10,Single,White,Female,40,<=50K
9846,43.0,Self-emp,10,Single,Black,Male,30,<=50K
9847,29.0,Self-emp,10,Married,Amer-Indian,Male,60,>50K
9848,59.0,Private,6,Married,Asian,Female,40,<=50K
9849,18.0,Private,10,Single,Black,Male,35,<=50K
9850,28.0,Private,9,Single,White,Male,32,<=50K
9851,17.0,Private,7,Single,White,Female,15,<=50K
9852,53.0,Private,9,Married,White,Male,40,>50K
9853,22.0,Private,3,Single,White,Female,40,<=50K
9854,63.0,Private,9,Married,White,Male,40,<=50K
9855,32.0,Private,14,Married,White,Female,45,>50K
9856,40.0,Public,9,Single,Black,Female,35,<=50K
9857,61.0,Self-emp,15,Married,White,Male,50,>50K
9858,35.0,Private,9,Single,White,Male,40,<=50K
9859,43.0,Self-emp,13,Married,Asian,Male,50,<=50K
9860,20.0,Unknown,10,Single,Asian,Female,40,<=50K
9861,48.0,Self-emp,10,Single,White,Male,40,<=50K
9862,56.0,Public,13,Married,White,Female,40,<=50K
9863,51.0,Public,9,Married,White,Male,40,<=50K
9864,34.0,Private,10,Single,White,Male,40,<=50K
9865,44.0,Private,10,Married,Asian,Male,40,>50K
9866,61.0,Private,14,Married,White,Male,40,>50K
9867,37.0,Private,10,Married,White,Male,44,>50K
9868,36.0,Private,13,Married,White,Male,40,>50K
9869,34.0,Private,10,Single,Hispanic,Male,40,<=50K
9870,23.0,Private,10,Single,White,Female,25,<=50K
9871,63.0,Public,14,Single,White,Male,40,>50K
9872,63.0,Unknown,9,Married,Black,Female,11,<=50K
9873,47.0,Public,14,Married,White,Male,41,>50K
9874,55.0,Self-emp,9,Single,White,Female,50,>50K
9875,31.0,Public,13,Single,Black,Male,48,<=50K
9876,27.0,Private,10,Single,White,Male,40,<=50K
9877,58.0,Private,13,Single,White,Female,40,>50K
9878,28.0,Public,10,Married,White,Male,48,<=50K
9879,52.0,Private,4,Single,White,Female,64,<=50K
9880,31.0,Public,9,Married,Black,Male,50,<=50K
9881,53.0,Private,10,Single,White,Female,38,<=50K
9882,43.0,Private,10,Single,White,Female,50,<=50K
9883,43.0,Public,9,Married,Black,Male,40,<=50K
9884,50.0,Self-emp,14,Single,White,Male,80,>50K
9885,68.0,Unknown,9,Married,White,Male,35,<=50K
9886,37.0,Private,7,Married,White,Male,40,<=50K
9887,26.0,Private,9,Single,White,Male,40,<=50K
9888,22.0,Private,7,Single,White,Female,40,<=50K
9889,22.0,Private,10,Married,White,Male,55,<=50K
9890,59.0,Private,10,Married,White,Male,50,>50K
9891,30.0,Private,10,Married,White,Male,40,<=50K
9892,24.0,Private,9,Single,White,Female,55,<=50K
9893,30.0,Private,9,Married,White,Male,40,<=50K
9894,50.0,Public,13,Single,White,Male,40,>50K
9895,38.0,Private,8,Married,White,Male,40,<=50K
9896,29.0,Private,9,Married,White,Male,40,<=50K
9897,76.0,Private,9,Married,White,Male,24,<=50K
9898,21.0,Private,11,Single,White,Male,40,<=50K
9899,65.0,Private,10,Married,White,Female,24,<=50K
9900,43.0,Private,9,Married,White,Male,45,>50K
9901,29.0,Private,13,Married,White,Female,24,<=50K
9902,32.0,Private,13,Single,White,Male,45,<=50K
9903,37.0,Private,12,Married,White,Male,65,>50K
9904,64.0,Private,9,Married,White,Male,16,<=50K
9905,49.0,Private,10,Married,White,Male,40,>50K
9906,44.0,Private,13,Married,White,Male,40,>50K
9907,68.0,Unknown,9,Married,White,Male,15,<=50K
9908,34.0,Private,13,Married,White,Male,40,>50K
9909,35.0,Private,10,Married,White,Male,36,<=50K
9910,53.0,Private,10,Single,White,Female,43,<=50K
9911,24.0,Private,11,Single,Asian,Male,50,<=50K
9912,31.0,Private,10,Single,White,Female,40,<=50K
9913,25.0,Private,10,Married,White,Male,38,<=50K
9914,36.0,Private,9,Married,White,Male,45,<=50K
9915,29.0,Private,10,Single,White,Male,60,<=50K
9916,37.0,Private,9,Married,White,Male,50,>50K
9917,42.0,Self-emp,16,Single,White,Female,45,<=50K
9918,30.0,Private,9,Single,White,Female,40,<=50K
9919,32.0,Self-emp,10,Single,White,Male,70,<=50K
9920,47.0,Self-emp,13,Single,Black,Male,45,>50K
9921,44.0,Private,9,Single,White,Male,40,>50K
9922,19.0,Private,9,Single,White,Male,40,<=50K
9923,22.0,Private,9,Married,White,Male,48,<=50K
9924,51.0,Private,5,Married,White,Male,50,>50K
9925,69.0,Private,9,Married,White,Male,16,<=50K
9926,73.0,Unknown,7,Married,White,Male,8,<=50K
9927,18.0,Unknown,7,Single,White,Female,20,<=50K
9928,33.0,Self-emp,9,Single,White,Male,40,<=50K
9929,22.0,Public,10,Single,White,Female,55,<=50K
9930,33.0,Private,13,Single,White,Female,45,>50K
9931,20.0,Public,10,Single,White,Female,40,<=50K
9932,28.0,Self-emp,10,Married,White,Male,40,<=50K
9933,25.0,Private,9,Single,White,Female,40,<=50K
9934,27.0,Private,9,Single,White,Male,48,<=50K
9935,22.0,Private,9,Single,White,Male,40,<=50K
9937,31.0,Self-emp,9,Married,White,Male,40,<=50K
9938,36.0,Unknown,10,Single,White,Female,25,<=50K
9939,43.0,Public,15,Married,Asian,Male,50,>50K
9940,33.0,Private,13,Single,White,Female,40,<=50K
9941,37.0,Self-emp,9,Married,White,Female,35,>50K
9942,27.0,Private,9,Married,Black,Male,60,<=50K
9943,36.0,Private,10,Single,White,Male,40,<=50K
9945,63.0,Private,13,Married,White,Male,40,>50K
9946,48.0,Private,13,Single,White,Female,56,>50K
9947,25.0,Private,9,Single,White,Male,45,<=50K
9948,41.0,Self-emp,9,Married,White,Male,10,<=50K
9949,26.0,Private,9,Single,White,Male,40,<=50K
9950,23.0,Private,10,Single,Black,Female,40,<=50K
9951,33.0,Public,9,Single,Black,Female,40,<=50K
9952,30.0,Public,14,Married,Asian,Male,17,<=50K
9953,67.0,Self-emp,9,Married,White,Female,20,<=50K
9954,32.0,Private,9,Married,White,Male,55,>50K
9955,48.0,Self-emp,9,Single,White,Male,60,>50K
9956,51.0,Private,9,Married,White,Female,24,<=50K
9957,39.0,Private,14,Single,Asian,Male,40,<=50K
9958,40.0,Self-emp,13,Married,White,Male,60,<=50K
9959,40.0,Private,9,Married,Black,Male,40,>50K
9960,19.0,Private,9,Single,White,Male,40,<=50K
9961,28.0,Private,9,Single,White,Female,36,<=50K
9962,47.0,Private,13,Married,White,Male,60,>50K
9963,20.0,Private,10,Single,White,Female,20,<=50K
9964,41.0,Private,9,Married,White,Male,40,<=50K
9967,61.0,Private,9,Married,White,Female,40,<=50K
9968,25.0,Private,7,Single,White,Male,40,<=50K
9969,26.0,Private,9,Married,White,Male,40,<=50K
9970,43.0,Private,13,Single,White,Female,40,<=50K
9971,17.0,Private,4,Single,White,Male,45,<=50K
9972,43.0,Public,14,Single,Black,Female,40,>50K
9973,73.0,Private,9,Married,White,Male,40,<=50K
9974,46.0,Public,10,Single,White,Female,40,<=50K
9975,19.0,Private,10,Single,White,Male,20,<=50K
9976,37.0,Private,9,Single,White,Male,40,<=50K
9977,26.0,Private,10,Married,White,Male,40,<=50K
9978,47.0,Private,9,Single,White,Male,40,<=50K
9979,47.0,Public,14,Single,White,Male,40,<=50K
9980,29.0,Private,13,Single,White,Male,40,<=50K
9981,29.0,Private,9,Single,White,Female,40,<=50K
9982,33.0,Private,13,Married,White,Male,55,<=50K
9983,20.0,Private,9,Single,White,Male,40,<=50K
9984,28.0,Private,6,Married,Hispanic,Female,48,<=50K
9985,26.0,Private,13,Single,White,Male,45,<=50K
9986,41.0,Public,14,Married,White,Male,40,<=50K
9987,67.0,Unknown,4,Married,White,Male,40,<=50K
9988,43.0,Private,13,Married,White,Male,50,<=50K
9989,35.0,Private,5,Married,White,Male,46,<=50K
9990,18.0,Private,8,Single,White,Female,25,<=50K
9991,55.0,Public,10,Single,White,Male,40,<=50K
9992,44.0,Private,9,Single,Black,Female,40,<=50K
9994,34.0,Self-emp,11,Married,White,Male,75,<=50K
9995,38.0,Private,10,Married,White,Male,60,>50K
9996,25.0,Private,9,Single,White,Female,8,<=50K
9997,21.0,Private,10,Single,Black,Male,40,<=50K
9999,39.0,Private,10,Single,White,Female,40,<=50K
